Rust Build & Test	Set up job	﻿2026-04-30T14:19:40.4300078Z Current runner version: '2.334.0'
Rust Build & Test	Set up job	2026-04-30T14:19:40.4333811Z ##[group]Runner Image Provisioner
Rust Build & Test	Set up job	2026-04-30T14:19:40.4335075Z Hosted Compute Agent
Rust Build & Test	Set up job	2026-04-30T14:19:40.4335888Z Version: 20260213.493
Rust Build & Test	Set up job	2026-04-30T14:19:40.4336765Z Commit: 5c115507f6dd24b8de37d8bbe0bb4509d0cc0fa3
Rust Build & Test	Set up job	2026-04-30T14:19:40.4338159Z Build Date: 2026-02-13T00:28:41Z
Rust Build & Test	Set up job	2026-04-30T14:19:40.4339184Z Worker ID: {990b461f-94ab-4b17-9275-fa913092d650}
Rust Build & Test	Set up job	2026-04-30T14:19:40.4340236Z Azure Region: westcentralus
Rust Build & Test	Set up job	2026-04-30T14:19:40.4341167Z ##[endgroup]
Rust Build & Test	Set up job	2026-04-30T14:19:40.4343299Z ##[group]Operating System
Rust Build & Test	Set up job	2026-04-30T14:19:40.4344227Z Ubuntu
Rust Build & Test	Set up job	2026-04-30T14:19:40.4344974Z 24.04.4
Rust Build & Test	Set up job	2026-04-30T14:19:40.4345703Z LTS
Rust Build & Test	Set up job	2026-04-30T14:19:40.4346342Z ##[endgroup]
Rust Build & Test	Set up job	2026-04-30T14:19:40.4347172Z ##[group]Runner Image
Rust Build & Test	Set up job	2026-04-30T14:19:40.4348224Z Image: ubuntu-24.04
Rust Build & Test	Set up job	2026-04-30T14:19:40.4349000Z Version: 20260413.86.1
Rust Build & Test	Set up job	2026-04-30T14:19:40.4350643Z Included Software: https://github.com/actions/runner-images/blob/ubuntu24/20260413.86/images/ubuntu/Ubuntu2404-Readme.md
Rust Build & Test	Set up job	2026-04-30T14:19:40.4353180Z Image Release: https://github.com/actions/runner-images/releases/tag/ubuntu24%2F20260413.86
Rust Build & Test	Set up job	2026-04-30T14:19:40.4354668Z ##[endgroup]
Rust Build & Test	Set up job	2026-04-30T14:19:40.4356355Z ##[group]GITHUB_TOKEN Permissions
Rust Build & Test	Set up job	2026-04-30T14:19:40.4359198Z Contents: read
Rust Build & Test	Set up job	2026-04-30T14:19:40.4360167Z Metadata: read
Rust Build & Test	Set up job	2026-04-30T14:19:40.4360803Z Packages: read
Rust Build & Test	Set up job	2026-04-30T14:19:40.4361425Z ##[endgroup]
Rust Build & Test	Set up job	2026-04-30T14:19:40.4364232Z Secret source: Actions
Rust Build & Test	Set up job	2026-04-30T14:19:40.4365280Z Prepare workflow directory
Rust Build & Test	Set up job	2026-04-30T14:19:40.5003181Z Prepare all required actions
Rust Build & Test	Set up job	2026-04-30T14:19:40.5077456Z Getting action download info
Rust Build & Test	Set up job	2026-04-30T14:19:41.1882262Z Download action repository 'actions/checkout@v4' (SHA:34e114876b0b11c390a56381ad16ebd13914f8d5)
Rust Build & Test	Set up job	2026-04-30T14:19:41.2799976Z Download action repository 'dtolnay/rust-toolchain@stable' (SHA:29eef336d9b2848a0b548edc03f92a220660cdb8)
Rust Build & Test	Set up job	2026-04-30T14:19:41.7349207Z Download action repository 'actions/cache@v4' (SHA:0057852bfaa89a56745cba8c7296529d2fc39830)
Rust Build & Test	Set up job	2026-04-30T14:19:41.9538453Z Complete job name: Rust Build & Test
Rust Build & Test	Run actions/checkout@v4	﻿2026-04-30T14:19:42.0319816Z ##[group]Run actions/checkout@v4
Rust Build & Test	Run actions/checkout@v4	2026-04-30T14:19:42.0320589Z with:
Rust Build & Test	Run actions/checkout@v4	2026-04-30T14:19:42.0321012Z   repository: echo-layer/vtuber-image
Rust Build & Test	Run actions/checkout@v4	2026-04-30T14:19:42.0321742Z   token: ***
Rust Build & Test	Run actions/checkout@v4	2026-04-30T14:19:42.0322106Z   ssh-strict: true
Rust Build & Test	Run actions/checkout@v4	2026-04-30T14:19:42.0322499Z   ssh-user: git
Rust Build & Test	Run actions/checkout@v4	2026-04-30T14:19:42.0322892Z   persist-credentials: true
Rust Build & Test	Run actions/checkout@v4	2026-04-30T14:19:42.0323337Z   clean: true
Rust Build & Test	Run actions/checkout@v4	2026-04-30T14:19:42.0323724Z   sparse-checkout-cone-mode: true
Rust Build & Test	Run actions/checkout@v4	2026-04-30T14:19:42.0324199Z   fetch-depth: 1
Rust Build & Test	Run actions/checkout@v4	2026-04-30T14:19:42.0324572Z   fetch-tags: false
Rust Build & Test	Run actions/checkout@v4	2026-04-30T14:19:42.0324988Z   show-progress: true
Rust Build & Test	Run actions/checkout@v4	2026-04-30T14:19:42.0325383Z   lfs: false
Rust Build & Test	Run actions/checkout@v4	2026-04-30T14:19:42.0325750Z   submodules: false
Rust Build & Test	Run actions/checkout@v4	2026-04-30T14:19:42.0326158Z   set-safe-directory: true
Rust Build & Test	Run actions/checkout@v4	2026-04-30T14:19:42.0326764Z ##[endgroup]
Rust Build & Test	Run actions/checkout@v4	2026-04-30T14:19:42.1481556Z Syncing repository: echo-layer/vtuber-image
Rust Build & Test	Run actions/checkout@v4	2026-04-30T14:19:42.1485339Z ##[group]Getting Git version info
Rust Build & Test	Run actions/checkout@v4	2026-04-30T14:19:42.1487974Z Working directory is '/home/runner/work/vtuber-image/vtuber-image'
Rust Build & Test	Run actions/checkout@v4	2026-04-30T14:19:42.1490047Z [command]/usr/bin/git version
Rust Build & Test	Run actions/checkout@v4	2026-04-30T14:19:42.1534646Z git version 2.53.0
Rust Build & Test	Run actions/checkout@v4	2026-04-30T14:19:42.1559575Z ##[endgroup]
Rust Build & Test	Run actions/checkout@v4	2026-04-30T14:19:42.1575299Z Temporarily overriding HOME='/home/runner/work/_temp/336a0c3d-ce45-4741-9278-589548bd8c66' before making global git config changes
Rust Build & Test	Run actions/checkout@v4	2026-04-30T14:19:42.1578727Z Adding repository directory to the temporary git global config as a safe directory
Rust Build & Test	Run actions/checkout@v4	2026-04-30T14:19:42.1583280Z [command]/usr/bin/git config --global --add safe.directory /home/runner/work/vtuber-image/vtuber-image
Rust Build & Test	Run actions/checkout@v4	2026-04-30T14:19:42.1614840Z Deleting the contents of '/home/runner/work/vtuber-image/vtuber-image'
Rust Build & Test	Run actions/checkout@v4	2026-04-30T14:19:42.1619347Z ##[group]Initializing the repository
Rust Build & Test	Run actions/checkout@v4	2026-04-30T14:19:42.1624187Z [command]/usr/bin/git init /home/runner/work/vtuber-image/vtuber-image
Rust Build & Test	Run actions/checkout@v4	2026-04-30T14:19:42.1714154Z hint: Using 'master' as the name for the initial branch. This default branch name
Rust Build & Test	Run actions/checkout@v4	2026-04-30T14:19:42.1716083Z hint: will change to "main" in Git 3.0. To configure the initial branch name
Rust Build & Test	Run actions/checkout@v4	2026-04-30T14:19:42.1718555Z hint: to use in all of your new repositories, which will suppress this warning,
Rust Build & Test	Run actions/checkout@v4	2026-04-30T14:19:42.1719982Z hint: call:
Rust Build & Test	Run actions/checkout@v4	2026-04-30T14:19:42.1720777Z hint:
Rust Build & Test	Run actions/checkout@v4	2026-04-30T14:19:42.1721742Z hint: 	git config --global init.defaultBranch <name>
Rust Build & Test	Run actions/checkout@v4	2026-04-30T14:19:42.1722841Z hint:
Rust Build & Test	Run actions/checkout@v4	2026-04-30T14:19:42.1723845Z hint: Names commonly chosen instead of 'master' are 'main', 'trunk' and
Rust Build & Test	Run actions/checkout@v4	2026-04-30T14:19:42.1725469Z hint: 'development'. The just-created branch can be renamed via this command:
Rust Build & Test	Run actions/checkout@v4	2026-04-30T14:19:42.1726685Z hint:
Rust Build & Test	Run actions/checkout@v4	2026-04-30T14:19:42.1727448Z hint: 	git branch -m <name>
Rust Build & Test	Run actions/checkout@v4	2026-04-30T14:19:42.1728535Z hint:
Rust Build & Test	Run actions/checkout@v4	2026-04-30T14:19:42.1729628Z hint: Disable this message with "git config set advice.defaultBranchName false"
Rust Build & Test	Run actions/checkout@v4	2026-04-30T14:19:42.1731585Z Initialized empty Git repository in /home/runner/work/vtuber-image/vtuber-image/.git/
Rust Build & Test	Run actions/checkout@v4	2026-04-30T14:19:42.1734679Z [command]/usr/bin/git remote add origin https://github.com/echo-layer/vtuber-image
Rust Build & Test	Run actions/checkout@v4	2026-04-30T14:19:42.1761921Z ##[endgroup]
Rust Build & Test	Run actions/checkout@v4	2026-04-30T14:19:42.1763822Z ##[group]Disabling automatic garbage collection
Rust Build & Test	Run actions/checkout@v4	2026-04-30T14:19:42.1767155Z [command]/usr/bin/git config --local gc.auto 0
Rust Build & Test	Run actions/checkout@v4	2026-04-30T14:19:42.1794465Z ##[endgroup]
Rust Build & Test	Run actions/checkout@v4	2026-04-30T14:19:42.1795732Z ##[group]Setting up auth
Rust Build & Test	Run actions/checkout@v4	2026-04-30T14:19:42.1802191Z [command]/usr/bin/git config --local --name-only --get-regexp core\.sshCommand
Rust Build & Test	Run actions/checkout@v4	2026-04-30T14:19:42.1830879Z [command]/usr/bin/git submodule foreach --recursive sh -c "git config --local --name-only --get-regexp 'core\.sshCommand' && git config --local --unset-all 'core.sshCommand' || :"
Rust Build & Test	Run actions/checkout@v4	2026-04-30T14:19:42.2084590Z [command]/usr/bin/git config --local --name-only --get-regexp http\.https\:\/\/github\.com\/\.extraheader
Rust Build & Test	Run actions/checkout@v4	2026-04-30T14:19:42.2114491Z [command]/usr/bin/git submodule foreach --recursive sh -c "git config --local --name-only --get-regexp 'http\.https\:\/\/github\.com\/\.extraheader' && git config --local --unset-all 'http.https://github.com/.extraheader' || :"
Rust Build & Test	Run actions/checkout@v4	2026-04-30T14:19:42.2301357Z [command]/usr/bin/git config --local --name-only --get-regexp ^includeIf\.gitdir:
Rust Build & Test	Run actions/checkout@v4	2026-04-30T14:19:42.2333311Z [command]/usr/bin/git submodule foreach --recursive git config --local --show-origin --name-only --get-regexp remote.origin.url
Rust Build & Test	Run actions/checkout@v4	2026-04-30T14:19:42.2520803Z [command]/usr/bin/git config --local http.https://github.com/.extraheader AUTHORIZATION: basic ***
Rust Build & Test	Run actions/checkout@v4	2026-04-30T14:19:42.2552715Z ##[endgroup]
Rust Build & Test	Run actions/checkout@v4	2026-04-30T14:19:42.2554799Z ##[group]Fetching the repository
Rust Build & Test	Run actions/checkout@v4	2026-04-30T14:19:42.2564191Z [command]/usr/bin/git -c protocol.version=2 fetch --no-tags --prune --no-recurse-submodules --depth=1 origin +6ec10343f27d82b4244a6bdb4dafdbbfe078590e:refs/remotes/pull/1/merge
Rust Build & Test	Run actions/checkout@v4	2026-04-30T14:19:42.7512194Z From https://github.com/echo-layer/vtuber-image
Rust Build & Test	Run actions/checkout@v4	2026-04-30T14:19:42.7525355Z  * [new ref]         6ec10343f27d82b4244a6bdb4dafdbbfe078590e -> pull/1/merge
Rust Build & Test	Run actions/checkout@v4	2026-04-30T14:19:42.7532012Z ##[endgroup]
Rust Build & Test	Run actions/checkout@v4	2026-04-30T14:19:42.7534680Z ##[group]Determining the checkout info
Rust Build & Test	Run actions/checkout@v4	2026-04-30T14:19:42.7537384Z ##[endgroup]
Rust Build & Test	Run actions/checkout@v4	2026-04-30T14:19:42.7539534Z [command]/usr/bin/git sparse-checkout disable
Rust Build & Test	Run actions/checkout@v4	2026-04-30T14:19:42.7545028Z [command]/usr/bin/git config --local --unset-all extensions.worktreeConfig
Rust Build & Test	Run actions/checkout@v4	2026-04-30T14:19:42.7551928Z ##[group]Checking out the ref
Rust Build & Test	Run actions/checkout@v4	2026-04-30T14:19:42.7555858Z [command]/usr/bin/git checkout --progress --force refs/remotes/pull/1/merge
Rust Build & Test	Run actions/checkout@v4	2026-04-30T14:19:42.7558329Z Note: switching to 'refs/remotes/pull/1/merge'.
Rust Build & Test	Run actions/checkout@v4	2026-04-30T14:19:42.7559486Z 
Rust Build & Test	Run actions/checkout@v4	2026-04-30T14:19:42.7560704Z You are in 'detached HEAD' state. You can look around, make experimental
Rust Build & Test	Run actions/checkout@v4	2026-04-30T14:19:42.7563410Z changes and commit them, and you can discard any commits you make in this
Rust Build & Test	Run actions/checkout@v4	2026-04-30T14:19:42.7566148Z state without impacting any branches by switching back to a branch.
Rust Build & Test	Run actions/checkout@v4	2026-04-30T14:19:42.7567956Z 
Rust Build & Test	Run actions/checkout@v4	2026-04-30T14:19:42.7569111Z If you want to create a new branch to retain commits you create, you may
Rust Build & Test	Run actions/checkout@v4	2026-04-30T14:19:42.7571765Z do so (now or later) by using -c with the switch command. Example:
Rust Build & Test	Run actions/checkout@v4	2026-04-30T14:19:42.7573342Z 
Rust Build & Test	Run actions/checkout@v4	2026-04-30T14:19:42.7574231Z   git switch -c <new-branch-name>
Rust Build & Test	Run actions/checkout@v4	2026-04-30T14:19:42.7575114Z 
Rust Build & Test	Run actions/checkout@v4	2026-04-30T14:19:42.7575663Z Or undo this operation with:
Rust Build & Test	Run actions/checkout@v4	2026-04-30T14:19:42.7576676Z 
Rust Build & Test	Run actions/checkout@v4	2026-04-30T14:19:42.7577157Z   git switch -
Rust Build & Test	Run actions/checkout@v4	2026-04-30T14:19:42.7578073Z 
Rust Build & Test	Run actions/checkout@v4	2026-04-30T14:19:42.7579435Z Turn off this advice by setting config variable advice.detachedHead to false
Rust Build & Test	Run actions/checkout@v4	2026-04-30T14:19:42.7581465Z 
Rust Build & Test	Run actions/checkout@v4	2026-04-30T14:19:42.7583883Z HEAD is now at 6ec1034 Merge dab39a5ac56bec32f9592e07879e589a80d5ab5e into cdf28f205ce0adfe00bd7355be100fbe8371f70b
Rust Build & Test	Run actions/checkout@v4	2026-04-30T14:19:42.7592500Z ##[endgroup]
Rust Build & Test	Run actions/checkout@v4	2026-04-30T14:19:42.7607397Z [command]/usr/bin/git log -1 --format=%H
Rust Build & Test	Run actions/checkout@v4	2026-04-30T14:19:42.7628800Z 6ec10343f27d82b4244a6bdb4dafdbbfe078590e
Rust Build & Test	Skip if no Cargo.toml	﻿2026-04-30T14:19:42.7852661Z ##[group]Run if [ ! -f Cargo.toml ]; then
Rust Build & Test	Skip if no Cargo.toml	2026-04-30T14:19:42.7854018Z ^[[36;1mif [ ! -f Cargo.toml ]; then^[[0m
Rust Build & Test	Skip if no Cargo.toml	2026-04-30T14:19:42.7855497Z ^[[36;1m  echo "::notice::No Cargo.toml yet; skipping Rust build/test."^[[0m
Rust Build & Test	Skip if no Cargo.toml	2026-04-30T14:19:42.7857068Z ^[[36;1m  echo "skip=true" >> $GITHUB_OUTPUT^[[0m
Rust Build & Test	Skip if no Cargo.toml	2026-04-30T14:19:42.7858370Z ^[[36;1melse^[[0m
Rust Build & Test	Skip if no Cargo.toml	2026-04-30T14:19:42.7859286Z ^[[36;1m  echo "skip=false" >> $GITHUB_OUTPUT^[[0m
Rust Build & Test	Skip if no Cargo.toml	2026-04-30T14:19:42.7860432Z ^[[36;1mfi^[[0m
Rust Build & Test	Skip if no Cargo.toml	2026-04-30T14:19:42.7879316Z shell: /usr/bin/bash -e {0}
Rust Build & Test	Skip if no Cargo.toml	2026-04-30T14:19:42.7880337Z ##[endgroup]
Rust Build & Test	Setup Rust	﻿2026-04-30T14:19:42.8702192Z ##[group]Run dtolnay/rust-toolchain@stable
Rust Build & Test	Setup Rust	2026-04-30T14:19:42.8703214Z with:
Rust Build & Test	Setup Rust	2026-04-30T14:19:42.8703880Z   toolchain: stable
Rust Build & Test	Setup Rust	2026-04-30T14:19:42.8704575Z ##[endgroup]
Rust Build & Test	Setup Rust	2026-04-30T14:19:42.8860596Z ##[group]Run : parse toolchain version
Rust Build & Test	Setup Rust	2026-04-30T14:19:42.8861663Z ^[[36;1m: parse toolchain version^[[0m
Rust Build & Test	Setup Rust	2026-04-30T14:19:42.8862584Z ^[[36;1mif [[ -z $toolchain ]]; then^[[0m
Rust Build & Test	Setup Rust	2026-04-30T14:19:42.8864230Z ^[[36;1m  # GitHub does not enforce `required: true` inputs itself. https://github.com/actions/runner/issues/1070^[[0m
Rust Build & Test	Setup Rust	2026-04-30T14:19:42.8865984Z ^[[36;1m  echo "'toolchain' is a required input" >&2^[[0m
Rust Build & Test	Setup Rust	2026-04-30T14:19:42.8866976Z ^[[36;1m  exit 1^[[0m
Rust Build & Test	Setup Rust	2026-04-30T14:19:42.8868369Z ^[[36;1melif [[ $toolchain =~ ^stable' '[0-9]+' '(year|month|week|day)s?' 'ago$ ]]; then^[[0m
Rust Build & Test	Setup Rust	2026-04-30T14:19:42.8869725Z ^[[36;1m  if [[ Linux == macOS ]]; then^[[0m
Rust Build & Test	Setup Rust	2026-04-30T14:19:42.8871391Z ^[[36;1m    echo "toolchain=1.$((($(date -v-$(sed 's/stable \([0-9]*\) \(.\).*/\1\2/' <<< $toolchain) +%s)/60/60/24-16569)/7/6))" >> $GITHUB_OUTPUT^[[0m
Rust Build & Test	Setup Rust	2026-04-30T14:19:42.8873084Z ^[[36;1m  else^[[0m
Rust Build & Test	Setup Rust	2026-04-30T14:19:42.8874380Z ^[[36;1m    echo "toolchain=1.$((($(date --date "${toolchain#stable }" +%s)/60/60/24-16569)/7/6))" >> $GITHUB_OUTPUT^[[0m
Rust Build & Test	Setup Rust	2026-04-30T14:19:42.8875856Z ^[[36;1m  fi^[[0m
Rust Build & Test	Setup Rust	2026-04-30T14:19:42.8876828Z ^[[36;1melif [[ $toolchain =~ ^stable' 'minus' '[0-9]+' 'releases?$ ]]; then^[[0m
Rust Build & Test	Setup Rust	2026-04-30T14:19:42.8878731Z ^[[36;1m  echo "toolchain=1.$((($(date +%s)/60/60/24-16569)/7/6-${toolchain//[^0-9]/}))" >> $GITHUB_OUTPUT^[[0m
Rust Build & Test	Setup Rust	2026-04-30T14:19:42.8880222Z ^[[36;1melif [[ $toolchain =~ ^1\.[0-9]+$ ]]; then^[[0m
Rust Build & Test	Setup Rust	2026-04-30T14:19:42.8881914Z ^[[36;1m  echo "toolchain=1.$((i=${toolchain#1.}, c=($(date +%s)/60/60/24-16569)/7/6, i+9*i*(10*i<=c)+90*i*(100*i<=c)))" >> $GITHUB_OUTPUT^[[0m
Rust Build & Test	Setup Rust	2026-04-30T14:19:42.8883527Z ^[[36;1melse^[[0m
Rust Build & Test	Setup Rust	2026-04-30T14:19:42.8884341Z ^[[36;1m  echo "toolchain=$toolchain" >> $GITHUB_OUTPUT^[[0m
Rust Build & Test	Setup Rust	2026-04-30T14:19:42.8885331Z ^[[36;1mfi^[[0m
Rust Build & Test	Setup Rust	2026-04-30T14:19:42.8901690Z shell: /usr/bin/bash --noprofile --norc -e -o pipefail {0}
Rust Build & Test	Setup Rust	2026-04-30T14:19:42.8902807Z env:
Rust Build & Test	Setup Rust	2026-04-30T14:19:42.8903426Z   toolchain: stable
Rust Build & Test	Setup Rust	2026-04-30T14:19:42.8904118Z ##[endgroup]
Rust Build & Test	Setup Rust	2026-04-30T14:19:42.9023071Z ##[group]Run : construct rustup command line
Rust Build & Test	Setup Rust	2026-04-30T14:19:42.9024147Z ^[[36;1m: construct rustup command line^[[0m
Rust Build & Test	Setup Rust	2026-04-30T14:19:42.9025592Z ^[[36;1mecho "targets=$(for t in ${targets//,/ }; do echo -n ' --target' $t; done)" >> $GITHUB_OUTPUT^[[0m
Rust Build & Test	Setup Rust	2026-04-30T14:19:42.9027741Z ^[[36;1mecho "components=$(for c in ${components//,/ }; do echo -n ' --component' $c; done)" >> $GITHUB_OUTPUT^[[0m
Rust Build & Test	Setup Rust	2026-04-30T14:19:42.9029355Z ^[[36;1mecho "downgrade=" >> $GITHUB_OUTPUT^[[0m
Rust Build & Test	Setup Rust	2026-04-30T14:19:42.9044294Z shell: /usr/bin/bash --noprofile --norc -e -o pipefail {0}
Rust Build & Test	Setup Rust	2026-04-30T14:19:42.9045510Z env:
Rust Build & Test	Setup Rust	2026-04-30T14:19:42.9046196Z   targets: 
Rust Build & Test	Setup Rust	2026-04-30T14:19:42.9046843Z   components: 
Rust Build & Test	Setup Rust	2026-04-30T14:19:42.9047501Z ##[endgroup]
Rust Build & Test	Setup Rust	2026-04-30T14:19:42.9151606Z ##[group]Run : set $CARGO_HOME
Rust Build & Test	Setup Rust	2026-04-30T14:19:42.9152552Z ^[[36;1m: set $CARGO_HOME^[[0m
Rust Build & Test	Setup Rust	2026-04-30T14:19:42.9153628Z ^[[36;1mecho CARGO_HOME=${CARGO_HOME:-"$HOME/.cargo"} >> $GITHUB_ENV^[[0m
Rust Build & Test	Setup Rust	2026-04-30T14:19:42.9168689Z shell: /usr/bin/bash --noprofile --norc -e -o pipefail {0}
Rust Build & Test	Setup Rust	2026-04-30T14:19:42.9169808Z ##[endgroup]
Rust Build & Test	Setup Rust	2026-04-30T14:19:42.9270376Z ##[group]Run : install rustup if needed
Rust Build & Test	Setup Rust	2026-04-30T14:19:42.9271369Z ^[[36;1m: install rustup if needed^[[0m
Rust Build & Test	Setup Rust	2026-04-30T14:19:42.9272353Z ^[[36;1mif ! command -v rustup &>/dev/null; then^[[0m
Rust Build & Test	Setup Rust	2026-04-30T14:19:42.9274660Z ^[[36;1m  curl --proto '=https' --tlsv1.2 --retry 10 --retry-connrefused --location --silent --show-error --fail https://sh.rustup.rs | sh -s -- --default-toolchain none -y^[[0m
Rust Build & Test	Setup Rust	2026-04-30T14:19:42.9276945Z ^[[36;1m  echo "$CARGO_HOME/bin" >> $GITHUB_PATH^[[0m
Rust Build & Test	Setup Rust	2026-04-30T14:19:42.9277969Z ^[[36;1mfi^[[0m
Rust Build & Test	Setup Rust	2026-04-30T14:19:42.9292242Z shell: /usr/bin/bash --noprofile --norc -e -o pipefail {0}
Rust Build & Test	Setup Rust	2026-04-30T14:19:42.9293301Z env:
Rust Build & Test	Setup Rust	2026-04-30T14:19:42.9293970Z   CARGO_HOME: /home/runner/.cargo
Rust Build & Test	Setup Rust	2026-04-30T14:19:42.9294806Z ##[endgroup]
Rust Build & Test	Setup Rust	2026-04-30T14:19:42.9403141Z ##[group]Run rustup toolchain install stable --profile minimal --no-self-update
Rust Build & Test	Setup Rust	2026-04-30T14:19:42.9405060Z ^[[36;1mrustup toolchain install stable --profile minimal --no-self-update^[[0m
Rust Build & Test	Setup Rust	2026-04-30T14:19:42.9420772Z shell: /usr/bin/bash --noprofile --norc -e -o pipefail {0}
Rust Build & Test	Setup Rust	2026-04-30T14:19:42.9421811Z env:
Rust Build & Test	Setup Rust	2026-04-30T14:19:42.9422463Z   CARGO_HOME: /home/runner/.cargo
Rust Build & Test	Setup Rust	2026-04-30T14:19:42.9423306Z   RUSTUP_PERMIT_COPY_RENAME: 1
Rust Build & Test	Setup Rust	2026-04-30T14:19:42.9424104Z ##[endgroup]
Rust Build & Test	Setup Rust	2026-04-30T14:19:43.4024911Z info: syncing channel updates for stable-x86_64-unknown-linux-gnu
Rust Build & Test	Setup Rust	2026-04-30T14:19:43.7741453Z info: latest update on 2026-04-16 for version 1.95.0 (59807616e 2026-04-14)
Rust Build & Test	Setup Rust	2026-04-30T14:19:43.7982417Z info: removing previous version of component clippy
Rust Build & Test	Setup Rust	2026-04-30T14:19:43.8176114Z info: removing previous version of component rustfmt
Rust Build & Test	Setup Rust	2026-04-30T14:19:43.8190802Z info: removing previous version of component cargo
Rust Build & Test	Setup Rust	2026-04-30T14:19:43.8288134Z info: removing previous version of component rust-std
Rust Build & Test	Setup Rust	2026-04-30T14:19:43.8379316Z info: removing previous version of component rustc
Rust Build & Test	Setup Rust	2026-04-30T14:19:43.8427543Z info: downloading 5 components
Rust Build & Test	Setup Rust	2026-04-30T14:19:53.2908390Z 
Rust Build & Test	Setup Rust	2026-04-30T14:19:53.2986634Z   stable-x86_64-unknown-linux-gnu updated - rustc 1.95.0 (59807616e 2026-04-14) (from rustc 1.94.1 (e408947bf 2026-03-25))
Rust Build & Test	Setup Rust	2026-04-30T14:19:53.2988011Z 
Rust Build & Test	Setup Rust	2026-04-30T14:19:53.3043599Z ##[group]Run rustup default stable
Rust Build & Test	Setup Rust	2026-04-30T14:19:53.3043917Z ^[[36;1mrustup default stable^[[0m
Rust Build & Test	Setup Rust	2026-04-30T14:19:53.3056614Z shell: /usr/bin/bash --noprofile --norc -e -o pipefail {0}
Rust Build & Test	Setup Rust	2026-04-30T14:19:53.3056932Z env:
Rust Build & Test	Setup Rust	2026-04-30T14:19:53.3057149Z   CARGO_HOME: /home/runner/.cargo
Rust Build & Test	Setup Rust	2026-04-30T14:19:53.3057398Z ##[endgroup]
Rust Build & Test	Setup Rust	2026-04-30T14:19:53.3134863Z info: using existing install for stable-x86_64-unknown-linux-gnu
Rust Build & Test	Setup Rust	2026-04-30T14:19:53.3148569Z info: default toolchain set to stable-x86_64-unknown-linux-gnu
Rust Build & Test	Setup Rust	2026-04-30T14:19:53.3149064Z 
Rust Build & Test	Setup Rust	2026-04-30T14:19:53.3218985Z   stable-x86_64-unknown-linux-gnu unchanged - rustc 1.95.0 (59807616e 2026-04-14)
Rust Build & Test	Setup Rust	2026-04-30T14:19:53.3223077Z 
Rust Build & Test	Setup Rust	2026-04-30T14:19:53.3249267Z ##[group]Run : create cachekey
Rust Build & Test	Setup Rust	2026-04-30T14:19:53.3249550Z ^[[36;1m: create cachekey^[[0m
Rust Build & Test	Setup Rust	2026-04-30T14:19:53.3250025Z ^[[36;1mDATE=$(rustc +stable --version --verbose | sed -ne 's/^commit-date: \(20[0-9][0-9]\)-\([01][0-9]\)-\([0-3][0-9]\)$/\1\2\3/p')^[[0m
Rust Build & Test	Setup Rust	2026-04-30T14:19:53.3250632Z ^[[36;1mHASH=$(rustc +stable --version --verbose | sed -ne 's/^commit-hash: //p')^[[0m
Rust Build & Test	Setup Rust	2026-04-30T14:19:53.3251088Z ^[[36;1mecho "cachekey=$(echo $DATE$HASH | head -c12)" >> $GITHUB_OUTPUT^[[0m
Rust Build & Test	Setup Rust	2026-04-30T14:19:53.3263560Z shell: /usr/bin/bash --noprofile --norc -e -o pipefail {0}
Rust Build & Test	Setup Rust	2026-04-30T14:19:53.3263874Z env:
Rust Build & Test	Setup Rust	2026-04-30T14:19:53.3264053Z   CARGO_HOME: /home/runner/.cargo
Rust Build & Test	Setup Rust	2026-04-30T14:19:53.3264308Z ##[endgroup]
Rust Build & Test	Setup Rust	2026-04-30T14:19:53.3568688Z ##[group]Run : disable incremental compilation
Rust Build & Test	Setup Rust	2026-04-30T14:19:53.3569067Z ^[[36;1m: disable incremental compilation^[[0m
Rust Build & Test	Setup Rust	2026-04-30T14:19:53.3569366Z ^[[36;1mif [ -z "${CARGO_INCREMENTAL+set}" ]; then^[[0m
Rust Build & Test	Setup Rust	2026-04-30T14:19:53.3569673Z ^[[36;1m  echo CARGO_INCREMENTAL=0 >> $GITHUB_ENV^[[0m
Rust Build & Test	Setup Rust	2026-04-30T14:19:53.3569989Z ^[[36;1mfi^[[0m
Rust Build & Test	Setup Rust	2026-04-30T14:19:53.3582600Z shell: /usr/bin/bash --noprofile --norc -e -o pipefail {0}
Rust Build & Test	Setup Rust	2026-04-30T14:19:53.3582920Z env:
Rust Build & Test	Setup Rust	2026-04-30T14:19:53.3583110Z   CARGO_HOME: /home/runner/.cargo
Rust Build & Test	Setup Rust	2026-04-30T14:19:53.3583329Z ##[endgroup]
Rust Build & Test	Setup Rust	2026-04-30T14:19:53.3720495Z ##[group]Run : enable colors in Cargo output
Rust Build & Test	Setup Rust	2026-04-30T14:19:53.3720834Z ^[[36;1m: enable colors in Cargo output^[[0m
Rust Build & Test	Setup Rust	2026-04-30T14:19:53.3721128Z ^[[36;1mif [ -z "${CARGO_TERM_COLOR+set}" ]; then^[[0m
Rust Build & Test	Setup Rust	2026-04-30T14:19:53.3721433Z ^[[36;1m  echo CARGO_TERM_COLOR=always >> $GITHUB_ENV^[[0m
Rust Build & Test	Setup Rust	2026-04-30T14:19:53.3721703Z ^[[36;1mfi^[[0m
Rust Build & Test	Setup Rust	2026-04-30T14:19:53.3733717Z shell: /usr/bin/bash --noprofile --norc -e -o pipefail {0}
Rust Build & Test	Setup Rust	2026-04-30T14:19:53.3734037Z env:
Rust Build & Test	Setup Rust	2026-04-30T14:19:53.3734225Z   CARGO_HOME: /home/runner/.cargo
Rust Build & Test	Setup Rust	2026-04-30T14:19:53.3734454Z   CARGO_INCREMENTAL: 0
Rust Build & Test	Setup Rust	2026-04-30T14:19:53.3734659Z ##[endgroup]
Rust Build & Test	Setup Rust	2026-04-30T14:19:53.3787379Z ##[group]Run : enable Cargo sparse registry
Rust Build & Test	Setup Rust	2026-04-30T14:19:53.3787981Z ^[[36;1m: enable Cargo sparse registry^[[0m
Rust Build & Test	Setup Rust	2026-04-30T14:19:53.3788483Z ^[[36;1m# implemented in 1.66, stabilized in 1.68, made default in 1.70^[[0m
Rust Build & Test	Setup Rust	2026-04-30T14:19:53.3789138Z ^[[36;1mif [ -z "${CARGO_REGISTRIES_CRATES_IO_PROTOCOL+set}" -o -f "/home/runner/work/_temp"/.implicit_cargo_registries_crates_io_protocol ]; then^[[0m
Rust Build & Test	Setup Rust	2026-04-30T14:19:53.3789802Z ^[[36;1m  if rustc +stable --version --verbose | grep -q '^release: 1\.6[89]\.'; then^[[0m
Rust Build & Test	Setup Rust	2026-04-30T14:19:53.3790323Z ^[[36;1m    touch "/home/runner/work/_temp"/.implicit_cargo_registries_crates_io_protocol || true^[[0m
Rust Build & Test	Setup Rust	2026-04-30T14:19:53.3790812Z ^[[36;1m    echo CARGO_REGISTRIES_CRATES_IO_PROTOCOL=sparse >> $GITHUB_ENV^[[0m
Rust Build & Test	Setup Rust	2026-04-30T14:19:53.3791263Z ^[[36;1m  elif rustc +stable --version --verbose | grep -q '^release: 1\.6[67]\.'; then^[[0m
Rust Build & Test	Setup Rust	2026-04-30T14:19:53.3791775Z ^[[36;1m    touch "/home/runner/work/_temp"/.implicit_cargo_registries_crates_io_protocol || true^[[0m
Rust Build & Test	Setup Rust	2026-04-30T14:19:53.3792251Z ^[[36;1m    echo CARGO_REGISTRIES_CRATES_IO_PROTOCOL=git >> $GITHUB_ENV^[[0m
Rust Build & Test	Setup Rust	2026-04-30T14:19:53.3792561Z ^[[36;1m  fi^[[0m
Rust Build & Test	Setup Rust	2026-04-30T14:19:53.3792741Z ^[[36;1mfi^[[0m
Rust Build & Test	Setup Rust	2026-04-30T14:19:53.3804024Z shell: /usr/bin/bash --noprofile --norc -e -o pipefail {0}
Rust Build & Test	Setup Rust	2026-04-30T14:19:53.3804329Z env:
Rust Build & Test	Setup Rust	2026-04-30T14:19:53.3804516Z   CARGO_HOME: /home/runner/.cargo
Rust Build & Test	Setup Rust	2026-04-30T14:19:53.3804742Z   CARGO_INCREMENTAL: 0
Rust Build & Test	Setup Rust	2026-04-30T14:19:53.3804949Z   CARGO_TERM_COLOR: always
Rust Build & Test	Setup Rust	2026-04-30T14:19:53.3805149Z ##[endgroup]
Rust Build & Test	Setup Rust	2026-04-30T14:19:53.4085710Z ##[group]Run : work around spurious network errors in curl 8.0
Rust Build & Test	Setup Rust	2026-04-30T14:19:53.4086148Z ^[[36;1m: work around spurious network errors in curl 8.0^[[0m
Rust Build & Test	Setup Rust	2026-04-30T14:19:53.4086674Z ^[[36;1m# https://rust-lang.zulipchat.com/#narrow/stream/246057-t-cargo/topic/timeout.20investigation^[[0m
Rust Build & Test	Setup Rust	2026-04-30T14:19:53.4087249Z ^[[36;1mif rustc +stable --version --verbose | grep -q '^release: 1\.7[01]\.'; then^[[0m
Rust Build & Test	Setup Rust	2026-04-30T14:19:53.4087965Z ^[[36;1m  echo CARGO_HTTP_MULTIPLEXING=false >> $GITHUB_ENV^[[0m
Rust Build & Test	Setup Rust	2026-04-30T14:19:53.4088249Z ^[[36;1mfi^[[0m
Rust Build & Test	Setup Rust	2026-04-30T14:19:53.4100619Z shell: /usr/bin/bash --noprofile --norc -e -o pipefail {0}
Rust Build & Test	Setup Rust	2026-04-30T14:19:53.4100955Z env:
Rust Build & Test	Setup Rust	2026-04-30T14:19:53.4101143Z   CARGO_HOME: /home/runner/.cargo
Rust Build & Test	Setup Rust	2026-04-30T14:19:53.4101381Z   CARGO_INCREMENTAL: 0
Rust Build & Test	Setup Rust	2026-04-30T14:19:53.4101584Z   CARGO_TERM_COLOR: always
Rust Build & Test	Setup Rust	2026-04-30T14:19:53.4101792Z ##[endgroup]
Rust Build & Test	Setup Rust	2026-04-30T14:19:53.4265796Z ##[group]Run rustc +stable --version --verbose
Rust Build & Test	Setup Rust	2026-04-30T14:19:53.4266137Z ^[[36;1mrustc +stable --version --verbose^[[0m
Rust Build & Test	Setup Rust	2026-04-30T14:19:53.4278703Z shell: /usr/bin/bash --noprofile --norc -e -o pipefail {0}
Rust Build & Test	Setup Rust	2026-04-30T14:19:53.4279022Z env:
Rust Build & Test	Setup Rust	2026-04-30T14:19:53.4279201Z   CARGO_HOME: /home/runner/.cargo
Rust Build & Test	Setup Rust	2026-04-30T14:19:53.4279440Z   CARGO_INCREMENTAL: 0
Rust Build & Test	Setup Rust	2026-04-30T14:19:53.4279642Z   CARGO_TERM_COLOR: always
Rust Build & Test	Setup Rust	2026-04-30T14:19:53.4279991Z ##[endgroup]
Rust Build & Test	Setup Rust	2026-04-30T14:19:53.4410981Z rustc 1.95.0 (59807616e 2026-04-14)
Rust Build & Test	Setup Rust	2026-04-30T14:19:53.4411982Z binary: rustc
Rust Build & Test	Setup Rust	2026-04-30T14:19:53.4412898Z commit-hash: 59807616e1fa2540724bfbac14d7976d7e4a3860
Rust Build & Test	Setup Rust	2026-04-30T14:19:53.4413660Z commit-date: 2026-04-14
Rust Build & Test	Setup Rust	2026-04-30T14:19:53.4414760Z host: x86_64-unknown-linux-gnu
Rust Build & Test	Setup Rust	2026-04-30T14:19:53.4416304Z release: 1.95.0
Rust Build & Test	Setup Rust	2026-04-30T14:19:53.4416884Z LLVM version: 22.1.2
Rust Build & Test	Cache cargo	﻿2026-04-30T14:19:53.5217445Z ##[group]Run actions/cache@v4
Rust Build & Test	Cache cargo	2026-04-30T14:19:53.5218028Z with:
Rust Build & Test	Cache cargo	2026-04-30T14:19:53.5218237Z   path: ~/.cargo/registry
Rust Build & Test	Cache cargo	~/.cargo/git
Rust Build & Test	Cache cargo	target
Rust Build & Test	Cache cargo	
Rust Build & Test	Cache cargo	2026-04-30T14:19:53.5218525Z   key: Linux-cargo-
Rust Build & Test	Cache cargo	2026-04-30T14:19:53.5218725Z   enableCrossOsArchive: false
Rust Build & Test	Cache cargo	2026-04-30T14:19:53.5218958Z   fail-on-cache-miss: false
Rust Build & Test	Cache cargo	2026-04-30T14:19:53.5219164Z   lookup-only: false
Rust Build & Test	Cache cargo	2026-04-30T14:19:53.5219357Z   save-always: false
Rust Build & Test	Cache cargo	2026-04-30T14:19:53.5219528Z env:
Rust Build & Test	Cache cargo	2026-04-30T14:19:53.5219700Z   CARGO_HOME: /home/runner/.cargo
Rust Build & Test	Cache cargo	2026-04-30T14:19:53.5219929Z   CARGO_INCREMENTAL: 0
Rust Build & Test	Cache cargo	2026-04-30T14:19:53.5220140Z   CARGO_TERM_COLOR: always
Rust Build & Test	Cache cargo	2026-04-30T14:19:53.5220341Z ##[endgroup]
Rust Build & Test	Cache cargo	2026-04-30T14:19:53.8534634Z Cache not found for input keys: Linux-cargo-
Rust Build & Test	Build	﻿2026-04-30T14:19:53.8567462Z ##[group]Run cargo build
Rust Build & Test	Build	2026-04-30T14:19:53.8568451Z ^[[36;1mcargo build^[[0m
Rust Build & Test	Build	2026-04-30T14:19:53.8580812Z shell: /usr/bin/bash -e {0}
Rust Build & Test	Build	2026-04-30T14:19:53.8581054Z env:
Rust Build & Test	Build	2026-04-30T14:19:53.8581237Z   CARGO_HOME: /home/runner/.cargo
Rust Build & Test	Build	2026-04-30T14:19:53.8581469Z   CARGO_INCREMENTAL: 0
Rust Build & Test	Build	2026-04-30T14:19:53.8581659Z   CARGO_TERM_COLOR: always
Rust Build & Test	Build	2026-04-30T14:19:53.8581864Z ##[endgroup]
Rust Build & Test	Build	2026-04-30T14:19:53.8917528Z ^[[1m^[[92m    Updating^[[0m crates.io index
Rust Build & Test	Build	2026-04-30T14:19:55.3901080Z ^[[1m^[[92m     Locking^[[0m 138 packages to latest compatible versions
Rust Build & Test	Build	2026-04-30T14:19:55.4079373Z ^[[1m^[[92m      Adding^[[0m prost v0.12.6 ^[[1m^[[33m(available: v0.14.3)^[[0m
Rust Build & Test	Build	2026-04-30T14:19:55.4146653Z ^[[1m^[[92m      Adding^[[0m tonic v0.11.0 ^[[1m^[[33m(available: v0.14.5)^[[0m
Rust Build & Test	Build	2026-04-30T14:19:55.4149851Z ^[[1m^[[92m      Adding^[[0m tonic-build v0.11.0 ^[[1m^[[33m(available: v0.14.5)^[[0m
Rust Build & Test	Build	2026-04-30T14:19:55.4261881Z ^[[1m^[[92m Downloading^[[0m crates ...
Rust Build & Test	Build	2026-04-30T14:19:55.5466593Z ^[[1m^[[92m  Downloaded^[[0m async-stream-impl v0.3.6
Rust Build & Test	Build	2026-04-30T14:19:55.5973706Z ^[[1m^[[92m  Downloaded^[[0m async-stream v0.3.6
Rust Build & Test	Build	2026-04-30T14:19:55.5980469Z ^[[1m^[[92m  Downloaded^[[0m percent-encoding v2.3.2
Rust Build & Test	Build	2026-04-30T14:19:55.6000129Z ^[[1m^[[92m  Downloaded^[[0m itoa v1.0.18
Rust Build & Test	Build	2026-04-30T14:19:55.6112792Z ^[[1m^[[92m  Downloaded^[[0m bitflags v1.3.2
Rust Build & Test	Build	2026-04-30T14:19:55.6265894Z ^[[1m^[[92m  Downloaded^[[0m unicode-ident v1.0.24
Rust Build & Test	Build	2026-04-30T14:19:55.6293840Z ^[[1m^[[92m  Downloaded^[[0m httpdate v1.0.3
Rust Build & Test	Build	2026-04-30T14:19:55.6303700Z ^[[1m^[[92m  Downloaded^[[0m futures-task v0.3.32
Rust Build & Test	Build	2026-04-30T14:19:55.6335063Z ^[[1m^[[92m  Downloaded^[[0m zmij v1.0.21
Rust Build & Test	Build	2026-04-30T14:19:55.6360015Z ^[[1m^[[92m  Downloaded^[[0m axum-core v0.3.4
Rust Build & Test	Build	2026-04-30T14:19:55.6371829Z ^[[1m^[[92m  Downloaded^[[0m autocfg v1.5.0
Rust Build & Test	Build	2026-04-30T14:19:55.6420159Z ^[[1m^[[92m  Downloaded^[[0m multimap v0.10.1
Rust Build & Test	Build	2026-04-30T14:19:55.6430285Z ^[[1m^[[92m  Downloaded^[[0m pin-project-lite v0.2.17
Rust Build & Test	Build	2026-04-30T14:19:55.6462993Z ^[[1m^[[92m  Downloaded^[[0m try-lock v0.2.5
Rust Build & Test	Build	2026-04-30T14:19:55.6469851Z ^[[1m^[[92m  Downloaded^[[0m mime v0.3.17
Rust Build & Test	Build	2026-04-30T14:19:55.6481774Z ^[[1m^[[92m  Downloaded^[[0m tower-layer v0.3.3
Rust Build & Test	Build	2026-04-30T14:19:55.6489644Z ^[[1m^[[92m  Downloaded^[[0m equivalent v1.0.2
Rust Build & Test	Build	2026-04-30T14:19:55.6496973Z ^[[1m^[[92m  Downloaded^[[0m tokio-io-timeout v1.2.1
Rust Build & Test	Build	2026-04-30T14:19:55.6505530Z ^[[1m^[[92m  Downloaded^[[0m http-body v0.4.6
Rust Build & Test	Build	2026-04-30T14:19:55.6518254Z ^[[1m^[[92m  Downloaded^[[0m zerocopy v0.8.48
Rust Build & Test	Build	2026-04-30T14:19:55.6653772Z ^[[1m^[[92m  Downloaded^[[0m tower-service v0.3.3
Rust Build & Test	Build	2026-04-30T14:19:55.6655080Z ^[[1m^[[92m  Downloaded^[[0m scopeguard v1.2.0
Rust Build & Test	Build	2026-04-30T14:19:55.6663901Z ^[[1m^[[92m  Downloaded^[[0m async-trait v0.1.89
Rust Build & Test	Build	2026-04-30T14:19:55.6686298Z ^[[1m^[[92m  Downloaded^[[0m tokio-macros v2.7.0
Rust Build & Test	Build	2026-04-30T14:19:55.6695284Z ^[[1m^[[92m  Downloaded^[[0m sync_wrapper v0.1.2
Rust Build & Test	Build	2026-04-30T14:19:55.6702585Z ^[[1m^[[92m  Downloaded^[[0m rand_chacha v0.3.1
Rust Build & Test	Build	2026-04-30T14:19:55.6711702Z ^[[1m^[[92m  Downloaded^[[0m matchit v0.7.3
Rust Build & Test	Build	2026-04-30T14:19:55.6727896Z ^[[1m^[[92m  Downloaded^[[0m hyper-timeout v0.4.1
Rust Build & Test	Build	2026-04-30T14:19:55.6736980Z ^[[1m^[[92m  Downloaded^[[0m heck v0.5.0
Rust Build & Test	Build	2026-04-30T14:19:55.6746096Z ^[[1m^[[92m  Downloaded^[[0m fixedbitset v0.4.2
Rust Build & Test	Build	2026-04-30T14:19:55.6756016Z ^[[1m^[[92m  Downloaded^[[0m fastrand v2.4.1
Rust Build & Test	Build	2026-04-30T14:19:55.6766743Z ^[[1m^[[92m  Downloaded^[[0m bitflags v2.11.1
Rust Build & Test	Build	2026-04-30T14:19:55.6805167Z ^[[1m^[[92m  Downloaded^[[0m cfg-if v1.0.4
Rust Build & Test	Build	2026-04-30T14:19:55.6818235Z ^[[1m^[[92m  Downloaded^[[0m tonic-build v0.11.0
Rust Build & Test	Build	2026-04-30T14:19:55.6830747Z ^[[1m^[[92m  Downloaded^[[0m want v0.3.1
Rust Build & Test	Build	2026-04-30T14:19:55.6839073Z ^[[1m^[[92m  Downloaded^[[0m parking_lot v0.12.5
Rust Build & Test	Build	2026-04-30T14:19:55.6858349Z ^[[1m^[[92m  Downloaded^[[0m futures-core v0.3.32
Rust Build & Test	Build	2026-04-30T14:19:55.6868427Z ^[[1m^[[92m  Downloaded^[[0m anyhow v1.0.102
Rust Build & Test	Build	2026-04-30T14:19:55.6892248Z ^[[1m^[[92m  Downloaded^[[0m ppv-lite86 v0.2.21
Rust Build & Test	Build	2026-04-30T14:19:55.6902347Z ^[[1m^[[92m  Downloaded^[[0m pin-project-internal v1.1.11
Rust Build & Test	Build	2026-04-30T14:19:55.6914721Z ^[[1m^[[92m  Downloaded^[[0m lock_api v0.4.14
Rust Build & Test	Build	2026-04-30T14:19:55.6924870Z ^[[1m^[[92m  Downloaded^[[0m fnv v1.0.7
Rust Build & Test	Build	2026-04-30T14:19:55.6931875Z ^[[1m^[[92m  Downloaded^[[0m errno v0.3.14
Rust Build & Test	Build	2026-04-30T14:19:55.6976080Z ^[[1m^[[92m  Downloaded^[[0m either v1.15.0
Rust Build & Test	Build	2026-04-30T14:19:55.6991111Z ^[[1m^[[92m  Downloaded^[[0m parking_lot_core v0.9.12
Rust Build & Test	Build	2026-04-30T14:19:55.7011950Z ^[[1m^[[92m  Downloaded^[[0m signal-hook-registry v1.4.8
Rust Build & Test	Build	2026-04-30T14:19:55.7025749Z ^[[1m^[[92m  Downloaded^[[0m tempfile v3.27.0
Rust Build & Test	Build	2026-04-30T14:19:55.7044136Z ^[[1m^[[92m  Downloaded^[[0m bytes v1.11.1
Rust Build & Test	Build	2026-04-30T14:19:55.7071673Z ^[[1m^[[92m  Downloaded^[[0m prost-types v0.12.6
Rust Build & Test	Build	2026-04-30T14:19:55.7083796Z ^[[1m^[[92m  Downloaded^[[0m prost v0.12.6
Rust Build & Test	Build	2026-04-30T14:19:55.7093699Z ^[[1m^[[92m  Downloaded^[[0m httparse v1.10.1
Rust Build & Test	Build	2026-04-30T14:19:55.7110827Z ^[[1m^[[92m  Downloaded^[[0m rustversion v1.0.22
Rust Build & Test	Build	2026-04-30T14:19:55.7141810Z ^[[1m^[[92m  Downloaded^[[0m prost-derive v0.12.6
Rust Build & Test	Build	2026-04-30T14:19:55.7145249Z ^[[1m^[[92m  Downloaded^[[0m tracing-attributes v0.1.31
Rust Build & Test	Build	2026-04-30T14:19:55.7164767Z ^[[1m^[[92m  Downloaded^[[0m rand_core v0.6.4
Rust Build & Test	Build	2026-04-30T14:19:55.7175240Z ^[[1m^[[92m  Downloaded^[[0m futures-channel v0.3.32
Rust Build & Test	Build	2026-04-30T14:19:55.7199489Z ^[[1m^[[92m  Downloaded^[[0m tracing-core v0.1.36
Rust Build & Test	Build	2026-04-30T14:19:55.7221138Z ^[[1m^[[92m  Downloaded^[[0m tokio-stream v0.1.18
Rust Build & Test	Build	2026-04-30T14:19:55.7252182Z ^[[1m^[[92m  Downloaded^[[0m socket2 v0.6.3
Rust Build & Test	Build	2026-04-30T14:19:55.7266238Z ^[[1m^[[92m  Downloaded^[[0m socket2 v0.5.10
Rust Build & Test	Build	2026-04-30T14:19:55.7282527Z ^[[1m^[[92m  Downloaded^[[0m slab v0.4.12
Rust Build & Test	Build	2026-04-30T14:19:55.7293798Z ^[[1m^[[92m  Downloaded^[[0m serde_derive v1.0.228
Rust Build & Test	Build	2026-04-30T14:19:55.7320582Z ^[[1m^[[92m  Downloaded^[[0m rand v0.8.6
Rust Build & Test	Build	2026-04-30T14:19:55.7346147Z ^[[1m^[[92m  Downloaded^[[0m serde v1.0.228
Rust Build & Test	Build	2026-04-30T14:19:55.7377978Z ^[[1m^[[92m  Downloaded^[[0m tower v0.4.13
Rust Build & Test	Build	2026-04-30T14:19:55.7436048Z ^[[1m^[[92m  Downloaded^[[0m axum v0.6.20
Rust Build & Test	Build	2026-04-30T14:19:55.7484397Z ^[[1m^[[92m  Downloaded^[[0m tokio-util v0.7.18
Rust Build & Test	Build	2026-04-30T14:19:55.7538838Z ^[[1m^[[92m  Downloaded^[[0m serde_json v1.0.149
Rust Build & Test	Build	2026-04-30T14:19:55.7584596Z ^[[1m^[[92m  Downloaded^[[0m hashbrown v0.17.0
Rust Build & Test	Build	2026-04-30T14:19:55.7621379Z ^[[1m^[[92m  Downloaded^[[0m hyper v0.14.32
Rust Build & Test	Build	2026-04-30T14:19:55.7672214Z ^[[1m^[[92m  Downloaded^[[0m futures-util v0.3.32
Rust Build & Test	Build	2026-04-30T14:19:55.7753952Z ^[[1m^[[92m  Downloaded^[[0m regex v1.12.3
Rust Build & Test	Build	2026-04-30T14:19:55.7791416Z ^[[1m^[[92m  Downloaded^[[0m h2 v0.3.27
Rust Build & Test	Build	2026-04-30T14:19:55.7832358Z ^[[1m^[[92m  Downloaded^[[0m syn v2.0.117
Rust Build & Test	Build	2026-04-30T14:19:55.7902109Z ^[[1m^[[92m  Downloaded^[[0m itertools v0.12.1
Rust Build & Test	Build	2026-04-30T14:19:55.7944503Z ^[[1m^[[92m  Downloaded^[[0m aho-corasick v1.1.4
Rust Build & Test	Build	2026-04-30T14:19:55.7982997Z ^[[1m^[[92m  Downloaded^[[0m tonic v0.11.0
Rust Build & Test	Build	2026-04-30T14:19:55.8023532Z ^[[1m^[[92m  Downloaded^[[0m regex-syntax v0.8.10
Rust Build & Test	Build	2026-04-30T14:19:55.8073876Z ^[[1m^[[92m  Downloaded^[[0m memchr v2.8.0
Rust Build & Test	Build	2026-04-30T14:19:55.8109001Z ^[[1m^[[92m  Downloaded^[[0m http v0.2.12
Rust Build & Test	Build	2026-04-30T14:19:55.8134405Z ^[[1m^[[92m  Downloaded^[[0m rustix v1.1.4
Rust Build & Test	Build	2026-04-30T14:19:55.8285843Z ^[[1m^[[92m  Downloaded^[[0m hashbrown v0.12.3
Rust Build & Test	Build	2026-04-30T14:19:55.8314402Z ^[[1m^[[92m  Downloaded^[[0m mio v1.2.0
Rust Build & Test	Build	2026-04-30T14:19:55.8349992Z ^[[1m^[[92m  Downloaded^[[0m tracing v0.1.44
Rust Build & Test	Build	2026-04-30T14:19:55.8451356Z ^[[1m^[[92m  Downloaded^[[0m indexmap v2.14.0
Rust Build & Test	Build	2026-04-30T14:19:55.8481441Z ^[[1m^[[92m  Downloaded^[[0m getrandom v0.4.2
Rust Build & Test	Build	2026-04-30T14:19:55.8506391Z ^[[1m^[[92m  Downloaded^[[0m proc-macro2 v1.0.106
Rust Build & Test	Build	2026-04-30T14:19:55.8526893Z ^[[1m^[[92m  Downloaded^[[0m prettyplease v0.2.37
Rust Build & Test	Build	2026-04-30T14:19:55.8550291Z ^[[1m^[[92m  Downloaded^[[0m serde_core v1.0.228
Rust Build & Test	Build	2026-04-30T14:19:55.8568485Z ^[[1m^[[92m  Downloaded^[[0m indexmap v1.9.3
Rust Build & Test	Build	2026-04-30T14:19:55.8590611Z ^[[1m^[[92m  Downloaded^[[0m regex-automata v0.4.14
Rust Build & Test	Build	2026-04-30T14:19:55.8693890Z ^[[1m^[[92m  Downloaded^[[0m prost-build v0.12.6
Rust Build & Test	Build	2026-04-30T14:19:55.8713639Z ^[[1m^[[92m  Downloaded^[[0m pin-project v1.1.11
Rust Build & Test	Build	2026-04-30T14:19:55.8783847Z ^[[1m^[[92m  Downloaded^[[0m log v0.4.29
Rust Build & Test	Build	2026-04-30T14:19:55.8803683Z ^[[1m^[[92m  Downloaded^[[0m getrandom v0.2.17
Rust Build & Test	Build	2026-04-30T14:19:55.8823144Z ^[[1m^[[92m  Downloaded^[[0m smallvec v1.15.1
Rust Build & Test	Build	2026-04-30T14:19:55.8838973Z ^[[1m^[[92m  Downloaded^[[0m petgraph v0.6.5
Rust Build & Test	Build	2026-04-30T14:19:55.8988490Z ^[[1m^[[92m  Downloaded^[[0m quote v1.0.45
Rust Build & Test	Build	2026-04-30T14:19:55.9009269Z ^[[1m^[[92m  Downloaded^[[0m once_cell v1.21.4
Rust Build & Test	Build	2026-04-30T14:19:55.9038513Z ^[[1m^[[92m  Downloaded^[[0m futures-sink v0.3.32
Rust Build & Test	Build	2026-04-30T14:19:55.9058371Z ^[[1m^[[92m  Downloaded^[[0m base64 v0.21.7
Rust Build & Test	Build	2026-04-30T14:19:55.9098734Z ^[[1m^[[92m  Downloaded^[[0m libc v0.2.186
Rust Build & Test	Build	2026-04-30T14:19:55.9478705Z ^[[1m^[[92m  Downloaded^[[0m tokio v1.52.1
Rust Build & Test	Build	2026-04-30T14:19:55.9932929Z ^[[1m^[[92m  Downloaded^[[0m linux-raw-sys v0.12.1
Rust Build & Test	Build	2026-04-30T14:19:56.0711422Z ^[[1m^[[92m   Compiling^[[0m proc-macro2 v1.0.106
Rust Build & Test	Build	2026-04-30T14:19:56.0718832Z ^[[1m^[[92m   Compiling^[[0m quote v1.0.45
Rust Build & Test	Build	2026-04-30T14:19:56.2572233Z ^[[1m^[[92m   Compiling^[[0m unicode-ident v1.0.24
Rust Build & Test	Build	2026-04-30T14:19:56.3261063Z ^[[1m^[[92m   Compiling^[[0m libc v0.2.186
Rust Build & Test	Build	2026-04-30T14:19:56.5509264Z ^[[1m^[[92m   Compiling^[[0m cfg-if v1.0.4
Rust Build & Test	Build	2026-04-30T14:19:57.0238980Z ^[[1m^[[92m   Compiling^[[0m syn v2.0.117
Rust Build & Test	Build	2026-04-30T14:19:57.3949269Z ^[[1m^[[92m   Compiling^[[0m pin-project-lite v0.2.17
Rust Build & Test	Build	2026-04-30T14:19:57.4278851Z ^[[1m^[[92m   Compiling^[[0m bytes v1.11.1
Rust Build & Test	Build	2026-04-30T14:19:58.0228785Z ^[[1m^[[92m   Compiling^[[0m once_cell v1.21.4
Rust Build & Test	Build	2026-04-30T14:19:58.1548991Z ^[[1m^[[92m   Compiling^[[0m parking_lot_core v0.9.12
Rust Build & Test	Build	2026-04-30T14:19:58.2649257Z ^[[1m^[[92m   Compiling^[[0m smallvec v1.15.1
Rust Build & Test	Build	2026-04-30T14:19:58.4120346Z ^[[1m^[[92m   Compiling^[[0m scopeguard v1.2.0
Rust Build & Test	Build	2026-04-30T14:19:58.4469229Z ^[[1m^[[92m   Compiling^[[0m futures-core v0.3.32
Rust Build & Test	Build	2026-04-30T14:19:58.5210090Z ^[[1m^[[92m   Compiling^[[0m lock_api v0.4.14
Rust Build & Test	Build	2026-04-30T14:19:58.8679252Z ^[[1m^[[92m   Compiling^[[0m errno v0.3.14
Rust Build & Test	Build	2026-04-30T14:19:58.9430683Z ^[[1m^[[92m   Compiling^[[0m equivalent v1.0.2
Rust Build & Test	Build	2026-04-30T14:19:58.9673514Z ^[[1m^[[92m   Compiling^[[0m hashbrown v0.17.0
Rust Build & Test	Build	2026-04-30T14:19:59.4769403Z ^[[1m^[[92m   Compiling^[[0m anyhow v1.0.102
Rust Build & Test	Build	2026-04-30T14:19:59.6808777Z ^[[1m^[[92m   Compiling^[[0m indexmap v2.14.0
Rust Build & Test	Build	2026-04-30T14:20:00.2988334Z ^[[1m^[[92m   Compiling^[[0m signal-hook-registry v1.4.8
Rust Build & Test	Build	2026-04-30T14:20:00.5349040Z ^[[1m^[[92m   Compiling^[[0m parking_lot v0.12.5
Rust Build & Test	Build	2026-04-30T14:20:00.9098812Z ^[[1m^[[92m   Compiling^[[0m socket2 v0.6.3
Rust Build & Test	Build	2026-04-30T14:20:01.3919430Z ^[[1m^[[92m   Compiling^[[0m tokio-macros v2.7.0
Rust Build & Test	Build	2026-04-30T14:20:01.3990534Z ^[[1m^[[92m   Compiling^[[0m mio v1.2.0
Rust Build & Test	Build	2026-04-30T14:20:01.8688061Z ^[[1m^[[92m   Compiling^[[0m either v1.15.0
Rust Build & Test	Build	2026-04-30T14:20:01.8769195Z ^[[1m^[[92m   Compiling^[[0m tokio v1.52.1
Rust Build & Test	Build	2026-04-30T14:20:01.9929835Z ^[[1m^[[92m   Compiling^[[0m itertools v0.12.1
Rust Build & Test	Build	2026-04-30T14:20:03.5180236Z ^[[1m^[[92m   Compiling^[[0m itoa v1.0.18
Rust Build & Test	Build	2026-04-30T14:20:03.6357408Z ^[[1m^[[92m   Compiling^[[0m rustversion v1.0.22
Rust Build & Test	Build	2026-04-30T14:20:03.8422361Z ^[[1m^[[92m   Compiling^[[0m prost-derive v0.12.6
Rust Build & Test	Build	2026-04-30T14:20:05.3779265Z ^[[1m^[[92m   Compiling^[[0m futures-task v0.3.32
Rust Build & Test	Build	2026-04-30T14:20:05.4639690Z ^[[1m^[[92m   Compiling^[[0m zerocopy v0.8.48
Rust Build & Test	Build	2026-04-30T14:20:05.6778764Z ^[[1m^[[92m   Compiling^[[0m fnv v1.0.7
Rust Build & Test	Build	2026-04-30T14:20:05.7279568Z ^[[1m^[[92m   Compiling^[[0m slab v0.4.12
Rust Build & Test	Build	2026-04-30T14:20:05.8339738Z ^[[1m^[[92m   Compiling^[[0m futures-util v0.3.32
Rust Build & Test	Build	2026-04-30T14:20:07.4759366Z ^[[1m^[[92m   Compiling^[[0m http v0.2.12
Rust Build & Test	Build	2026-04-30T14:20:08.8919394Z ^[[1m^[[92m   Compiling^[[0m tracing-attributes v0.1.31
Rust Build & Test	Build	2026-04-30T14:20:08.9205018Z ^[[1m^[[92m   Compiling^[[0m tracing-core v0.1.36
Rust Build & Test	Build	2026-04-30T14:20:09.4759016Z ^[[1m^[[92m   Compiling^[[0m futures-sink v0.3.32
Rust Build & Test	Build	2026-04-30T14:20:09.5222804Z ^[[1m^[[92m   Compiling^[[0m rustix v1.1.4
Rust Build & Test	Build	2026-04-30T14:20:09.7139254Z ^[[1m^[[92m   Compiling^[[0m getrandom v0.4.2
Rust Build & Test	Build	2026-04-30T14:20:09.8890650Z ^[[1m^[[92m   Compiling^[[0m tokio-util v0.7.18
Rust Build & Test	Build	2026-04-30T14:20:09.9329530Z ^[[1m^[[92m   Compiling^[[0m tracing v0.1.44
Rust Build & Test	Build	2026-04-30T14:20:10.9118937Z ^[[1m^[[92m   Compiling^[[0m getrandom v0.2.17
Rust Build & Test	Build	2026-04-30T14:20:11.0399297Z ^[[1m^[[92m   Compiling^[[0m tower-service v0.3.3
Rust Build & Test	Build	2026-04-30T14:20:11.0719271Z ^[[1m^[[92m   Compiling^[[0m serde_core v1.0.228
Rust Build & Test	Build	2026-04-30T14:20:11.2359061Z ^[[1m^[[92m   Compiling^[[0m prettyplease v0.2.37
Rust Build & Test	Build	2026-04-30T14:20:11.8199643Z ^[[1m^[[92m   Compiling^[[0m httparse v1.10.1
Rust Build & Test	Build	2026-04-30T14:20:11.9922593Z ^[[1m^[[92m   Compiling^[[0m regex-syntax v0.8.10
Rust Build & Test	Build	2026-04-30T14:20:13.7805955Z ^[[1m^[[92m   Compiling^[[0m linux-raw-sys v0.12.1
Rust Build & Test	Build	2026-04-30T14:20:13.8948867Z ^[[1m^[[92m   Compiling^[[0m autocfg v1.5.0
Rust Build & Test	Build	2026-04-30T14:20:14.0889018Z ^[[1m^[[92m   Compiling^[[0m bitflags v2.11.1
Rust Build & Test	Build	2026-04-30T14:20:14.1871907Z ^[[1m^[[92m   Compiling^[[0m indexmap v1.9.3
Rust Build & Test	Build	2026-04-30T14:20:14.2659140Z ^[[1m^[[92m   Compiling^[[0m ppv-lite86 v0.2.21
Rust Build & Test	Build	2026-04-30T14:20:14.5509278Z ^[[1m^[[92m   Compiling^[[0m regex-automata v0.4.14
Rust Build & Test	Build	2026-04-30T14:20:15.7997853Z ^[[1m^[[92m   Compiling^[[0m prost v0.12.6
Rust Build & Test	Build	2026-04-30T14:20:16.0883172Z ^[[1m^[[92m   Compiling^[[0m rand_core v0.6.4
Rust Build & Test	Build	2026-04-30T14:20:16.3379436Z ^[[1m^[[92m   Compiling^[[0m http-body v0.4.6
Rust Build & Test	Build	2026-04-30T14:20:16.5016527Z ^[[1m^[[92m   Compiling^[[0m try-lock v0.2.5
Rust Build & Test	Build	2026-04-30T14:20:16.5328497Z ^[[1m^[[92m   Compiling^[[0m fixedbitset v0.4.2
Rust Build & Test	Build	2026-04-30T14:20:16.5409941Z ^[[1m^[[92m   Compiling^[[0m fastrand v2.4.1
Rust Build & Test	Build	2026-04-30T14:20:16.6609485Z ^[[1m^[[92m   Compiling^[[0m petgraph v0.6.5
Rust Build & Test	Build	2026-04-30T14:20:16.6841904Z ^[[1m^[[92m   Compiling^[[0m tempfile v3.27.0
Rust Build & Test	Build	2026-04-30T14:20:16.9853662Z ^[[1m^[[92m   Compiling^[[0m want v0.3.1
Rust Build & Test	Build	2026-04-30T14:20:17.0739759Z ^[[1m^[[92m   Compiling^[[0m rand_chacha v0.3.1
Rust Build & Test	Build	2026-04-30T14:20:18.4272764Z ^[[1m^[[92m   Compiling^[[0m prost-types v0.12.6
Rust Build & Test	Build	2026-04-30T14:20:19.4859071Z ^[[1m^[[92m   Compiling^[[0m regex v1.12.3
Rust Build & Test	Build	2026-04-30T14:20:19.8827142Z ^[[1m^[[92m   Compiling^[[0m h2 v0.3.27
Rust Build & Test	Build	2026-04-30T14:20:19.8963348Z ^[[1m^[[92m   Compiling^[[0m axum-core v0.3.4
Rust Build & Test	Build	2026-04-30T14:20:19.9658948Z ^[[1m^[[92m   Compiling^[[0m pin-project-internal v1.1.11
Rust Build & Test	Build	2026-04-30T14:20:20.8629193Z ^[[1m^[[92m   Compiling^[[0m futures-channel v0.3.32
Rust Build & Test	Build	2026-04-30T14:20:21.0114418Z ^[[1m^[[92m   Compiling^[[0m socket2 v0.5.10
Rust Build & Test	Build	2026-04-30T14:20:21.4778837Z ^[[1m^[[92m   Compiling^[[0m tower-layer v0.3.3
Rust Build & Test	Build	2026-04-30T14:20:21.5799156Z ^[[1m^[[92m   Compiling^[[0m heck v0.5.0
Rust Build & Test	Build	2026-04-30T14:20:21.7208803Z ^[[1m^[[92m   Compiling^[[0m multimap v0.10.1
Rust Build & Test	Build	2026-04-30T14:20:21.8123319Z ^[[1m^[[92m   Compiling^[[0m log v0.4.29
Rust Build & Test	Build	2026-04-30T14:20:21.9130783Z ^[[1m^[[92m   Compiling^[[0m hashbrown v0.12.3
Rust Build & Test	Build	2026-04-30T14:20:22.3414246Z ^[[1m^[[92m   Compiling^[[0m serde v1.0.228
Rust Build & Test	Build	2026-04-30T14:20:22.4909303Z ^[[1m^[[92m   Compiling^[[0m httpdate v1.0.3
Rust Build & Test	Build	2026-04-30T14:20:22.6569207Z ^[[1m^[[92m   Compiling^[[0m hyper v0.14.32
Rust Build & Test	Build	2026-04-30T14:20:23.5579035Z ^[[1m^[[92m   Compiling^[[0m prost-build v0.12.6
Rust Build & Test	Build	2026-04-30T14:20:24.5609404Z ^[[1m^[[92m   Compiling^[[0m pin-project v1.1.11
Rust Build & Test	Build	2026-04-30T14:20:24.5978854Z ^[[1m^[[92m   Compiling^[[0m rand v0.8.6
Rust Build & Test	Build	2026-04-30T14:20:25.2538963Z ^[[1m^[[92m   Compiling^[[0m axum v0.6.20
Rust Build & Test	Build	2026-04-30T14:20:25.3218959Z ^[[1m^[[92m   Compiling^[[0m async-trait v0.1.89
Rust Build & Test	Build	2026-04-30T14:20:26.0383451Z ^[[1m^[[92m   Compiling^[[0m serde_derive v1.0.228
Rust Build & Test	Build	2026-04-30T14:20:26.2449515Z ^[[1m^[[92m   Compiling^[[0m zmij v1.0.21
Rust Build & Test	Build	2026-04-30T14:20:26.3751464Z ^[[1m^[[92m   Compiling^[[0m memchr v2.8.0
Rust Build & Test	Build	2026-04-30T14:20:27.0370379Z ^[[1m^[[92m   Compiling^[[0m mime v0.3.17
Rust Build & Test	Build	2026-04-30T14:20:29.1609754Z ^[[1m^[[92m   Compiling^[[0m tower v0.4.13
Rust Build & Test	Build	2026-04-30T14:20:29.3149355Z ^[[1m^[[92m   Compiling^[[0m tonic-build v0.11.0
Rust Build & Test	Build	2026-04-30T14:20:29.9965741Z ^[[1m^[[92m   Compiling^[[0m tokio-io-timeout v1.2.1
Rust Build & Test	Build	2026-04-30T14:20:30.0889517Z ^[[1m^[[92m   Compiling^[[0m async-stream-impl v0.3.6
Rust Build & Test	Build	2026-04-30T14:20:30.2176053Z ^[[1m^[[92m   Compiling^[[0m bitflags v1.3.2
Rust Build & Test	Build	2026-04-30T14:20:30.2511982Z ^[[1m^[[92m   Compiling^[[0m sync_wrapper v0.1.2
Rust Build & Test	Build	2026-04-30T14:20:30.2723900Z ^[[1m^[[92m   Compiling^[[0m matchit v0.7.3
Rust Build & Test	Build	2026-04-30T14:20:30.4368427Z ^[[1m^[[92m   Compiling^[[0m percent-encoding v2.3.2
Rust Build & Test	Build	2026-04-30T14:20:30.5158582Z ^[[1m^[[92m   Compiling^[[0m serde_json v1.0.149
Rust Build & Test	Build	2026-04-30T14:20:30.6118908Z ^[[1m^[[92m   Compiling^[[0m async-stream v0.3.6
Rust Build & Test	Build	2026-04-30T14:20:30.6479291Z ^[[1m^[[92m   Compiling^[[0m vtuber-image v0.1.0 (/home/runner/work/vtuber-image/vtuber-image)
Rust Build & Test	Build	2026-04-30T14:20:31.0359444Z ^[[1m^[[92m   Compiling^[[0m hyper-timeout v0.4.1
Rust Build & Test	Build	2026-04-30T14:20:31.3396562Z ^[[1m^[[92m   Compiling^[[0m tokio-stream v0.1.18
Rust Build & Test	Build	2026-04-30T14:20:31.9999181Z ^[[1m^[[92m   Compiling^[[0m base64 v0.21.7
Rust Build & Test	Build	2026-04-30T14:20:33.4369805Z ^[[1m^[[91merror^[[0m: failed to run custom build command for `vtuber-image v0.1.0 (/home/runner/work/vtuber-image/vtuber-image)`
Rust Build & Test	Build	2026-04-30T14:20:33.4371430Z 
Rust Build & Test	Build	2026-04-30T14:20:33.4371713Z Caused by:
Rust Build & Test	Build	2026-04-30T14:20:33.4373027Z   process didn't exit successfully: `/home/runner/work/vtuber-image/vtuber-image/target/debug/build/vtuber-image-2c41edac7389625e/build-script-build` (exit status: 1)
Rust Build & Test	Build	2026-04-30T14:20:33.4374705Z   --- stdout
Rust Build & Test	Build	2026-04-30T14:20:33.4375250Z   cargo:rerun-if-changed=proto/vtuber_image/v1/image.proto
Rust Build & Test	Build	2026-04-30T14:20:33.4375958Z   cargo:rerun-if-changed=proto
Rust Build & Test	Build	2026-04-30T14:20:33.4376355Z 
Rust Build & Test	Build	2026-04-30T14:20:33.4376587Z   --- stderr
Rust Build & Test	Build	2026-04-30T14:20:33.4379689Z   Error: Custom { kind: NotFound, error: "Could not find `protoc`. If `protoc` is installed, try setting the `PROTOC` environment variable to the path of the `protoc` binary. To install it on Debian, run `apt-get install protobuf-compiler`. It is also available at https://github.com/protocolbuffers/protobuf/releases  For more information: https://docs.rs/prost-build/#sourcing-protoc" }
Rust Build & Test	Build	2026-04-30T14:20:33.4383024Z ^[[1m^[[33mwarning^[[0m: build failed, waiting for other jobs to finish...
Rust Build & Test	Build	2026-04-30T14:20:33.7690631Z ##[error]Process completed with exit code 101.
Rust Build & Test	Post Run actions/checkout@v4	﻿2026-04-30T14:20:33.7780435Z Post job cleanup.
Rust Build & Test	Post Run actions/checkout@v4	2026-04-30T14:20:33.8747492Z [command]/usr/bin/git version
Rust Build & Test	Post Run actions/checkout@v4	2026-04-30T14:20:33.8796595Z git version 2.53.0
Rust Build & Test	Post Run actions/checkout@v4	2026-04-30T14:20:33.8840639Z Temporarily overriding HOME='/home/runner/work/_temp/cb4af493-ad69-402c-92d2-8289886addf8' before making global git config changes
Rust Build & Test	Post Run actions/checkout@v4	2026-04-30T14:20:33.8842133Z Adding repository directory to the temporary git global config as a safe directory
Rust Build & Test	Post Run actions/checkout@v4	2026-04-30T14:20:33.8847810Z [command]/usr/bin/git config --global --add safe.directory /home/runner/work/vtuber-image/vtuber-image
Rust Build & Test	Post Run actions/checkout@v4	2026-04-30T14:20:33.8885000Z [command]/usr/bin/git config --local --name-only --get-regexp core\.sshCommand
Rust Build & Test	Post Run actions/checkout@v4	2026-04-30T14:20:33.8919375Z [command]/usr/bin/git submodule foreach --recursive sh -c "git config --local --name-only --get-regexp 'core\.sshCommand' && git config --local --unset-all 'core.sshCommand' || :"
Rust Build & Test	Post Run actions/checkout@v4	2026-04-30T14:20:33.9111815Z [command]/usr/bin/git config --local --name-only --get-regexp http\.https\:\/\/github\.com\/\.extraheader
Rust Build & Test	Post Run actions/checkout@v4	2026-04-30T14:20:33.9134102Z http.https://github.com/.extraheader
Rust Build & Test	Post Run actions/checkout@v4	2026-04-30T14:20:33.9147216Z [command]/usr/bin/git config --local --unset-all http.https://github.com/.extraheader
Rust Build & Test	Post Run actions/checkout@v4	2026-04-30T14:20:33.9178126Z [command]/usr/bin/git submodule foreach --recursive sh -c "git config --local --name-only --get-regexp 'http\.https\:\/\/github\.com\/\.extraheader' && git config --local --unset-all 'http.https://github.com/.extraheader' || :"
Rust Build & Test	Post Run actions/checkout@v4	2026-04-30T14:20:33.9364072Z [command]/usr/bin/git config --local --name-only --get-regexp ^includeIf\.gitdir:
Rust Build & Test	Post Run actions/checkout@v4	2026-04-30T14:20:33.9396709Z [command]/usr/bin/git submodule foreach --recursive git config --local --show-origin --name-only --get-regexp remote.origin.url
Rust Build & Test	Complete job	﻿2026-04-30T14:20:33.9699017Z Cleaning up orphan processes
Rust Build & Test	Complete job	2026-04-30T14:20:33.9921341Z ##[warning]Node.js 20 actions are deprecated. The following actions are running on Node.js 20 and may not work as expected: actions/cache@v4, actions/checkout@v4. Actions will be forced to run with Node.js 24 by default starting June 2nd, 2026. Node.js 20 will be removed from the runner on September 16th, 2026. Please check if updated versions of these actions are available that support Node.js 24. To opt into Node.js 24 now, set the FORCE_JAVASCRIPT_ACTIONS_TO_NODE24=true environment variable on the runner or in your workflow file. Once Node.js 24 becomes the default, you can temporarily opt out by setting ACTIONS_ALLOW_USE_UNSECURE_NODE_VERSION=true. For more information see: https://github.blog/changelog/2025-09-19-deprecation-of-node-20-on-github-actions-runners/
Bootstrap smoke test	Set up job	﻿2026-04-30T14:19:48.2302773Z Current runner version: '2.334.0'
Bootstrap smoke test	Set up job	2026-04-30T14:19:48.2339149Z ##[group]Runner Image Provisioner
Bootstrap smoke test	Set up job	2026-04-30T14:19:48.2340919Z Hosted Compute Agent
Bootstrap smoke test	Set up job	2026-04-30T14:19:48.2341763Z Version: 20260213.493
Bootstrap smoke test	Set up job	2026-04-30T14:19:48.2342717Z Commit: 5c115507f6dd24b8de37d8bbe0bb4509d0cc0fa3
Bootstrap smoke test	Set up job	2026-04-30T14:19:48.2343880Z Build Date: 2026-02-13T00:28:41Z
Bootstrap smoke test	Set up job	2026-04-30T14:19:48.2345012Z Worker ID: {95985451-2ede-4baa-a2a5-febaed0216db}
Bootstrap smoke test	Set up job	2026-04-30T14:19:48.2346041Z Azure Region: eastus
Bootstrap smoke test	Set up job	2026-04-30T14:19:48.2347030Z ##[endgroup]
Bootstrap smoke test	Set up job	2026-04-30T14:19:48.2349066Z ##[group]Operating System
Bootstrap smoke test	Set up job	2026-04-30T14:19:48.2350168Z Ubuntu
Bootstrap smoke test	Set up job	2026-04-30T14:19:48.2351008Z 24.04.4
Bootstrap smoke test	Set up job	2026-04-30T14:19:48.2351664Z LTS
Bootstrap smoke test	Set up job	2026-04-30T14:19:48.2352429Z ##[endgroup]
Bootstrap smoke test	Set up job	2026-04-30T14:19:48.2353221Z ##[group]Runner Image
Bootstrap smoke test	Set up job	2026-04-30T14:19:48.2354131Z Image: ubuntu-24.04
Bootstrap smoke test	Set up job	2026-04-30T14:19:48.2354874Z Version: 20260413.86.1
Bootstrap smoke test	Set up job	2026-04-30T14:19:48.2356432Z Included Software: https://github.com/actions/runner-images/blob/ubuntu24/20260413.86/images/ubuntu/Ubuntu2404-Readme.md
Bootstrap smoke test	Set up job	2026-04-30T14:19:48.2359295Z Image Release: https://github.com/actions/runner-images/releases/tag/ubuntu24%2F20260413.86
Bootstrap smoke test	Set up job	2026-04-30T14:19:48.2361196Z ##[endgroup]
Bootstrap smoke test	Set up job	2026-04-30T14:19:48.2362905Z ##[group]GITHUB_TOKEN Permissions
Bootstrap smoke test	Set up job	2026-04-30T14:19:48.2365817Z Contents: read
Bootstrap smoke test	Set up job	2026-04-30T14:19:48.2366682Z Metadata: read
Bootstrap smoke test	Set up job	2026-04-30T14:19:48.2367482Z Packages: read
Bootstrap smoke test	Set up job	2026-04-30T14:19:48.2368272Z ##[endgroup]
Bootstrap smoke test	Set up job	2026-04-30T14:19:48.2371632Z Secret source: Actions
Bootstrap smoke test	Set up job	2026-04-30T14:19:48.2373023Z Prepare workflow directory
Bootstrap smoke test	Set up job	2026-04-30T14:19:48.2829739Z Prepare all required actions
Bootstrap smoke test	Set up job	2026-04-30T14:19:48.2882073Z Getting action download info
Bootstrap smoke test	Set up job	2026-04-30T14:19:48.5738070Z Download action repository 'actions/checkout@v4' (SHA:34e114876b0b11c390a56381ad16ebd13914f8d5)
Bootstrap smoke test	Set up job	2026-04-30T14:19:48.8033661Z Complete job name: Bootstrap smoke test
Bootstrap smoke test	Run actions/checkout@v4	﻿2026-04-30T14:19:48.8725259Z ##[group]Run actions/checkout@v4
Bootstrap smoke test	Run actions/checkout@v4	2026-04-30T14:19:48.8726148Z with:
Bootstrap smoke test	Run actions/checkout@v4	2026-04-30T14:19:48.8726612Z   repository: echo-layer/vtuber-image
Bootstrap smoke test	Run actions/checkout@v4	2026-04-30T14:19:48.8727353Z   token: ***
Bootstrap smoke test	Run actions/checkout@v4	2026-04-30T14:19:48.8727823Z   ssh-strict: true
Bootstrap smoke test	Run actions/checkout@v4	2026-04-30T14:19:48.8728261Z   ssh-user: git
Bootstrap smoke test	Run actions/checkout@v4	2026-04-30T14:19:48.8728713Z   persist-credentials: true
Bootstrap smoke test	Run actions/checkout@v4	2026-04-30T14:19:48.8729581Z   clean: true
Bootstrap smoke test	Run actions/checkout@v4	2026-04-30T14:19:48.8730244Z   sparse-checkout-cone-mode: true
Bootstrap smoke test	Run actions/checkout@v4	2026-04-30T14:19:48.8730940Z   fetch-depth: 1
Bootstrap smoke test	Run actions/checkout@v4	2026-04-30T14:19:48.8731376Z   fetch-tags: false
Bootstrap smoke test	Run actions/checkout@v4	2026-04-30T14:19:48.8731827Z   show-progress: true
Bootstrap smoke test	Run actions/checkout@v4	2026-04-30T14:19:48.8732270Z   lfs: false
Bootstrap smoke test	Run actions/checkout@v4	2026-04-30T14:19:48.8732699Z   submodules: false
Bootstrap smoke test	Run actions/checkout@v4	2026-04-30T14:19:48.8733151Z   set-safe-directory: true
Bootstrap smoke test	Run actions/checkout@v4	2026-04-30T14:19:48.8733871Z ##[endgroup]
Bootstrap smoke test	Run actions/checkout@v4	2026-04-30T14:19:49.0192596Z Syncing repository: echo-layer/vtuber-image
Bootstrap smoke test	Run actions/checkout@v4	2026-04-30T14:19:49.0195559Z ##[group]Getting Git version info
Bootstrap smoke test	Run actions/checkout@v4	2026-04-30T14:19:49.0230557Z Working directory is '/home/runner/work/vtuber-image/vtuber-image'
Bootstrap smoke test	Run actions/checkout@v4	2026-04-30T14:19:49.0232460Z [command]/usr/bin/git version
Bootstrap smoke test	Run actions/checkout@v4	2026-04-30T14:19:49.0233297Z git version 2.53.0
Bootstrap smoke test	Run actions/checkout@v4	2026-04-30T14:19:49.0235822Z ##[endgroup]
Bootstrap smoke test	Run actions/checkout@v4	2026-04-30T14:19:49.0253248Z Temporarily overriding HOME='/home/runner/work/_temp/d9583156-17a9-48ed-8b81-34bccf6f9bc3' before making global git config changes
Bootstrap smoke test	Run actions/checkout@v4	2026-04-30T14:19:49.0256251Z Adding repository directory to the temporary git global config as a safe directory
Bootstrap smoke test	Run actions/checkout@v4	2026-04-30T14:19:49.0258224Z [command]/usr/bin/git config --global --add safe.directory /home/runner/work/vtuber-image/vtuber-image
Bootstrap smoke test	Run actions/checkout@v4	2026-04-30T14:19:49.0295765Z Deleting the contents of '/home/runner/work/vtuber-image/vtuber-image'
Bootstrap smoke test	Run actions/checkout@v4	2026-04-30T14:19:49.0298220Z ##[group]Initializing the repository
Bootstrap smoke test	Run actions/checkout@v4	2026-04-30T14:19:49.0300601Z [command]/usr/bin/git init /home/runner/work/vtuber-image/vtuber-image
Bootstrap smoke test	Run actions/checkout@v4	2026-04-30T14:19:49.0426143Z hint: Using 'master' as the name for the initial branch. This default branch name
Bootstrap smoke test	Run actions/checkout@v4	2026-04-30T14:19:49.0434856Z hint: will change to "main" in Git 3.0. To configure the initial branch name
Bootstrap smoke test	Run actions/checkout@v4	2026-04-30T14:19:49.0437015Z hint: to use in all of your new repositories, which will suppress this warning,
Bootstrap smoke test	Run actions/checkout@v4	2026-04-30T14:19:49.0440997Z hint: call:
Bootstrap smoke test	Run actions/checkout@v4	2026-04-30T14:19:49.0441713Z hint:
Bootstrap smoke test	Run actions/checkout@v4	2026-04-30T14:19:49.0442884Z hint: 	git config --global init.defaultBranch <name>
Bootstrap smoke test	Run actions/checkout@v4	2026-04-30T14:19:49.0443890Z hint:
Bootstrap smoke test	Run actions/checkout@v4	2026-04-30T14:19:49.0444828Z hint: Names commonly chosen instead of 'master' are 'main', 'trunk' and
Bootstrap smoke test	Run actions/checkout@v4	2026-04-30T14:19:49.0446397Z hint: 'development'. The just-created branch can be renamed via this command:
Bootstrap smoke test	Run actions/checkout@v4	2026-04-30T14:19:49.0447921Z hint:
Bootstrap smoke test	Run actions/checkout@v4	2026-04-30T14:19:49.0448614Z hint: 	git branch -m <name>
Bootstrap smoke test	Run actions/checkout@v4	2026-04-30T14:19:49.0449414Z hint:
Bootstrap smoke test	Run actions/checkout@v4	2026-04-30T14:19:49.0450721Z hint: Disable this message with "git config set advice.defaultBranchName false"
Bootstrap smoke test	Run actions/checkout@v4	2026-04-30T14:19:49.0452424Z Initialized empty Git repository in /home/runner/work/vtuber-image/vtuber-image/.git/
Bootstrap smoke test	Run actions/checkout@v4	2026-04-30T14:19:49.0456429Z [command]/usr/bin/git remote add origin https://github.com/echo-layer/vtuber-image
Bootstrap smoke test	Run actions/checkout@v4	2026-04-30T14:19:49.0513158Z ##[endgroup]
Bootstrap smoke test	Run actions/checkout@v4	2026-04-30T14:19:49.0514757Z ##[group]Disabling automatic garbage collection
Bootstrap smoke test	Run actions/checkout@v4	2026-04-30T14:19:49.0523386Z [command]/usr/bin/git config --local gc.auto 0
Bootstrap smoke test	Run actions/checkout@v4	2026-04-30T14:19:49.0596584Z ##[endgroup]
Bootstrap smoke test	Run actions/checkout@v4	2026-04-30T14:19:49.0598184Z ##[group]Setting up auth
Bootstrap smoke test	Run actions/checkout@v4	2026-04-30T14:19:49.0600203Z [command]/usr/bin/git config --local --name-only --get-regexp core\.sshCommand
Bootstrap smoke test	Run actions/checkout@v4	2026-04-30T14:19:49.0673737Z [command]/usr/bin/git submodule foreach --recursive sh -c "git config --local --name-only --get-regexp 'core\.sshCommand' && git config --local --unset-all 'core.sshCommand' || :"
Bootstrap smoke test	Run actions/checkout@v4	2026-04-30T14:19:49.4602546Z [command]/usr/bin/git config --local --name-only --get-regexp http\.https\:\/\/github\.com\/\.extraheader
Bootstrap smoke test	Run actions/checkout@v4	2026-04-30T14:19:49.4826740Z [command]/usr/bin/git submodule foreach --recursive sh -c "git config --local --name-only --get-regexp 'http\.https\:\/\/github\.com\/\.extraheader' && git config --local --unset-all 'http.https://github.com/.extraheader' || :"
Bootstrap smoke test	Run actions/checkout@v4	2026-04-30T14:19:49.5694886Z [command]/usr/bin/git config --local --name-only --get-regexp ^includeIf\.gitdir:
Bootstrap smoke test	Run actions/checkout@v4	2026-04-30T14:19:49.5698980Z [command]/usr/bin/git submodule foreach --recursive git config --local --show-origin --name-only --get-regexp remote.origin.url
Bootstrap smoke test	Run actions/checkout@v4	2026-04-30T14:19:49.5703149Z [command]/usr/bin/git config --local http.https://github.com/.extraheader AUTHORIZATION: basic ***
Bootstrap smoke test	Run actions/checkout@v4	2026-04-30T14:19:49.5954610Z ##[endgroup]
Bootstrap smoke test	Run actions/checkout@v4	2026-04-30T14:19:49.5956759Z ##[group]Fetching the repository
Bootstrap smoke test	Run actions/checkout@v4	2026-04-30T14:19:49.5982924Z [command]/usr/bin/git -c protocol.version=2 fetch --no-tags --prune --no-recurse-submodules --depth=1 origin +6ec10343f27d82b4244a6bdb4dafdbbfe078590e:refs/remotes/pull/1/merge
Bootstrap smoke test	Run actions/checkout@v4	2026-04-30T14:19:49.8291293Z From https://github.com/echo-layer/vtuber-image
Bootstrap smoke test	Run actions/checkout@v4	2026-04-30T14:19:49.8301132Z  * [new ref]         6ec10343f27d82b4244a6bdb4dafdbbfe078590e -> pull/1/merge
Bootstrap smoke test	Run actions/checkout@v4	2026-04-30T14:19:49.8420279Z ##[endgroup]
Bootstrap smoke test	Run actions/checkout@v4	2026-04-30T14:19:49.8422209Z ##[group]Determining the checkout info
Bootstrap smoke test	Run actions/checkout@v4	2026-04-30T14:19:49.8424201Z ##[endgroup]
Bootstrap smoke test	Run actions/checkout@v4	2026-04-30T14:19:49.8425437Z [command]/usr/bin/git sparse-checkout disable
Bootstrap smoke test	Run actions/checkout@v4	2026-04-30T14:19:49.8431784Z [command]/usr/bin/git config --local --unset-all extensions.worktreeConfig
Bootstrap smoke test	Run actions/checkout@v4	2026-04-30T14:19:49.8436154Z ##[group]Checking out the ref
Bootstrap smoke test	Run actions/checkout@v4	2026-04-30T14:19:49.8437834Z [command]/usr/bin/git checkout --progress --force refs/remotes/pull/1/merge
Bootstrap smoke test	Run actions/checkout@v4	2026-04-30T14:19:49.8491151Z Note: switching to 'refs/remotes/pull/1/merge'.
Bootstrap smoke test	Run actions/checkout@v4	2026-04-30T14:19:49.8492321Z 
Bootstrap smoke test	Run actions/checkout@v4	2026-04-30T14:19:49.8493234Z You are in 'detached HEAD' state. You can look around, make experimental
Bootstrap smoke test	Run actions/checkout@v4	2026-04-30T14:19:49.8495132Z changes and commit them, and you can discard any commits you make in this
Bootstrap smoke test	Run actions/checkout@v4	2026-04-30T14:19:49.8497155Z state without impacting any branches by switching back to a branch.
Bootstrap smoke test	Run actions/checkout@v4	2026-04-30T14:19:49.8499967Z 
Bootstrap smoke test	Run actions/checkout@v4	2026-04-30T14:19:49.8501048Z If you want to create a new branch to retain commits you create, you may
Bootstrap smoke test	Run actions/checkout@v4	2026-04-30T14:19:49.8503066Z do so (now or later) by using -c with the switch command. Example:
Bootstrap smoke test	Run actions/checkout@v4	2026-04-30T14:19:49.8504209Z 
Bootstrap smoke test	Run actions/checkout@v4	2026-04-30T14:19:49.8504880Z   git switch -c <new-branch-name>
Bootstrap smoke test	Run actions/checkout@v4	2026-04-30T14:19:49.8674906Z 
Bootstrap smoke test	Run actions/checkout@v4	2026-04-30T14:19:49.8675775Z Or undo this operation with:
Bootstrap smoke test	Run actions/checkout@v4	2026-04-30T14:19:49.8676583Z 
Bootstrap smoke test	Run actions/checkout@v4	2026-04-30T14:19:49.8677196Z   git switch -
Bootstrap smoke test	Run actions/checkout@v4	2026-04-30T14:19:49.8677828Z 
Bootstrap smoke test	Run actions/checkout@v4	2026-04-30T14:19:49.8679011Z Turn off this advice by setting config variable advice.detachedHead to false
Bootstrap smoke test	Run actions/checkout@v4	2026-04-30T14:19:49.8680465Z 
Bootstrap smoke test	Run actions/checkout@v4	2026-04-30T14:19:49.8681696Z HEAD is now at 6ec1034 Merge dab39a5ac56bec32f9592e07879e589a80d5ab5e into cdf28f205ce0adfe00bd7355be100fbe8371f70b
Bootstrap smoke test	Run actions/checkout@v4	2026-04-30T14:19:49.8685966Z ##[endgroup]
Bootstrap smoke test	Run actions/checkout@v4	2026-04-30T14:19:49.8689954Z [command]/usr/bin/git log -1 --format=%H
Bootstrap smoke test	Run actions/checkout@v4	2026-04-30T14:19:49.8691347Z 6ec10343f27d82b4244a6bdb4dafdbbfe078590e
Bootstrap smoke test	Detect source stacks	﻿2026-04-30T14:19:49.8846559Z ##[group]Run echo "rust=$([ -f Cargo.toml ] && echo true || echo false)" >> $GITHUB_OUTPUT
Bootstrap smoke test	Detect source stacks	2026-04-30T14:19:49.8847962Z ^[[36;1mecho "rust=$([ -f Cargo.toml ] && echo true || echo false)" >> $GITHUB_OUTPUT^[[0m
Bootstrap smoke test	Detect source stacks	2026-04-30T14:19:49.8849397Z ^[[36;1mecho "python=$({ [ -f pyproject.toml ] || [ -f requirements.txt ]; } && echo true || echo false)" >> $GITHUB_OUTPUT^[[0m
Bootstrap smoke test	Detect source stacks	2026-04-30T14:19:49.8851157Z ^[[36;1mecho "node=$([ -f package.json ] && echo true || echo false)" >> $GITHUB_OUTPUT^[[0m
Bootstrap smoke test	Detect source stacks	2026-04-30T14:19:49.8877973Z shell: /usr/bin/bash -e {0}
Bootstrap smoke test	Detect source stacks	2026-04-30T14:19:49.8878796Z ##[endgroup]
Bootstrap smoke test	Verify repo structure	﻿2026-04-30T14:19:49.9069770Z ##[group]Run echo "rust=true python=false node=false"
Bootstrap smoke test	Verify repo structure	2026-04-30T14:19:49.9070776Z ^[[36;1mecho "rust=true python=false node=false"^[[0m
Bootstrap smoke test	Verify repo structure	2026-04-30T14:19:49.9071967Z ^[[36;1mecho "OK — repo structure verified. Stack-specific jobs below run only if their manifest exists."^[[0m
Bootstrap smoke test	Verify repo structure	2026-04-30T14:19:49.9094158Z shell: /usr/bin/bash -e {0}
Bootstrap smoke test	Verify repo structure	2026-04-30T14:19:49.9094892Z ##[endgroup]
Bootstrap smoke test	Verify repo structure	2026-04-30T14:19:49.9142955Z rust=true python=false node=false
Bootstrap smoke test	Verify repo structure	2026-04-30T14:19:49.9145034Z OK — repo structure verified. Stack-specific jobs below run only if their manifest exists.
Bootstrap smoke test	Post Run actions/checkout@v4	﻿2026-04-30T14:19:49.9276128Z Post job cleanup.
Bootstrap smoke test	Post Run actions/checkout@v4	2026-04-30T14:19:50.0351229Z [command]/usr/bin/git version
Bootstrap smoke test	Post Run actions/checkout@v4	2026-04-30T14:19:50.0395148Z git version 2.53.0
Bootstrap smoke test	Post Run actions/checkout@v4	2026-04-30T14:19:50.0540310Z Temporarily overriding HOME='/home/runner/work/_temp/dd4eb5f6-dbaa-4893-a129-f55e2bdca889' before making global git config changes
Bootstrap smoke test	Post Run actions/checkout@v4	2026-04-30T14:19:50.0575775Z Adding repository directory to the temporary git global config as a safe directory
Bootstrap smoke test	Post Run actions/checkout@v4	2026-04-30T14:19:50.0578419Z [command]/usr/bin/git config --global --add safe.directory /home/runner/work/vtuber-image/vtuber-image
Bootstrap smoke test	Post Run actions/checkout@v4	2026-04-30T14:19:50.1356462Z [command]/usr/bin/git config --local --name-only --get-regexp core\.sshCommand
Bootstrap smoke test	Post Run actions/checkout@v4	2026-04-30T14:19:50.1396397Z [command]/usr/bin/git submodule foreach --recursive sh -c "git config --local --name-only --get-regexp 'core\.sshCommand' && git config --local --unset-all 'core.sshCommand' || :"
Bootstrap smoke test	Post Run actions/checkout@v4	2026-04-30T14:19:50.1675618Z [command]/usr/bin/git config --local --name-only --get-regexp http\.https\:\/\/github\.com\/\.extraheader
Bootstrap smoke test	Post Run actions/checkout@v4	2026-04-30T14:19:50.1702305Z http.https://github.com/.extraheader
Bootstrap smoke test	Post Run actions/checkout@v4	2026-04-30T14:19:50.1714637Z [command]/usr/bin/git config --local --unset-all http.https://github.com/.extraheader
Bootstrap smoke test	Post Run actions/checkout@v4	2026-04-30T14:19:50.2545835Z [command]/usr/bin/git submodule foreach --recursive sh -c "git config --local --name-only --get-regexp 'http\.https\:\/\/github\.com\/\.extraheader' && git config --local --unset-all 'http.https://github.com/.extraheader' || :"
Bootstrap smoke test	Post Run actions/checkout@v4	2026-04-30T14:19:50.2831427Z [command]/usr/bin/git config --local --name-only --get-regexp ^includeIf\.gitdir:
Bootstrap smoke test	Post Run actions/checkout@v4	2026-04-30T14:19:50.2919777Z [command]/usr/bin/git submodule foreach --recursive git config --local --show-origin --name-only --get-regexp remote.origin.url
Bootstrap smoke test	Complete job	﻿2026-04-30T14:19:50.3541368Z Cleaning up orphan processes
Bootstrap smoke test	Complete job	2026-04-30T14:19:50.3846934Z ##[warning]Node.js 20 actions are deprecated. The following actions are running on Node.js 20 and may not work as expected: actions/checkout@v4. Actions will be forced to run with Node.js 24 by default starting June 2nd, 2026. Node.js 20 will be removed from the runner on September 16th, 2026. Please check if updated versions of these actions are available that support Node.js 24. To opt into Node.js 24 now, set the FORCE_JAVASCRIPT_ACTIONS_TO_NODE24=true environment variable on the runner or in your workflow file. Once Node.js 24 becomes the default, you can temporarily opt out by setting ACTIONS_ALLOW_USE_UNSECURE_NODE_VERSION=true. For more information see: https://github.blog/changelog/2025-09-19-deprecation-of-node-20-on-github-actions-runners/
Rust Lint & Format	Set up job	﻿2026-04-30T14:19:47.8979566Z Current runner version: '2.334.0'
Rust Lint & Format	Set up job	2026-04-30T14:19:47.9034925Z ##[group]Runner Image Provisioner
Rust Lint & Format	Set up job	2026-04-30T14:19:47.9036108Z Hosted Compute Agent
Rust Lint & Format	Set up job	2026-04-30T14:19:47.9036958Z Version: 20260213.493
Rust Lint & Format	Set up job	2026-04-30T14:19:47.9058375Z Commit: 5c115507f6dd24b8de37d8bbe0bb4509d0cc0fa3
Rust Lint & Format	Set up job	2026-04-30T14:19:47.9059572Z Build Date: 2026-02-13T00:28:41Z
Rust Lint & Format	Set up job	2026-04-30T14:19:47.9060679Z Worker ID: {7a919b63-182d-4fd8-b443-7bfb77383e10}
Rust Lint & Format	Set up job	2026-04-30T14:19:47.9061974Z Azure Region: eastus2
Rust Lint & Format	Set up job	2026-04-30T14:19:47.9062928Z ##[endgroup]
Rust Lint & Format	Set up job	2026-04-30T14:19:47.9065327Z ##[group]Operating System
Rust Lint & Format	Set up job	2026-04-30T14:19:47.9066420Z Ubuntu
Rust Lint & Format	Set up job	2026-04-30T14:19:47.9067126Z 24.04.4
Rust Lint & Format	Set up job	2026-04-30T14:19:47.9068224Z LTS
Rust Lint & Format	Set up job	2026-04-30T14:19:47.9069078Z ##[endgroup]
Rust Lint & Format	Set up job	2026-04-30T14:19:47.9069956Z ##[group]Runner Image
Rust Lint & Format	Set up job	2026-04-30T14:19:47.9070871Z Image: ubuntu-24.04
Rust Lint & Format	Set up job	2026-04-30T14:19:47.9071885Z Version: 20260413.86.1
Rust Lint & Format	Set up job	2026-04-30T14:19:47.9073628Z Included Software: https://github.com/actions/runner-images/blob/ubuntu24/20260413.86/images/ubuntu/Ubuntu2404-Readme.md
Rust Lint & Format	Set up job	2026-04-30T14:19:47.9076555Z Image Release: https://github.com/actions/runner-images/releases/tag/ubuntu24%2F20260413.86
Rust Lint & Format	Set up job	2026-04-30T14:19:47.9098530Z ##[endgroup]
Rust Lint & Format	Set up job	2026-04-30T14:19:47.9100630Z ##[group]GITHUB_TOKEN Permissions
Rust Lint & Format	Set up job	2026-04-30T14:19:47.9103440Z Contents: read
Rust Lint & Format	Set up job	2026-04-30T14:19:47.9104288Z Metadata: read
Rust Lint & Format	Set up job	2026-04-30T14:19:47.9105227Z Packages: read
Rust Lint & Format	Set up job	2026-04-30T14:19:47.9106017Z ##[endgroup]
Rust Lint & Format	Set up job	2026-04-30T14:19:47.9109162Z Secret source: Actions
Rust Lint & Format	Set up job	2026-04-30T14:19:47.9110953Z Prepare workflow directory
Rust Lint & Format	Set up job	2026-04-30T14:19:47.9854307Z Prepare all required actions
Rust Lint & Format	Set up job	2026-04-30T14:19:47.9910842Z Getting action download info
Rust Lint & Format	Set up job	2026-04-30T14:19:48.4482068Z Download action repository 'actions/checkout@v4' (SHA:34e114876b0b11c390a56381ad16ebd13914f8d5)
Rust Lint & Format	Set up job	2026-04-30T14:19:48.5646626Z Download action repository 'dtolnay/rust-toolchain@stable' (SHA:29eef336d9b2848a0b548edc03f92a220660cdb8)
Rust Lint & Format	Set up job	2026-04-30T14:19:48.9176951Z Complete job name: Rust Lint & Format
Rust Lint & Format	Run actions/checkout@v4	﻿2026-04-30T14:19:48.9914601Z ##[group]Run actions/checkout@v4
Rust Lint & Format	Run actions/checkout@v4	2026-04-30T14:19:48.9915470Z with:
Rust Lint & Format	Run actions/checkout@v4	2026-04-30T14:19:48.9915895Z   repository: echo-layer/vtuber-image
Rust Lint & Format	Run actions/checkout@v4	2026-04-30T14:19:48.9916574Z   token: ***
Rust Lint & Format	Run actions/checkout@v4	2026-04-30T14:19:48.9916953Z   ssh-strict: true
Rust Lint & Format	Run actions/checkout@v4	2026-04-30T14:19:48.9917784Z   ssh-user: git
Rust Lint & Format	Run actions/checkout@v4	2026-04-30T14:19:48.9918244Z   persist-credentials: true
Rust Lint & Format	Run actions/checkout@v4	2026-04-30T14:19:48.9918691Z   clean: true
Rust Lint & Format	Run actions/checkout@v4	2026-04-30T14:19:48.9919095Z   sparse-checkout-cone-mode: true
Rust Lint & Format	Run actions/checkout@v4	2026-04-30T14:19:48.9919587Z   fetch-depth: 1
Rust Lint & Format	Run actions/checkout@v4	2026-04-30T14:19:48.9919972Z   fetch-tags: false
Rust Lint & Format	Run actions/checkout@v4	2026-04-30T14:19:48.9920369Z   show-progress: true
Rust Lint & Format	Run actions/checkout@v4	2026-04-30T14:19:48.9920762Z   lfs: false
Rust Lint & Format	Run actions/checkout@v4	2026-04-30T14:19:48.9921131Z   submodules: false
Rust Lint & Format	Run actions/checkout@v4	2026-04-30T14:19:48.9921533Z   set-safe-directory: true
Rust Lint & Format	Run actions/checkout@v4	2026-04-30T14:19:48.9922292Z ##[endgroup]
Rust Lint & Format	Run actions/checkout@v4	2026-04-30T14:19:49.1112083Z Syncing repository: echo-layer/vtuber-image
Rust Lint & Format	Run actions/checkout@v4	2026-04-30T14:19:49.1114536Z ##[group]Getting Git version info
Rust Lint & Format	Run actions/checkout@v4	2026-04-30T14:19:49.1115701Z Working directory is '/home/runner/work/vtuber-image/vtuber-image'
Rust Lint & Format	Run actions/checkout@v4	2026-04-30T14:19:49.1118665Z [command]/usr/bin/git version
Rust Lint & Format	Run actions/checkout@v4	2026-04-30T14:19:49.1168985Z git version 2.53.0
Rust Lint & Format	Run actions/checkout@v4	2026-04-30T14:19:49.1193272Z ##[endgroup]
Rust Lint & Format	Run actions/checkout@v4	2026-04-30T14:19:49.1209939Z Temporarily overriding HOME='/home/runner/work/_temp/aaca5ccd-7c0e-4ad9-b0d8-adfcfe8fce59' before making global git config changes
Rust Lint & Format	Run actions/checkout@v4	2026-04-30T14:19:49.1218336Z Adding repository directory to the temporary git global config as a safe directory
Rust Lint & Format	Run actions/checkout@v4	2026-04-30T14:19:49.1221469Z [command]/usr/bin/git config --global --add safe.directory /home/runner/work/vtuber-image/vtuber-image
Rust Lint & Format	Run actions/checkout@v4	2026-04-30T14:19:49.1251981Z Deleting the contents of '/home/runner/work/vtuber-image/vtuber-image'
Rust Lint & Format	Run actions/checkout@v4	2026-04-30T14:19:49.1256575Z ##[group]Initializing the repository
Rust Lint & Format	Run actions/checkout@v4	2026-04-30T14:19:49.1262088Z [command]/usr/bin/git init /home/runner/work/vtuber-image/vtuber-image
Rust Lint & Format	Run actions/checkout@v4	2026-04-30T14:19:49.1378844Z hint: Using 'master' as the name for the initial branch. This default branch name
Rust Lint & Format	Run actions/checkout@v4	2026-04-30T14:19:49.1381072Z hint: will change to "main" in Git 3.0. To configure the initial branch name
Rust Lint & Format	Run actions/checkout@v4	2026-04-30T14:19:49.1389239Z hint: to use in all of your new repositories, which will suppress this warning,
Rust Lint & Format	Run actions/checkout@v4	2026-04-30T14:19:49.1391274Z hint: call:
Rust Lint & Format	Run actions/checkout@v4	2026-04-30T14:19:49.1392497Z hint:
Rust Lint & Format	Run actions/checkout@v4	2026-04-30T14:19:49.1393805Z hint: 	git config --global init.defaultBranch <name>
Rust Lint & Format	Run actions/checkout@v4	2026-04-30T14:19:49.1401072Z hint:
Rust Lint & Format	Run actions/checkout@v4	2026-04-30T14:19:49.1402670Z hint: Names commonly chosen instead of 'master' are 'main', 'trunk' and
Rust Lint & Format	Run actions/checkout@v4	2026-04-30T14:19:49.1405019Z hint: 'development'. The just-created branch can be renamed via this command:
Rust Lint & Format	Run actions/checkout@v4	2026-04-30T14:19:49.1406894Z hint:
Rust Lint & Format	Run actions/checkout@v4	2026-04-30T14:19:49.1408826Z hint: 	git branch -m <name>
Rust Lint & Format	Run actions/checkout@v4	2026-04-30T14:19:49.1410115Z hint:
Rust Lint & Format	Run actions/checkout@v4	2026-04-30T14:19:49.1412003Z hint: Disable this message with "git config set advice.defaultBranchName false"
Rust Lint & Format	Run actions/checkout@v4	2026-04-30T14:19:49.1419228Z Initialized empty Git repository in /home/runner/work/vtuber-image/vtuber-image/.git/
Rust Lint & Format	Run actions/checkout@v4	2026-04-30T14:19:49.1424553Z [command]/usr/bin/git remote add origin https://github.com/echo-layer/vtuber-image
Rust Lint & Format	Run actions/checkout@v4	2026-04-30T14:19:49.1429291Z ##[endgroup]
Rust Lint & Format	Run actions/checkout@v4	2026-04-30T14:19:49.1431328Z ##[group]Disabling automatic garbage collection
Rust Lint & Format	Run actions/checkout@v4	2026-04-30T14:19:49.1432942Z [command]/usr/bin/git config --local gc.auto 0
Rust Lint & Format	Run actions/checkout@v4	2026-04-30T14:19:49.1460104Z ##[endgroup]
Rust Lint & Format	Run actions/checkout@v4	2026-04-30T14:19:49.1461969Z ##[group]Setting up auth
Rust Lint & Format	Run actions/checkout@v4	2026-04-30T14:19:49.1466988Z [command]/usr/bin/git config --local --name-only --get-regexp core\.sshCommand
Rust Lint & Format	Run actions/checkout@v4	2026-04-30T14:19:49.1499910Z [command]/usr/bin/git submodule foreach --recursive sh -c "git config --local --name-only --get-regexp 'core\.sshCommand' && git config --local --unset-all 'core.sshCommand' || :"
Rust Lint & Format	Run actions/checkout@v4	2026-04-30T14:19:49.1793893Z [command]/usr/bin/git config --local --name-only --get-regexp http\.https\:\/\/github\.com\/\.extraheader
Rust Lint & Format	Run actions/checkout@v4	2026-04-30T14:19:49.1833791Z [command]/usr/bin/git submodule foreach --recursive sh -c "git config --local --name-only --get-regexp 'http\.https\:\/\/github\.com\/\.extraheader' && git config --local --unset-all 'http.https://github.com/.extraheader' || :"
Rust Lint & Format	Run actions/checkout@v4	2026-04-30T14:19:49.2060841Z [command]/usr/bin/git config --local --name-only --get-regexp ^includeIf\.gitdir:
Rust Lint & Format	Run actions/checkout@v4	2026-04-30T14:19:49.2092903Z [command]/usr/bin/git submodule foreach --recursive git config --local --show-origin --name-only --get-regexp remote.origin.url
Rust Lint & Format	Run actions/checkout@v4	2026-04-30T14:19:49.2329587Z [command]/usr/bin/git config --local http.https://github.com/.extraheader AUTHORIZATION: basic ***
Rust Lint & Format	Run actions/checkout@v4	2026-04-30T14:19:49.2366095Z ##[endgroup]
Rust Lint & Format	Run actions/checkout@v4	2026-04-30T14:19:49.2368005Z ##[group]Fetching the repository
Rust Lint & Format	Run actions/checkout@v4	2026-04-30T14:19:49.2375651Z [command]/usr/bin/git -c protocol.version=2 fetch --no-tags --prune --no-recurse-submodules --depth=1 origin +6ec10343f27d82b4244a6bdb4dafdbbfe078590e:refs/remotes/pull/1/merge
Rust Lint & Format	Run actions/checkout@v4	2026-04-30T14:19:49.5009597Z From https://github.com/echo-layer/vtuber-image
Rust Lint & Format	Run actions/checkout@v4	2026-04-30T14:19:49.5011151Z  * [new ref]         6ec10343f27d82b4244a6bdb4dafdbbfe078590e -> pull/1/merge
Rust Lint & Format	Run actions/checkout@v4	2026-04-30T14:19:49.5033904Z ##[endgroup]
Rust Lint & Format	Run actions/checkout@v4	2026-04-30T14:19:49.5036049Z ##[group]Determining the checkout info
Rust Lint & Format	Run actions/checkout@v4	2026-04-30T14:19:49.5038866Z ##[endgroup]
Rust Lint & Format	Run actions/checkout@v4	2026-04-30T14:19:49.5048896Z [command]/usr/bin/git sparse-checkout disable
Rust Lint & Format	Run actions/checkout@v4	2026-04-30T14:19:49.5081704Z [command]/usr/bin/git config --local --unset-all extensions.worktreeConfig
Rust Lint & Format	Run actions/checkout@v4	2026-04-30T14:19:49.5110819Z ##[group]Checking out the ref
Rust Lint & Format	Run actions/checkout@v4	2026-04-30T14:19:49.5115748Z [command]/usr/bin/git checkout --progress --force refs/remotes/pull/1/merge
Rust Lint & Format	Run actions/checkout@v4	2026-04-30T14:19:49.5172082Z Note: switching to 'refs/remotes/pull/1/merge'.
Rust Lint & Format	Run actions/checkout@v4	2026-04-30T14:19:49.5173661Z 
Rust Lint & Format	Run actions/checkout@v4	2026-04-30T14:19:49.5175074Z You are in 'detached HEAD' state. You can look around, make experimental
Rust Lint & Format	Run actions/checkout@v4	2026-04-30T14:19:49.5177898Z changes and commit them, and you can discard any commits you make in this
Rust Lint & Format	Run actions/checkout@v4	2026-04-30T14:19:49.5182310Z state without impacting any branches by switching back to a branch.
Rust Lint & Format	Run actions/checkout@v4	2026-04-30T14:19:49.5184234Z 
Rust Lint & Format	Run actions/checkout@v4	2026-04-30T14:19:49.5185928Z If you want to create a new branch to retain commits you create, you may
Rust Lint & Format	Run actions/checkout@v4	2026-04-30T14:19:49.5188787Z do so (now or later) by using -c with the switch command. Example:
Rust Lint & Format	Run actions/checkout@v4	2026-04-30T14:19:49.5190695Z 
Rust Lint & Format	Run actions/checkout@v4	2026-04-30T14:19:49.5191514Z   git switch -c <new-branch-name>
Rust Lint & Format	Run actions/checkout@v4	2026-04-30T14:19:49.5193108Z 
Rust Lint & Format	Run actions/checkout@v4	2026-04-30T14:19:49.5193915Z Or undo this operation with:
Rust Lint & Format	Run actions/checkout@v4	2026-04-30T14:19:49.5195589Z 
Rust Lint & Format	Run actions/checkout@v4	2026-04-30T14:19:49.5196299Z   git switch -
Rust Lint & Format	Run actions/checkout@v4	2026-04-30T14:19:49.5197973Z 
Rust Lint & Format	Run actions/checkout@v4	2026-04-30T14:19:49.5199402Z Turn off this advice by setting config variable advice.detachedHead to false
Rust Lint & Format	Run actions/checkout@v4	2026-04-30T14:19:49.5201717Z 
Rust Lint & Format	Run actions/checkout@v4	2026-04-30T14:19:49.5203810Z HEAD is now at 6ec1034 Merge dab39a5ac56bec32f9592e07879e589a80d5ab5e into cdf28f205ce0adfe00bd7355be100fbe8371f70b
Rust Lint & Format	Run actions/checkout@v4	2026-04-30T14:19:49.5210752Z ##[endgroup]
Rust Lint & Format	Run actions/checkout@v4	2026-04-30T14:19:49.5228654Z [command]/usr/bin/git log -1 --format=%H
Rust Lint & Format	Run actions/checkout@v4	2026-04-30T14:19:49.5253691Z 6ec10343f27d82b4244a6bdb4dafdbbfe078590e
Rust Lint & Format	Skip if no Cargo.toml	﻿2026-04-30T14:19:49.5472797Z ##[group]Run if [ ! -f Cargo.toml ]; then
Rust Lint & Format	Skip if no Cargo.toml	2026-04-30T14:19:49.5473644Z ^[[36;1mif [ ! -f Cargo.toml ]; then^[[0m
Rust Lint & Format	Skip if no Cargo.toml	2026-04-30T14:19:49.5474490Z ^[[36;1m  echo "::notice::No Cargo.toml yet; skipping Rust lint."^[[0m
Rust Lint & Format	Skip if no Cargo.toml	2026-04-30T14:19:49.5475397Z ^[[36;1m  echo "skip=true" >> $GITHUB_OUTPUT^[[0m
Rust Lint & Format	Skip if no Cargo.toml	2026-04-30T14:19:49.5476084Z ^[[36;1melse^[[0m
Rust Lint & Format	Skip if no Cargo.toml	2026-04-30T14:19:49.5476594Z ^[[36;1m  echo "skip=false" >> $GITHUB_OUTPUT^[[0m
Rust Lint & Format	Skip if no Cargo.toml	2026-04-30T14:19:49.5477506Z ^[[36;1mfi^[[0m
Rust Lint & Format	Skip if no Cargo.toml	2026-04-30T14:19:49.5502340Z shell: /usr/bin/bash -e {0}
Rust Lint & Format	Skip if no Cargo.toml	2026-04-30T14:19:49.5502965Z ##[endgroup]
Rust Lint & Format	Setup Rust	﻿2026-04-30T14:19:49.5916467Z ##[group]Run dtolnay/rust-toolchain@stable
Rust Lint & Format	Setup Rust	2026-04-30T14:19:49.5917157Z with:
Rust Lint & Format	Setup Rust	2026-04-30T14:19:49.5917810Z   components: rustfmt, clippy
Rust Lint & Format	Setup Rust	2026-04-30T14:19:49.5918357Z   toolchain: stable
Rust Lint & Format	Setup Rust	2026-04-30T14:19:49.5918812Z ##[endgroup]
Rust Lint & Format	Setup Rust	2026-04-30T14:19:49.6124256Z ##[group]Run : parse toolchain version
Rust Lint & Format	Setup Rust	2026-04-30T14:19:49.6124981Z ^[[36;1m: parse toolchain version^[[0m
Rust Lint & Format	Setup Rust	2026-04-30T14:19:49.6125587Z ^[[36;1mif [[ -z $toolchain ]]; then^[[0m
Rust Lint & Format	Setup Rust	2026-04-30T14:19:49.6126730Z ^[[36;1m  # GitHub does not enforce `required: true` inputs itself. https://github.com/actions/runner/issues/1070^[[0m
Rust Lint & Format	Setup Rust	2026-04-30T14:19:49.6128142Z ^[[36;1m  echo "'toolchain' is a required input" >&2^[[0m
Rust Lint & Format	Setup Rust	2026-04-30T14:19:49.6128815Z ^[[36;1m  exit 1^[[0m
Rust Lint & Format	Setup Rust	2026-04-30T14:19:49.6129552Z ^[[36;1melif [[ $toolchain =~ ^stable' '[0-9]+' '(year|month|week|day)s?' 'ago$ ]]; then^[[0m
Rust Lint & Format	Setup Rust	2026-04-30T14:19:49.6130475Z ^[[36;1m  if [[ Linux == macOS ]]; then^[[0m
Rust Lint & Format	Setup Rust	2026-04-30T14:19:49.6131629Z ^[[36;1m    echo "toolchain=1.$((($(date -v-$(sed 's/stable \([0-9]*\) \(.\).*/\1\2/' <<< $toolchain) +%s)/60/60/24-16569)/7/6))" >> $GITHUB_OUTPUT^[[0m
Rust Lint & Format	Setup Rust	2026-04-30T14:19:49.6132838Z ^[[36;1m  else^[[0m
Rust Lint & Format	Setup Rust	2026-04-30T14:19:49.6133747Z ^[[36;1m    echo "toolchain=1.$((($(date --date "${toolchain#stable }" +%s)/60/60/24-16569)/7/6))" >> $GITHUB_OUTPUT^[[0m
Rust Lint & Format	Setup Rust	2026-04-30T14:19:49.6134798Z ^[[36;1m  fi^[[0m
Rust Lint & Format	Setup Rust	2026-04-30T14:19:49.6135451Z ^[[36;1melif [[ $toolchain =~ ^stable' 'minus' '[0-9]+' 'releases?$ ]]; then^[[0m
Rust Lint & Format	Setup Rust	2026-04-30T14:19:49.6136656Z ^[[36;1m  echo "toolchain=1.$((($(date +%s)/60/60/24-16569)/7/6-${toolchain//[^0-9]/}))" >> $GITHUB_OUTPUT^[[0m
Rust Lint & Format	Setup Rust	2026-04-30T14:19:49.6138113Z ^[[36;1melif [[ $toolchain =~ ^1\.[0-9]+$ ]]; then^[[0m
Rust Lint & Format	Setup Rust	2026-04-30T14:19:49.6139372Z ^[[36;1m  echo "toolchain=1.$((i=${toolchain#1.}, c=($(date +%s)/60/60/24-16569)/7/6, i+9*i*(10*i<=c)+90*i*(100*i<=c)))" >> $GITHUB_OUTPUT^[[0m
Rust Lint & Format	Setup Rust	2026-04-30T14:19:49.6140512Z ^[[36;1melse^[[0m
Rust Lint & Format	Setup Rust	2026-04-30T14:19:49.6141048Z ^[[36;1m  echo "toolchain=$toolchain" >> $GITHUB_OUTPUT^[[0m
Rust Lint & Format	Setup Rust	2026-04-30T14:19:49.6141720Z ^[[36;1mfi^[[0m
Rust Lint & Format	Setup Rust	2026-04-30T14:19:49.6164383Z shell: /usr/bin/bash --noprofile --norc -e -o pipefail {0}
Rust Lint & Format	Setup Rust	2026-04-30T14:19:49.6165154Z env:
Rust Lint & Format	Setup Rust	2026-04-30T14:19:49.6165542Z   toolchain: stable
Rust Lint & Format	Setup Rust	2026-04-30T14:19:49.6165983Z ##[endgroup]
Rust Lint & Format	Setup Rust	2026-04-30T14:19:49.6279228Z ##[group]Run : construct rustup command line
Rust Lint & Format	Setup Rust	2026-04-30T14:19:49.6279930Z ^[[36;1m: construct rustup command line^[[0m
Rust Lint & Format	Setup Rust	2026-04-30T14:19:49.6280920Z ^[[36;1mecho "targets=$(for t in ${targets//,/ }; do echo -n ' --target' $t; done)" >> $GITHUB_OUTPUT^[[0m
Rust Lint & Format	Setup Rust	2026-04-30T14:19:49.6282355Z ^[[36;1mecho "components=$(for c in ${components//,/ }; do echo -n ' --component' $c; done)" >> $GITHUB_OUTPUT^[[0m
Rust Lint & Format	Setup Rust	2026-04-30T14:19:49.6283437Z ^[[36;1mecho "downgrade=" >> $GITHUB_OUTPUT^[[0m
Rust Lint & Format	Setup Rust	2026-04-30T14:19:49.6303517Z shell: /usr/bin/bash --noprofile --norc -e -o pipefail {0}
Rust Lint & Format	Setup Rust	2026-04-30T14:19:49.6304260Z env:
Rust Lint & Format	Setup Rust	2026-04-30T14:19:49.6304640Z   targets: 
Rust Lint & Format	Setup Rust	2026-04-30T14:19:49.6305223Z   components: rustfmt, clippy
Rust Lint & Format	Setup Rust	2026-04-30T14:19:49.6305738Z ##[endgroup]
Rust Lint & Format	Setup Rust	2026-04-30T14:19:49.6400022Z ##[group]Run : set $CARGO_HOME
Rust Lint & Format	Setup Rust	2026-04-30T14:19:49.6400591Z ^[[36;1m: set $CARGO_HOME^[[0m
Rust Lint & Format	Setup Rust	2026-04-30T14:19:49.6401327Z ^[[36;1mecho CARGO_HOME=${CARGO_HOME:-"$HOME/.cargo"} >> $GITHUB_ENV^[[0m
Rust Lint & Format	Setup Rust	2026-04-30T14:19:49.6421472Z shell: /usr/bin/bash --noprofile --norc -e -o pipefail {0}
Rust Lint & Format	Setup Rust	2026-04-30T14:19:49.6422233Z ##[endgroup]
Rust Lint & Format	Setup Rust	2026-04-30T14:19:49.6509659Z ##[group]Run : install rustup if needed
Rust Lint & Format	Setup Rust	2026-04-30T14:19:49.6510304Z ^[[36;1m: install rustup if needed^[[0m
Rust Lint & Format	Setup Rust	2026-04-30T14:19:49.6510945Z ^[[36;1mif ! command -v rustup &>/dev/null; then^[[0m
Rust Lint & Format	Setup Rust	2026-04-30T14:19:49.6512594Z ^[[36;1m  curl --proto '=https' --tlsv1.2 --retry 10 --retry-connrefused --location --silent --show-error --fail https://sh.rustup.rs | sh -s -- --default-toolchain none -y^[[0m
Rust Lint & Format	Setup Rust	2026-04-30T14:19:49.6514218Z ^[[36;1m  echo "$CARGO_HOME/bin" >> $GITHUB_PATH^[[0m
Rust Lint & Format	Setup Rust	2026-04-30T14:19:49.6514833Z ^[[36;1mfi^[[0m
Rust Lint & Format	Setup Rust	2026-04-30T14:19:49.6535220Z shell: /usr/bin/bash --noprofile --norc -e -o pipefail {0}
Rust Lint & Format	Setup Rust	2026-04-30T14:19:49.6535984Z env:
Rust Lint & Format	Setup Rust	2026-04-30T14:19:49.6536382Z   CARGO_HOME: /home/runner/.cargo
Rust Lint & Format	Setup Rust	2026-04-30T14:19:49.6536933Z ##[endgroup]
Rust Lint & Format	Setup Rust	2026-04-30T14:19:49.6632992Z ##[group]Run rustup toolchain install stable --component rustfmt --component clippy --profile minimal --no-self-update
Rust Lint & Format	Setup Rust	2026-04-30T14:19:49.6634804Z ^[[36;1mrustup toolchain install stable --component rustfmt --component clippy --profile minimal --no-self-update^[[0m
Rust Lint & Format	Setup Rust	2026-04-30T14:19:49.6655684Z shell: /usr/bin/bash --noprofile --norc -e -o pipefail {0}
Rust Lint & Format	Setup Rust	2026-04-30T14:19:49.6656426Z env:
Rust Lint & Format	Setup Rust	2026-04-30T14:19:49.6656824Z   CARGO_HOME: /home/runner/.cargo
Rust Lint & Format	Setup Rust	2026-04-30T14:19:49.6657567Z   RUSTUP_PERMIT_COPY_RENAME: 1
Rust Lint & Format	Setup Rust	2026-04-30T14:19:49.6658086Z ##[endgroup]
Rust Lint & Format	Setup Rust	2026-04-30T14:19:50.0920046Z info: syncing channel updates for stable-x86_64-unknown-linux-gnu
Rust Lint & Format	Setup Rust	2026-04-30T14:19:50.2604769Z info: latest update on 2026-04-16 for version 1.95.0 (59807616e 2026-04-14)
Rust Lint & Format	Setup Rust	2026-04-30T14:19:50.2854730Z info: removing previous version of component clippy
Rust Lint & Format	Setup Rust	2026-04-30T14:19:50.3005181Z info: removing previous version of component rustfmt
Rust Lint & Format	Setup Rust	2026-04-30T14:19:50.3015870Z info: removing previous version of component cargo
Rust Lint & Format	Setup Rust	2026-04-30T14:19:50.3107451Z info: removing previous version of component rust-std
Rust Lint & Format	Setup Rust	2026-04-30T14:19:50.3217722Z info: removing previous version of component rustc
Rust Lint & Format	Setup Rust	2026-04-30T14:19:50.3267923Z info: downloading 5 components
Rust Lint & Format	Setup Rust	2026-04-30T14:20:00.1893346Z 
Rust Lint & Format	Setup Rust	2026-04-30T14:20:00.1989732Z   stable-x86_64-unknown-linux-gnu updated - rustc 1.95.0 (59807616e 2026-04-14) (from rustc 1.94.1 (e408947bf 2026-03-25))
Rust Lint & Format	Setup Rust	2026-04-30T14:20:00.2008828Z 
Rust Lint & Format	Setup Rust	2026-04-30T14:20:00.2096857Z ##[group]Run rustup default stable
Rust Lint & Format	Setup Rust	2026-04-30T14:20:00.2097149Z ^[[36;1mrustup default stable^[[0m
Rust Lint & Format	Setup Rust	2026-04-30T14:20:00.2119707Z shell: /usr/bin/bash --noprofile --norc -e -o pipefail {0}
Rust Lint & Format	Setup Rust	2026-04-30T14:20:00.2120038Z env:
Rust Lint & Format	Setup Rust	2026-04-30T14:20:00.2120230Z   CARGO_HOME: /home/runner/.cargo
Rust Lint & Format	Setup Rust	2026-04-30T14:20:00.2120499Z ##[endgroup]
Rust Lint & Format	Setup Rust	2026-04-30T14:20:00.2214438Z info: using existing install for stable-x86_64-unknown-linux-gnu
Rust Lint & Format	Setup Rust	2026-04-30T14:20:00.2223513Z info: default toolchain set to stable-x86_64-unknown-linux-gnu
Rust Lint & Format	Setup Rust	2026-04-30T14:20:00.2225942Z 
Rust Lint & Format	Setup Rust	2026-04-30T14:20:00.2292244Z   stable-x86_64-unknown-linux-gnu unchanged - rustc 1.95.0 (59807616e 2026-04-14)
Rust Lint & Format	Setup Rust	2026-04-30T14:20:00.2293137Z 
Rust Lint & Format	Setup Rust	2026-04-30T14:20:00.2334165Z ##[group]Run : create cachekey
Rust Lint & Format	Setup Rust	2026-04-30T14:20:00.2334445Z ^[[36;1m: create cachekey^[[0m
Rust Lint & Format	Setup Rust	2026-04-30T14:20:00.2334928Z ^[[36;1mDATE=$(rustc +stable --version --verbose | sed -ne 's/^commit-date: \(20[0-9][0-9]\)-\([01][0-9]\)-\([0-3][0-9]\)$/\1\2\3/p')^[[0m
Rust Lint & Format	Setup Rust	2026-04-30T14:20:00.2335571Z ^[[36;1mHASH=$(rustc +stable --version --verbose | sed -ne 's/^commit-hash: //p')^[[0m
Rust Lint & Format	Setup Rust	2026-04-30T14:20:00.2336068Z ^[[36;1mecho "cachekey=$(echo $DATE$HASH | head -c12)" >> $GITHUB_OUTPUT^[[0m
Rust Lint & Format	Setup Rust	2026-04-30T14:20:00.2358366Z shell: /usr/bin/bash --noprofile --norc -e -o pipefail {0}
Rust Lint & Format	Setup Rust	2026-04-30T14:20:00.2358710Z env:
Rust Lint & Format	Setup Rust	2026-04-30T14:20:00.2358885Z   CARGO_HOME: /home/runner/.cargo
Rust Lint & Format	Setup Rust	2026-04-30T14:20:00.2359161Z ##[endgroup]
Rust Lint & Format	Setup Rust	2026-04-30T14:20:00.2703462Z ##[group]Run : disable incremental compilation
Rust Lint & Format	Setup Rust	2026-04-30T14:20:00.2703834Z ^[[36;1m: disable incremental compilation^[[0m
Rust Lint & Format	Setup Rust	2026-04-30T14:20:00.2704158Z ^[[36;1mif [ -z "${CARGO_INCREMENTAL+set}" ]; then^[[0m
Rust Lint & Format	Setup Rust	2026-04-30T14:20:00.2704474Z ^[[36;1m  echo CARGO_INCREMENTAL=0 >> $GITHUB_ENV^[[0m
Rust Lint & Format	Setup Rust	2026-04-30T14:20:00.2704749Z ^[[36;1mfi^[[0m
Rust Lint & Format	Setup Rust	2026-04-30T14:20:00.2727658Z shell: /usr/bin/bash --noprofile --norc -e -o pipefail {0}
Rust Lint & Format	Setup Rust	2026-04-30T14:20:00.2728014Z env:
Rust Lint & Format	Setup Rust	2026-04-30T14:20:00.2728198Z   CARGO_HOME: /home/runner/.cargo
Rust Lint & Format	Setup Rust	2026-04-30T14:20:00.2728432Z ##[endgroup]
Rust Lint & Format	Setup Rust	2026-04-30T14:20:00.2797031Z ##[group]Run : enable colors in Cargo output
Rust Lint & Format	Setup Rust	2026-04-30T14:20:00.2797715Z ^[[36;1m: enable colors in Cargo output^[[0m
Rust Lint & Format	Setup Rust	2026-04-30T14:20:00.2798065Z ^[[36;1mif [ -z "${CARGO_TERM_COLOR+set}" ]; then^[[0m
Rust Lint & Format	Setup Rust	2026-04-30T14:20:00.2798395Z ^[[36;1m  echo CARGO_TERM_COLOR=always >> $GITHUB_ENV^[[0m
Rust Lint & Format	Setup Rust	2026-04-30T14:20:00.2798665Z ^[[36;1mfi^[[0m
Rust Lint & Format	Setup Rust	2026-04-30T14:20:00.2819148Z shell: /usr/bin/bash --noprofile --norc -e -o pipefail {0}
Rust Lint & Format	Setup Rust	2026-04-30T14:20:00.2819507Z env:
Rust Lint & Format	Setup Rust	2026-04-30T14:20:00.2819691Z   CARGO_HOME: /home/runner/.cargo
Rust Lint & Format	Setup Rust	2026-04-30T14:20:00.2819926Z   CARGO_INCREMENTAL: 0
Rust Lint & Format	Setup Rust	2026-04-30T14:20:00.2820318Z ##[endgroup]
Rust Lint & Format	Setup Rust	2026-04-30T14:20:00.2916604Z ##[group]Run : enable Cargo sparse registry
Rust Lint & Format	Setup Rust	2026-04-30T14:20:00.2916936Z ^[[36;1m: enable Cargo sparse registry^[[0m
Rust Lint & Format	Setup Rust	2026-04-30T14:20:00.2917695Z ^[[36;1m# implemented in 1.66, stabilized in 1.68, made default in 1.70^[[0m
Rust Lint & Format	Setup Rust	2026-04-30T14:20:00.2918410Z ^[[36;1mif [ -z "${CARGO_REGISTRIES_CRATES_IO_PROTOCOL+set}" -o -f "/home/runner/work/_temp"/.implicit_cargo_registries_crates_io_protocol ]; then^[[0m
Rust Lint & Format	Setup Rust	2026-04-30T14:20:00.2919147Z ^[[36;1m  if rustc +stable --version --verbose | grep -q '^release: 1\.6[89]\.'; then^[[0m
Rust Lint & Format	Setup Rust	2026-04-30T14:20:00.2919694Z ^[[36;1m    touch "/home/runner/work/_temp"/.implicit_cargo_registries_crates_io_protocol || true^[[0m
Rust Lint & Format	Setup Rust	2026-04-30T14:20:00.2920229Z ^[[36;1m    echo CARGO_REGISTRIES_CRATES_IO_PROTOCOL=sparse >> $GITHUB_ENV^[[0m
Rust Lint & Format	Setup Rust	2026-04-30T14:20:00.2920711Z ^[[36;1m  elif rustc +stable --version --verbose | grep -q '^release: 1\.6[67]\.'; then^[[0m
Rust Lint & Format	Setup Rust	2026-04-30T14:20:00.2921278Z ^[[36;1m    touch "/home/runner/work/_temp"/.implicit_cargo_registries_crates_io_protocol || true^[[0m
Rust Lint & Format	Setup Rust	2026-04-30T14:20:00.2921777Z ^[[36;1m    echo CARGO_REGISTRIES_CRATES_IO_PROTOCOL=git >> $GITHUB_ENV^[[0m
Rust Lint & Format	Setup Rust	2026-04-30T14:20:00.2922098Z ^[[36;1m  fi^[[0m
Rust Lint & Format	Setup Rust	2026-04-30T14:20:00.2922263Z ^[[36;1mfi^[[0m
Rust Lint & Format	Setup Rust	2026-04-30T14:20:00.2942552Z shell: /usr/bin/bash --noprofile --norc -e -o pipefail {0}
Rust Lint & Format	Setup Rust	2026-04-30T14:20:00.2942884Z env:
Rust Lint & Format	Setup Rust	2026-04-30T14:20:00.2943058Z   CARGO_HOME: /home/runner/.cargo
Rust Lint & Format	Setup Rust	2026-04-30T14:20:00.2943296Z   CARGO_INCREMENTAL: 0
Rust Lint & Format	Setup Rust	2026-04-30T14:20:00.2943487Z   CARGO_TERM_COLOR: always
Rust Lint & Format	Setup Rust	2026-04-30T14:20:00.2943685Z ##[endgroup]
Rust Lint & Format	Setup Rust	2026-04-30T14:20:00.3270016Z ##[group]Run : work around spurious network errors in curl 8.0
Rust Lint & Format	Setup Rust	2026-04-30T14:20:00.3270473Z ^[[36;1m: work around spurious network errors in curl 8.0^[[0m
Rust Lint & Format	Setup Rust	2026-04-30T14:20:00.3271201Z ^[[36;1m# https://rust-lang.zulipchat.com/#narrow/stream/246057-t-cargo/topic/timeout.20investigation^[[0m
Rust Lint & Format	Setup Rust	2026-04-30T14:20:00.3271831Z ^[[36;1mif rustc +stable --version --verbose | grep -q '^release: 1\.7[01]\.'; then^[[0m
Rust Lint & Format	Setup Rust	2026-04-30T14:20:00.3272304Z ^[[36;1m  echo CARGO_HTTP_MULTIPLEXING=false >> $GITHUB_ENV^[[0m
Rust Lint & Format	Setup Rust	2026-04-30T14:20:00.3272603Z ^[[36;1mfi^[[0m
Rust Lint & Format	Setup Rust	2026-04-30T14:20:00.3295661Z shell: /usr/bin/bash --noprofile --norc -e -o pipefail {0}
Rust Lint & Format	Setup Rust	2026-04-30T14:20:00.3296002Z env:
Rust Lint & Format	Setup Rust	2026-04-30T14:20:00.3296185Z   CARGO_HOME: /home/runner/.cargo
Rust Lint & Format	Setup Rust	2026-04-30T14:20:00.3296437Z   CARGO_INCREMENTAL: 0
Rust Lint & Format	Setup Rust	2026-04-30T14:20:00.3296644Z   CARGO_TERM_COLOR: always
Rust Lint & Format	Setup Rust	2026-04-30T14:20:00.3296864Z ##[endgroup]
Rust Lint & Format	Setup Rust	2026-04-30T14:20:00.3493940Z ##[group]Run rustc +stable --version --verbose
Rust Lint & Format	Setup Rust	2026-04-30T14:20:00.3494271Z ^[[36;1mrustc +stable --version --verbose^[[0m
Rust Lint & Format	Setup Rust	2026-04-30T14:20:00.3516263Z shell: /usr/bin/bash --noprofile --norc -e -o pipefail {0}
Rust Lint & Format	Setup Rust	2026-04-30T14:20:00.3516596Z env:
Rust Lint & Format	Setup Rust	2026-04-30T14:20:00.3516775Z   CARGO_HOME: /home/runner/.cargo
Rust Lint & Format	Setup Rust	2026-04-30T14:20:00.3517023Z   CARGO_INCREMENTAL: 0
Rust Lint & Format	Setup Rust	2026-04-30T14:20:00.3518213Z   CARGO_TERM_COLOR: always
Rust Lint & Format	Setup Rust	2026-04-30T14:20:00.3518458Z ##[endgroup]
Rust Lint & Format	Setup Rust	2026-04-30T14:20:00.3668157Z rustc 1.95.0 (59807616e 2026-04-14)
Rust Lint & Format	Setup Rust	2026-04-30T14:20:00.3671645Z binary: rustc
Rust Lint & Format	Setup Rust	2026-04-30T14:20:00.3672544Z commit-hash: 59807616e1fa2540724bfbac14d7976d7e4a3860
Rust Lint & Format	Setup Rust	2026-04-30T14:20:00.3673359Z commit-date: 2026-04-14
Rust Lint & Format	Setup Rust	2026-04-30T14:20:00.3673957Z host: x86_64-unknown-linux-gnu
Rust Lint & Format	Setup Rust	2026-04-30T14:20:00.3674595Z release: 1.95.0
Rust Lint & Format	Setup Rust	2026-04-30T14:20:00.3675122Z LLVM version: 22.1.2
Rust Lint & Format	Check formatting	﻿2026-04-30T14:20:00.3751201Z ##[group]Run cargo fmt --all --check
Rust Lint & Format	Check formatting	2026-04-30T14:20:00.3751538Z ^[[36;1mcargo fmt --all --check^[[0m
Rust Lint & Format	Check formatting	2026-04-30T14:20:00.3774046Z shell: /usr/bin/bash -e {0}
Rust Lint & Format	Check formatting	2026-04-30T14:20:00.3774297Z env:
Rust Lint & Format	Check formatting	2026-04-30T14:20:00.3774475Z   CARGO_HOME: /home/runner/.cargo
Rust Lint & Format	Check formatting	2026-04-30T14:20:00.3774721Z   CARGO_INCREMENTAL: 0
Rust Lint & Format	Check formatting	2026-04-30T14:20:00.3774922Z   CARGO_TERM_COLOR: always
Rust Lint & Format	Check formatting	2026-04-30T14:20:00.3775133Z ##[endgroup]
Rust Lint & Format	Check formatting	2026-04-30T14:20:00.4221764Z Diff in /home/runner/work/vtuber-image/vtuber-image/build.rs:1:
Rust Lint & Format	Check formatting	2026-04-30T14:20:00.4228950Z  fn main() -> Result<(), Box<dyn std::error::Error>> {
Rust Lint & Format	Check formatting	2026-04-30T14:20:00.4230156Z -    tonic_build::configure()
Rust Lint & Format	Check formatting	2026-04-30T14:20:00.4230891Z -        .compile(
Rust Lint & Format	Check formatting	2026-04-30T14:20:00.4231583Z -            &["proto/vtuber_image/v1/image.proto"],
Rust Lint & Format	Check formatting	2026-04-30T14:20:00.4232430Z -            &["proto"],
Rust Lint & Format	Check formatting	2026-04-30T14:20:00.4232965Z -        )?;
Rust Lint & Format	Check formatting	2026-04-30T14:20:00.4233876Z +    tonic_build::configure().compile(&["proto/vtuber_image/v1/image.proto"], &["proto"])?;
Rust Lint & Format	Check formatting	2026-04-30T14:20:00.4234864Z      Ok(())
Rust Lint & Format	Check formatting	2026-04-30T14:20:00.4235555Z  }
Rust Lint & Format	Check formatting	2026-04-30T14:20:00.4236099Z  
Rust Lint & Format	Check formatting	2026-04-30T14:20:00.4236807Z Diff in /home/runner/work/vtuber-image/vtuber-image/src/main.rs:26:
Rust Lint & Format	Check formatting	2026-04-30T14:20:00.4237835Z              .output()
Rust Lint & Format	Check formatting	2026-04-30T14:20:00.4238766Z              .map_err(|e| Status::internal(format!("Failed to execute python worker: {}", e)))?;
Rust Lint & Format	Check formatting	2026-04-30T14:20:00.4239817Z  
Rust Lint & Format	Check formatting	2026-04-30T14:20:00.4240574Z -        println!("Python output: {:?}", String::from_utf8_lossy(&output.stdout));
Rust Lint & Format	Check formatting	2026-04-30T14:20:00.4241419Z +        println!(
Rust Lint & Format	Check formatting	2026-04-30T14:20:00.4241988Z +            "Python output: {:?}",
Rust Lint & Format	Check formatting	2026-04-30T14:20:00.4242653Z +            String::from_utf8_lossy(&output.stdout)
Rust Lint & Format	Check formatting	2026-04-30T14:20:00.4243945Z +        );
Rust Lint & Format	Check formatting	2026-04-30T14:20:00.4244422Z  
Rust Lint & Format	Check formatting	2026-04-30T14:20:00.4244989Z          let reply = GenerationResponse {
Rust Lint & Format	Check formatting	2026-04-30T14:20:00.4245833Z              image_url: "http://placeholder.com/image.png".to_string(),
Rust Lint & Format	Check formatting	2026-04-30T14:20:00.4257541Z ##[error]Process completed with exit code 1.
Rust Lint & Format	Post Run actions/checkout@v4	﻿2026-04-30T14:20:00.4381768Z Post job cleanup.
Rust Lint & Format	Post Run actions/checkout@v4	2026-04-30T14:20:00.5357958Z [command]/usr/bin/git version
Rust Lint & Format	Post Run actions/checkout@v4	2026-04-30T14:20:00.5409730Z git version 2.53.0
Rust Lint & Format	Post Run actions/checkout@v4	2026-04-30T14:20:00.5457169Z Temporarily overriding HOME='/home/runner/work/_temp/20abaa17-6c5d-48f8-b70b-ccded7246de8' before making global git config changes
Rust Lint & Format	Post Run actions/checkout@v4	2026-04-30T14:20:00.5459247Z Adding repository directory to the temporary git global config as a safe directory
Rust Lint & Format	Post Run actions/checkout@v4	2026-04-30T14:20:00.5463882Z [command]/usr/bin/git config --global --add safe.directory /home/runner/work/vtuber-image/vtuber-image
Rust Lint & Format	Post Run actions/checkout@v4	2026-04-30T14:20:00.5501254Z [command]/usr/bin/git config --local --name-only --get-regexp core\.sshCommand
Rust Lint & Format	Post Run actions/checkout@v4	2026-04-30T14:20:00.5538027Z [command]/usr/bin/git submodule foreach --recursive sh -c "git config --local --name-only --get-regexp 'core\.sshCommand' && git config --local --unset-all 'core.sshCommand' || :"
Rust Lint & Format	Post Run actions/checkout@v4	2026-04-30T14:20:00.5808568Z [command]/usr/bin/git config --local --name-only --get-regexp http\.https\:\/\/github\.com\/\.extraheader
Rust Lint & Format	Post Run actions/checkout@v4	2026-04-30T14:20:00.5833832Z http.https://github.com/.extraheader
Rust Lint & Format	Post Run actions/checkout@v4	2026-04-30T14:20:00.5855831Z [command]/usr/bin/git config --local --unset-all http.https://github.com/.extraheader
Rust Lint & Format	Post Run actions/checkout@v4	2026-04-30T14:20:00.5882638Z [command]/usr/bin/git submodule foreach --recursive sh -c "git config --local --name-only --get-regexp 'http\.https\:\/\/github\.com\/\.extraheader' && git config --local --unset-all 'http.https://github.com/.extraheader' || :"
Rust Lint & Format	Post Run actions/checkout@v4	2026-04-30T14:20:00.6146876Z [command]/usr/bin/git config --local --name-only --get-regexp ^includeIf\.gitdir:
Rust Lint & Format	Post Run actions/checkout@v4	2026-04-30T14:20:00.6158207Z [command]/usr/bin/git submodule foreach --recursive git config --local --show-origin --name-only --get-regexp remote.origin.url
Rust Lint & Format	Complete job	﻿2026-04-30T14:20:00.6518447Z Cleaning up orphan processes
Rust Lint & Format	Complete job	2026-04-30T14:20:00.6802297Z ##[warning]Node.js 20 actions are deprecated. The following actions are running on Node.js 20 and may not work as expected: actions/checkout@v4. Actions will be forced to run with Node.js 24 by default starting June 2nd, 2026. Node.js 20 will be removed from the runner on September 16th, 2026. Please check if updated versions of these actions are available that support Node.js 24. To opt into Node.js 24 now, set the FORCE_JAVASCRIPT_ACTIONS_TO_NODE24=true environment variable on the runner or in your workflow file. Once Node.js 24 becomes the default, you can temporarily opt out by setting ACTIONS_ALLOW_USE_UNSECURE_NODE_VERSION=true. For more information see: https://github.blog/changelog/2025-09-19-deprecation-of-node-20-on-github-actions-runners/
