Rust Dependency Audit	Set up job	﻿2026-04-30T14:19:47.2694629Z Current runner version: '2.334.0'
Rust Dependency Audit	Set up job	2026-04-30T14:19:47.2724126Z ##[group]Runner Image Provisioner
Rust Dependency Audit	Set up job	2026-04-30T14:19:47.2725452Z Hosted Compute Agent
Rust Dependency Audit	Set up job	2026-04-30T14:19:47.2726285Z Version: 20260213.493
Rust Dependency Audit	Set up job	2026-04-30T14:19:47.2727273Z Commit: 5c115507f6dd24b8de37d8bbe0bb4509d0cc0fa3
Rust Dependency Audit	Set up job	2026-04-30T14:19:47.2728378Z Build Date: 2026-02-13T00:28:41Z
Rust Dependency Audit	Set up job	2026-04-30T14:19:47.2729367Z Worker ID: {0b597a73-7d52-4b7a-8fc8-9de4d0409629}
Rust Dependency Audit	Set up job	2026-04-30T14:19:47.2730450Z Azure Region: eastus
Rust Dependency Audit	Set up job	2026-04-30T14:19:47.2731323Z ##[endgroup]
Rust Dependency Audit	Set up job	2026-04-30T14:19:47.2733334Z ##[group]Operating System
Rust Dependency Audit	Set up job	2026-04-30T14:19:47.2734370Z Ubuntu
Rust Dependency Audit	Set up job	2026-04-30T14:19:47.2735232Z 24.04.4
Rust Dependency Audit	Set up job	2026-04-30T14:19:47.2736029Z LTS
Rust Dependency Audit	Set up job	2026-04-30T14:19:47.2736758Z ##[endgroup]
Rust Dependency Audit	Set up job	2026-04-30T14:19:47.2737544Z ##[group]Runner Image
Rust Dependency Audit	Set up job	2026-04-30T14:19:47.2738414Z Image: ubuntu-24.04
Rust Dependency Audit	Set up job	2026-04-30T14:19:47.2739280Z Version: 20260413.86.1
Rust Dependency Audit	Set up job	2026-04-30T14:19:47.2740927Z Included Software: https://github.com/actions/runner-images/blob/ubuntu24/20260413.86/images/ubuntu/Ubuntu2404-Readme.md
Rust Dependency Audit	Set up job	2026-04-30T14:19:47.2743630Z Image Release: https://github.com/actions/runner-images/releases/tag/ubuntu24%2F20260413.86
Rust Dependency Audit	Set up job	2026-04-30T14:19:47.2744968Z ##[endgroup]
Rust Dependency Audit	Set up job	2026-04-30T14:19:47.2746857Z ##[group]GITHUB_TOKEN Permissions
Rust Dependency Audit	Set up job	2026-04-30T14:19:47.2750619Z Contents: read
Rust Dependency Audit	Set up job	2026-04-30T14:19:47.2751532Z Metadata: read
Rust Dependency Audit	Set up job	2026-04-30T14:19:47.2752216Z Packages: read
Rust Dependency Audit	Set up job	2026-04-30T14:19:47.2753144Z ##[endgroup]
Rust Dependency Audit	Set up job	2026-04-30T14:19:47.2756591Z Secret source: Actions
Rust Dependency Audit	Set up job	2026-04-30T14:19:47.2757974Z Prepare workflow directory
Rust Dependency Audit	Set up job	2026-04-30T14:19:47.3214235Z Prepare all required actions
Rust Dependency Audit	Set up job	2026-04-30T14:19:47.3266946Z Getting action download info
Rust Dependency Audit	Set up job	2026-04-30T14:19:47.7048346Z Download action repository 'actions/checkout@v4' (SHA:34e114876b0b11c390a56381ad16ebd13914f8d5)
Rust Dependency Audit	Set up job	2026-04-30T14:19:47.9682476Z Download action repository 'dtolnay/rust-toolchain@stable' (SHA:29eef336d9b2848a0b548edc03f92a220660cdb8)
Rust Dependency Audit	Set up job	2026-04-30T14:19:48.3530043Z Complete job name: Rust Dependency Audit
Rust Dependency Audit	Run actions/checkout@v4	﻿2026-04-30T14:19:48.4229719Z ##[group]Run actions/checkout@v4
Rust Dependency Audit	Run actions/checkout@v4	2026-04-30T14:19:48.4230639Z with:
Rust Dependency Audit	Run actions/checkout@v4	2026-04-30T14:19:48.4231095Z   repository: echo-layer/vtuber-image
Rust Dependency Audit	Run actions/checkout@v4	2026-04-30T14:19:48.4231861Z   token: ***
Rust Dependency Audit	Run actions/checkout@v4	2026-04-30T14:19:48.4232314Z   ssh-strict: true
Rust Dependency Audit	Run actions/checkout@v4	2026-04-30T14:19:48.4232763Z   ssh-user: git
Rust Dependency Audit	Run actions/checkout@v4	2026-04-30T14:19:48.4233214Z   persist-credentials: true
Rust Dependency Audit	Run actions/checkout@v4	2026-04-30T14:19:48.4233701Z   clean: true
Rust Dependency Audit	Run actions/checkout@v4	2026-04-30T14:19:48.4234148Z   sparse-checkout-cone-mode: true
Rust Dependency Audit	Run actions/checkout@v4	2026-04-30T14:19:48.4234669Z   fetch-depth: 1
Rust Dependency Audit	Run actions/checkout@v4	2026-04-30T14:19:48.4235447Z   fetch-tags: false
Rust Dependency Audit	Run actions/checkout@v4	2026-04-30T14:19:48.4235984Z   show-progress: true
Rust Dependency Audit	Run actions/checkout@v4	2026-04-30T14:19:48.4236446Z   lfs: false
Rust Dependency Audit	Run actions/checkout@v4	2026-04-30T14:19:48.4236854Z   submodules: false
Rust Dependency Audit	Run actions/checkout@v4	2026-04-30T14:19:48.4237309Z   set-safe-directory: true
Rust Dependency Audit	Run actions/checkout@v4	2026-04-30T14:19:48.4238066Z ##[endgroup]
Rust Dependency Audit	Run actions/checkout@v4	2026-04-30T14:19:48.5449294Z Syncing repository: echo-layer/vtuber-image
Rust Dependency Audit	Run actions/checkout@v4	2026-04-30T14:19:48.5452098Z ##[group]Getting Git version info
Rust Dependency Audit	Run actions/checkout@v4	2026-04-30T14:19:48.5453342Z Working directory is '/home/runner/work/vtuber-image/vtuber-image'
Rust Dependency Audit	Run actions/checkout@v4	2026-04-30T14:19:48.5456583Z [command]/usr/bin/git version
Rust Dependency Audit	Run actions/checkout@v4	2026-04-30T14:19:48.5489128Z git version 2.53.0
Rust Dependency Audit	Run actions/checkout@v4	2026-04-30T14:19:48.5515836Z ##[endgroup]
Rust Dependency Audit	Run actions/checkout@v4	2026-04-30T14:19:48.5531489Z Temporarily overriding HOME='/home/runner/work/_temp/2080526d-2da0-42f1-81f0-8d4f2b811cac' before making global git config changes
Rust Dependency Audit	Run actions/checkout@v4	2026-04-30T14:19:48.5533283Z Adding repository directory to the temporary git global config as a safe directory
Rust Dependency Audit	Run actions/checkout@v4	2026-04-30T14:19:48.5541211Z [command]/usr/bin/git config --global --add safe.directory /home/runner/work/vtuber-image/vtuber-image
Rust Dependency Audit	Run actions/checkout@v4	2026-04-30T14:19:48.5594592Z Deleting the contents of '/home/runner/work/vtuber-image/vtuber-image'
Rust Dependency Audit	Run actions/checkout@v4	2026-04-30T14:19:48.5597525Z ##[group]Initializing the repository
Rust Dependency Audit	Run actions/checkout@v4	2026-04-30T14:19:48.5598944Z [command]/usr/bin/git init /home/runner/work/vtuber-image/vtuber-image
Rust Dependency Audit	Run actions/checkout@v4	2026-04-30T14:19:48.5661292Z hint: Using 'master' as the name for the initial branch. This default branch name
Rust Dependency Audit	Run actions/checkout@v4	2026-04-30T14:19:48.5670335Z hint: will change to "main" in Git 3.0. To configure the initial branch name
Rust Dependency Audit	Run actions/checkout@v4	2026-04-30T14:19:48.5672038Z hint: to use in all of your new repositories, which will suppress this warning,
Rust Dependency Audit	Run actions/checkout@v4	2026-04-30T14:19:48.5673672Z hint: call:
Rust Dependency Audit	Run actions/checkout@v4	2026-04-30T14:19:48.5674397Z hint:
Rust Dependency Audit	Run actions/checkout@v4	2026-04-30T14:19:48.5675684Z hint: 	git config --global init.defaultBranch <name>
Rust Dependency Audit	Run actions/checkout@v4	2026-04-30T14:19:48.5682330Z hint:
Rust Dependency Audit	Run actions/checkout@v4	2026-04-30T14:19:48.5683492Z hint: Names commonly chosen instead of 'master' are 'main', 'trunk' and
Rust Dependency Audit	Run actions/checkout@v4	2026-04-30T14:19:48.5685498Z hint: 'development'. The just-created branch can be renamed via this command:
Rust Dependency Audit	Run actions/checkout@v4	2026-04-30T14:19:48.5686853Z hint:
Rust Dependency Audit	Run actions/checkout@v4	2026-04-30T14:19:48.5687633Z hint: 	git branch -m <name>
Rust Dependency Audit	Run actions/checkout@v4	2026-04-30T14:19:48.5688506Z hint:
Rust Dependency Audit	Run actions/checkout@v4	2026-04-30T14:19:48.5689618Z hint: Disable this message with "git config set advice.defaultBranchName false"
Rust Dependency Audit	Run actions/checkout@v4	2026-04-30T14:19:48.5691774Z Initialized empty Git repository in /home/runner/work/vtuber-image/vtuber-image/.git/
Rust Dependency Audit	Run actions/checkout@v4	2026-04-30T14:19:48.5695409Z [command]/usr/bin/git remote add origin https://github.com/echo-layer/vtuber-image
Rust Dependency Audit	Run actions/checkout@v4	2026-04-30T14:19:48.5713008Z ##[endgroup]
Rust Dependency Audit	Run actions/checkout@v4	2026-04-30T14:19:48.5714238Z ##[group]Disabling automatic garbage collection
Rust Dependency Audit	Run actions/checkout@v4	2026-04-30T14:19:48.5715540Z [command]/usr/bin/git config --local gc.auto 0
Rust Dependency Audit	Run actions/checkout@v4	2026-04-30T14:19:48.5747385Z ##[endgroup]
Rust Dependency Audit	Run actions/checkout@v4	2026-04-30T14:19:48.5748422Z ##[group]Setting up auth
Rust Dependency Audit	Run actions/checkout@v4	2026-04-30T14:19:48.5749344Z [command]/usr/bin/git config --local --name-only --get-regexp core\.sshCommand
Rust Dependency Audit	Run actions/checkout@v4	2026-04-30T14:19:48.5784789Z [command]/usr/bin/git submodule foreach --recursive sh -c "git config --local --name-only --get-regexp 'core\.sshCommand' && git config --local --unset-all 'core.sshCommand' || :"
Rust Dependency Audit	Run actions/checkout@v4	2026-04-30T14:19:48.6082659Z [command]/usr/bin/git config --local --name-only --get-regexp http\.https\:\/\/github\.com\/\.extraheader
Rust Dependency Audit	Run actions/checkout@v4	2026-04-30T14:19:48.6117074Z [command]/usr/bin/git submodule foreach --recursive sh -c "git config --local --name-only --get-regexp 'http\.https\:\/\/github\.com\/\.extraheader' && git config --local --unset-all 'http.https://github.com/.extraheader' || :"
Rust Dependency Audit	Run actions/checkout@v4	2026-04-30T14:19:48.6370119Z [command]/usr/bin/git config --local --name-only --get-regexp ^includeIf\.gitdir:
Rust Dependency Audit	Run actions/checkout@v4	2026-04-30T14:19:48.6403539Z [command]/usr/bin/git submodule foreach --recursive git config --local --show-origin --name-only --get-regexp remote.origin.url
Rust Dependency Audit	Run actions/checkout@v4	2026-04-30T14:19:48.6654209Z [command]/usr/bin/git config --local http.https://github.com/.extraheader AUTHORIZATION: basic ***
Rust Dependency Audit	Run actions/checkout@v4	2026-04-30T14:19:48.6691207Z ##[endgroup]
Rust Dependency Audit	Run actions/checkout@v4	2026-04-30T14:19:48.6693172Z ##[group]Fetching the repository
Rust Dependency Audit	Run actions/checkout@v4	2026-04-30T14:19:48.6701836Z [command]/usr/bin/git -c protocol.version=2 fetch --no-tags --prune --no-recurse-submodules --depth=1 origin +6ec10343f27d82b4244a6bdb4dafdbbfe078590e:refs/remotes/pull/1/merge
Rust Dependency Audit	Run actions/checkout@v4	2026-04-30T14:19:48.8967368Z From https://github.com/echo-layer/vtuber-image
Rust Dependency Audit	Run actions/checkout@v4	2026-04-30T14:19:48.8970760Z  * [new ref]         6ec10343f27d82b4244a6bdb4dafdbbfe078590e -> pull/1/merge
Rust Dependency Audit	Run actions/checkout@v4	2026-04-30T14:19:48.8978352Z ##[endgroup]
Rust Dependency Audit	Run actions/checkout@v4	2026-04-30T14:19:48.8979729Z ##[group]Determining the checkout info
Rust Dependency Audit	Run actions/checkout@v4	2026-04-30T14:19:48.8981170Z ##[endgroup]
Rust Dependency Audit	Run actions/checkout@v4	2026-04-30T14:19:48.8982115Z [command]/usr/bin/git sparse-checkout disable
Rust Dependency Audit	Run actions/checkout@v4	2026-04-30T14:19:48.8987522Z [command]/usr/bin/git config --local --unset-all extensions.worktreeConfig
Rust Dependency Audit	Run actions/checkout@v4	2026-04-30T14:19:48.9019658Z ##[group]Checking out the ref
Rust Dependency Audit	Run actions/checkout@v4	2026-04-30T14:19:48.9021571Z [command]/usr/bin/git checkout --progress --force refs/remotes/pull/1/merge
Rust Dependency Audit	Run actions/checkout@v4	2026-04-30T14:19:48.9077815Z Note: switching to 'refs/remotes/pull/1/merge'.
Rust Dependency Audit	Run actions/checkout@v4	2026-04-30T14:19:48.9079462Z 
Rust Dependency Audit	Run actions/checkout@v4	2026-04-30T14:19:48.9080786Z You are in 'detached HEAD' state. You can look around, make experimental
Rust Dependency Audit	Run actions/checkout@v4	2026-04-30T14:19:48.9083153Z changes and commit them, and you can discard any commits you make in this
Rust Dependency Audit	Run actions/checkout@v4	2026-04-30T14:19:48.9086059Z state without impacting any branches by switching back to a branch.
Rust Dependency Audit	Run actions/checkout@v4	2026-04-30T14:19:48.9087693Z 
Rust Dependency Audit	Run actions/checkout@v4	2026-04-30T14:19:48.9089098Z If you want to create a new branch to retain commits you create, you may
Rust Dependency Audit	Run actions/checkout@v4	2026-04-30T14:19:48.9091210Z do so (now or later) by using -c with the switch command. Example:
Rust Dependency Audit	Run actions/checkout@v4	2026-04-30T14:19:48.9092989Z 
Rust Dependency Audit	Run actions/checkout@v4	2026-04-30T14:19:48.9093876Z   git switch -c <new-branch-name>
Rust Dependency Audit	Run actions/checkout@v4	2026-04-30T14:19:48.9095631Z 
Rust Dependency Audit	Run actions/checkout@v4	2026-04-30T14:19:48.9096457Z Or undo this operation with:
Rust Dependency Audit	Run actions/checkout@v4	2026-04-30T14:19:48.9098198Z 
Rust Dependency Audit	Run actions/checkout@v4	2026-04-30T14:19:48.9099026Z   git switch -
Rust Dependency Audit	Run actions/checkout@v4	2026-04-30T14:19:48.9100295Z 
Rust Dependency Audit	Run actions/checkout@v4	2026-04-30T14:19:48.9103177Z Turn off this advice by setting config variable advice.detachedHead to false
Rust Dependency Audit	Run actions/checkout@v4	2026-04-30T14:19:48.9104359Z 
Rust Dependency Audit	Run actions/checkout@v4	2026-04-30T14:19:48.9106211Z HEAD is now at 6ec1034 Merge dab39a5ac56bec32f9592e07879e589a80d5ab5e into cdf28f205ce0adfe00bd7355be100fbe8371f70b
Rust Dependency Audit	Run actions/checkout@v4	2026-04-30T14:19:48.9110175Z ##[endgroup]
Rust Dependency Audit	Run actions/checkout@v4	2026-04-30T14:19:48.9133810Z [command]/usr/bin/git log -1 --format=%H
Rust Dependency Audit	Run actions/checkout@v4	2026-04-30T14:19:48.9160244Z 6ec10343f27d82b4244a6bdb4dafdbbfe078590e
Rust Dependency Audit	Skip if no Cargo.toml	﻿2026-04-30T14:19:48.9389130Z ##[group]Run if [ ! -f Cargo.toml ]; then
Rust Dependency Audit	Skip if no Cargo.toml	2026-04-30T14:19:48.9390181Z ^[[36;1mif [ ! -f Cargo.toml ]; then^[[0m
Rust Dependency Audit	Skip if no Cargo.toml	2026-04-30T14:19:48.9391204Z ^[[36;1m  echo "::notice::No Cargo.toml yet; skipping cargo-audit."^[[0m
Rust Dependency Audit	Skip if no Cargo.toml	2026-04-30T14:19:48.9392293Z ^[[36;1m  echo "skip=true" >> $GITHUB_OUTPUT^[[0m
Rust Dependency Audit	Skip if no Cargo.toml	2026-04-30T14:19:48.9393158Z ^[[36;1melse^[[0m
Rust Dependency Audit	Skip if no Cargo.toml	2026-04-30T14:19:48.9393902Z ^[[36;1m  echo "skip=false" >> $GITHUB_OUTPUT^[[0m
Rust Dependency Audit	Skip if no Cargo.toml	2026-04-30T14:19:48.9394820Z ^[[36;1mfi^[[0m
Rust Dependency Audit	Skip if no Cargo.toml	2026-04-30T14:19:48.9423861Z shell: /usr/bin/bash -e {0}
Rust Dependency Audit	Skip if no Cargo.toml	2026-04-30T14:19:48.9425025Z ##[endgroup]
Rust Dependency Audit	Setup Rust	﻿2026-04-30T14:19:48.9786755Z ##[group]Run dtolnay/rust-toolchain@stable
Rust Dependency Audit	Setup Rust	2026-04-30T14:19:48.9787572Z with:
Rust Dependency Audit	Setup Rust	2026-04-30T14:19:48.9788157Z   toolchain: stable
Rust Dependency Audit	Setup Rust	2026-04-30T14:19:48.9788784Z ##[endgroup]
Rust Dependency Audit	Setup Rust	2026-04-30T14:19:49.0008928Z ##[group]Run : parse toolchain version
Rust Dependency Audit	Setup Rust	2026-04-30T14:19:49.0009796Z ^[[36;1m: parse toolchain version^[[0m
Rust Dependency Audit	Setup Rust	2026-04-30T14:19:49.0010543Z ^[[36;1mif [[ -z $toolchain ]]; then^[[0m
Rust Dependency Audit	Setup Rust	2026-04-30T14:19:49.0011714Z ^[[36;1m  # GitHub does not enforce `required: true` inputs itself. https://github.com/actions/runner/issues/1070^[[0m
Rust Dependency Audit	Setup Rust	2026-04-30T14:19:49.0012945Z ^[[36;1m  echo "'toolchain' is a required input" >&2^[[0m
Rust Dependency Audit	Setup Rust	2026-04-30T14:19:49.0013718Z ^[[36;1m  exit 1^[[0m
Rust Dependency Audit	Setup Rust	2026-04-30T14:19:49.0014569Z ^[[36;1melif [[ $toolchain =~ ^stable' '[0-9]+' '(year|month|week|day)s?' 'ago$ ]]; then^[[0m
Rust Dependency Audit	Setup Rust	2026-04-30T14:19:49.0015675Z ^[[36;1m  if [[ Linux == macOS ]]; then^[[0m
Rust Dependency Audit	Setup Rust	2026-04-30T14:19:49.0016876Z ^[[36;1m    echo "toolchain=1.$((($(date -v-$(sed 's/stable \([0-9]*\) \(.\).*/\1\2/' <<< $toolchain) +%s)/60/60/24-16569)/7/6))" >> $GITHUB_OUTPUT^[[0m
Rust Dependency Audit	Setup Rust	2026-04-30T14:19:49.0018065Z ^[[36;1m  else^[[0m
Rust Dependency Audit	Setup Rust	2026-04-30T14:19:49.0019015Z ^[[36;1m    echo "toolchain=1.$((($(date --date "${toolchain#stable }" +%s)/60/60/24-16569)/7/6))" >> $GITHUB_OUTPUT^[[0m
Rust Dependency Audit	Setup Rust	2026-04-30T14:19:49.0020073Z ^[[36;1m  fi^[[0m
Rust Dependency Audit	Setup Rust	2026-04-30T14:19:49.0020850Z ^[[36;1melif [[ $toolchain =~ ^stable' 'minus' '[0-9]+' 'releases?$ ]]; then^[[0m
Rust Dependency Audit	Setup Rust	2026-04-30T14:19:49.0022040Z ^[[36;1m  echo "toolchain=1.$((($(date +%s)/60/60/24-16569)/7/6-${toolchain//[^0-9]/}))" >> $GITHUB_OUTPUT^[[0m
Rust Dependency Audit	Setup Rust	2026-04-30T14:19:49.0023126Z ^[[36;1melif [[ $toolchain =~ ^1\.[0-9]+$ ]]; then^[[0m
Rust Dependency Audit	Setup Rust	2026-04-30T14:19:49.0024308Z ^[[36;1m  echo "toolchain=1.$((i=${toolchain#1.}, c=($(date +%s)/60/60/24-16569)/7/6, i+9*i*(10*i<=c)+90*i*(100*i<=c)))" >> $GITHUB_OUTPUT^[[0m
Rust Dependency Audit	Setup Rust	2026-04-30T14:19:49.0025774Z ^[[36;1melse^[[0m
Rust Dependency Audit	Setup Rust	2026-04-30T14:19:49.0026467Z ^[[36;1m  echo "toolchain=$toolchain" >> $GITHUB_OUTPUT^[[0m
Rust Dependency Audit	Setup Rust	2026-04-30T14:19:49.0027271Z ^[[36;1mfi^[[0m
Rust Dependency Audit	Setup Rust	2026-04-30T14:19:49.0052068Z shell: /usr/bin/bash --noprofile --norc -e -o pipefail {0}
Rust Dependency Audit	Setup Rust	2026-04-30T14:19:49.0052944Z env:
Rust Dependency Audit	Setup Rust	2026-04-30T14:19:49.0053515Z   toolchain: stable
Rust Dependency Audit	Setup Rust	2026-04-30T14:19:49.0054125Z ##[endgroup]
Rust Dependency Audit	Setup Rust	2026-04-30T14:19:49.0173802Z ##[group]Run : construct rustup command line
Rust Dependency Audit	Setup Rust	2026-04-30T14:19:49.0174653Z ^[[36;1m: construct rustup command line^[[0m
Rust Dependency Audit	Setup Rust	2026-04-30T14:19:49.0175841Z ^[[36;1mecho "targets=$(for t in ${targets//,/ }; do echo -n ' --target' $t; done)" >> $GITHUB_OUTPUT^[[0m
Rust Dependency Audit	Setup Rust	2026-04-30T14:19:49.0177252Z ^[[36;1mecho "components=$(for c in ${components//,/ }; do echo -n ' --component' $c; done)" >> $GITHUB_OUTPUT^[[0m
Rust Dependency Audit	Setup Rust	2026-04-30T14:19:49.0178387Z ^[[36;1mecho "downgrade=" >> $GITHUB_OUTPUT^[[0m
Rust Dependency Audit	Setup Rust	2026-04-30T14:19:49.0200839Z shell: /usr/bin/bash --noprofile --norc -e -o pipefail {0}
Rust Dependency Audit	Setup Rust	2026-04-30T14:19:49.0201770Z env:
Rust Dependency Audit	Setup Rust	2026-04-30T14:19:49.0202329Z   targets: 
Rust Dependency Audit	Setup Rust	2026-04-30T14:19:49.0202916Z   components: 
Rust Dependency Audit	Setup Rust	2026-04-30T14:19:49.0203521Z ##[endgroup]
Rust Dependency Audit	Setup Rust	2026-04-30T14:19:49.0313128Z ##[group]Run : set $CARGO_HOME
Rust Dependency Audit	Setup Rust	2026-04-30T14:19:49.0313874Z ^[[36;1m: set $CARGO_HOME^[[0m
Rust Dependency Audit	Setup Rust	2026-04-30T14:19:49.0314702Z ^[[36;1mecho CARGO_HOME=${CARGO_HOME:-"$HOME/.cargo"} >> $GITHUB_ENV^[[0m
Rust Dependency Audit	Setup Rust	2026-04-30T14:19:49.0337787Z shell: /usr/bin/bash --noprofile --norc -e -o pipefail {0}
Rust Dependency Audit	Setup Rust	2026-04-30T14:19:49.0338644Z ##[endgroup]
Rust Dependency Audit	Setup Rust	2026-04-30T14:19:49.0443641Z ##[group]Run : install rustup if needed
Rust Dependency Audit	Setup Rust	2026-04-30T14:19:49.0444452Z ^[[36;1m: install rustup if needed^[[0m
Rust Dependency Audit	Setup Rust	2026-04-30T14:19:49.0445525Z ^[[36;1mif ! command -v rustup &>/dev/null; then^[[0m
Rust Dependency Audit	Setup Rust	2026-04-30T14:19:49.0447103Z ^[[36;1m  curl --proto '=https' --tlsv1.2 --retry 10 --retry-connrefused --location --silent --show-error --fail https://sh.rustup.rs | sh -s -- --default-toolchain none -y^[[0m
Rust Dependency Audit	Setup Rust	2026-04-30T14:19:49.0448678Z ^[[36;1m  echo "$CARGO_HOME/bin" >> $GITHUB_PATH^[[0m
Rust Dependency Audit	Setup Rust	2026-04-30T14:19:49.0449428Z ^[[36;1mfi^[[0m
Rust Dependency Audit	Setup Rust	2026-04-30T14:19:49.0471804Z shell: /usr/bin/bash --noprofile --norc -e -o pipefail {0}
Rust Dependency Audit	Setup Rust	2026-04-30T14:19:49.0472650Z env:
Rust Dependency Audit	Setup Rust	2026-04-30T14:19:49.0473248Z   CARGO_HOME: /home/runner/.cargo
Rust Dependency Audit	Setup Rust	2026-04-30T14:19:49.0473972Z ##[endgroup]
Rust Dependency Audit	Setup Rust	2026-04-30T14:19:49.0581395Z ##[group]Run rustup toolchain install stable --profile minimal --no-self-update
Rust Dependency Audit	Setup Rust	2026-04-30T14:19:49.0582825Z ^[[36;1mrustup toolchain install stable --profile minimal --no-self-update^[[0m
Rust Dependency Audit	Setup Rust	2026-04-30T14:19:49.0605542Z shell: /usr/bin/bash --noprofile --norc -e -o pipefail {0}
Rust Dependency Audit	Setup Rust	2026-04-30T14:19:49.0606391Z env:
Rust Dependency Audit	Setup Rust	2026-04-30T14:19:49.0606968Z   CARGO_HOME: /home/runner/.cargo
Rust Dependency Audit	Setup Rust	2026-04-30T14:19:49.0607681Z   RUSTUP_PERMIT_COPY_RENAME: 1
Rust Dependency Audit	Setup Rust	2026-04-30T14:19:49.0608335Z ##[endgroup]
Rust Dependency Audit	Setup Rust	2026-04-30T14:19:49.5205351Z info: syncing channel updates for stable-x86_64-unknown-linux-gnu
Rust Dependency Audit	Setup Rust	2026-04-30T14:19:49.7033774Z info: latest update on 2026-04-16 for version 1.95.0 (59807616e 2026-04-14)
Rust Dependency Audit	Setup Rust	2026-04-30T14:19:49.7163098Z info: removing previous version of component clippy
Rust Dependency Audit	Setup Rust	2026-04-30T14:19:49.7176762Z info: removing previous version of component rustfmt
Rust Dependency Audit	Setup Rust	2026-04-30T14:19:49.7186323Z info: removing previous version of component cargo
Rust Dependency Audit	Setup Rust	2026-04-30T14:19:49.7221867Z info: removing previous version of component rust-std
Rust Dependency Audit	Setup Rust	2026-04-30T14:19:49.7266937Z info: removing previous version of component rustc
Rust Dependency Audit	Setup Rust	2026-04-30T14:19:49.7310124Z info: downloading 5 components
Rust Dependency Audit	Setup Rust	2026-04-30T14:19:59.6060292Z 
Rust Dependency Audit	Setup Rust	2026-04-30T14:19:59.6158936Z   stable-x86_64-unknown-linux-gnu updated - rustc 1.95.0 (59807616e 2026-04-14) (from rustc 1.94.1 (e408947bf 2026-03-25))
Rust Dependency Audit	Setup Rust	2026-04-30T14:19:59.6160937Z 
Rust Dependency Audit	Setup Rust	2026-04-30T14:19:59.6265956Z ##[group]Run rustup default stable
Rust Dependency Audit	Setup Rust	2026-04-30T14:19:59.6266307Z ^[[36;1mrustup default stable^[[0m
Rust Dependency Audit	Setup Rust	2026-04-30T14:19:59.6289405Z shell: /usr/bin/bash --noprofile --norc -e -o pipefail {0}
Rust Dependency Audit	Setup Rust	2026-04-30T14:19:59.6289780Z env:
Rust Dependency Audit	Setup Rust	2026-04-30T14:19:59.6290023Z   CARGO_HOME: /home/runner/.cargo
Rust Dependency Audit	Setup Rust	2026-04-30T14:19:59.6290292Z ##[endgroup]
Rust Dependency Audit	Setup Rust	2026-04-30T14:19:59.6394602Z info: using existing install for stable-x86_64-unknown-linux-gnu
Rust Dependency Audit	Setup Rust	2026-04-30T14:19:59.6400668Z info: default toolchain set to stable-x86_64-unknown-linux-gnu
Rust Dependency Audit	Setup Rust	2026-04-30T14:19:59.6402094Z 
Rust Dependency Audit	Setup Rust	2026-04-30T14:19:59.6474558Z   stable-x86_64-unknown-linux-gnu unchanged - rustc 1.95.0 (59807616e 2026-04-14)
Rust Dependency Audit	Setup Rust	2026-04-30T14:19:59.6475497Z 
Rust Dependency Audit	Setup Rust	2026-04-30T14:19:59.6520623Z ##[group]Run : create cachekey
Rust Dependency Audit	Setup Rust	2026-04-30T14:19:59.6520985Z ^[[36;1m: create cachekey^[[0m
Rust Dependency Audit	Setup Rust	2026-04-30T14:19:59.6521516Z ^[[36;1mDATE=$(rustc +stable --version --verbose | sed -ne 's/^commit-date: \(20[0-9][0-9]\)-\([01][0-9]\)-\([0-3][0-9]\)$/\1\2\3/p')^[[0m
Rust Dependency Audit	Setup Rust	2026-04-30T14:19:59.6522154Z ^[[36;1mHASH=$(rustc +stable --version --verbose | sed -ne 's/^commit-hash: //p')^[[0m
Rust Dependency Audit	Setup Rust	2026-04-30T14:19:59.6522652Z ^[[36;1mecho "cachekey=$(echo $DATE$HASH | head -c12)" >> $GITHUB_OUTPUT^[[0m
Rust Dependency Audit	Setup Rust	2026-04-30T14:19:59.6544775Z shell: /usr/bin/bash --noprofile --norc -e -o pipefail {0}
Rust Dependency Audit	Setup Rust	2026-04-30T14:19:59.6545424Z env:
Rust Dependency Audit	Setup Rust	2026-04-30T14:19:59.6545653Z   CARGO_HOME: /home/runner/.cargo
Rust Dependency Audit	Setup Rust	2026-04-30T14:19:59.6545926Z ##[endgroup]
Rust Dependency Audit	Setup Rust	2026-04-30T14:19:59.6926181Z ##[group]Run : disable incremental compilation
Rust Dependency Audit	Setup Rust	2026-04-30T14:19:59.6926625Z ^[[36;1m: disable incremental compilation^[[0m
Rust Dependency Audit	Setup Rust	2026-04-30T14:19:59.6927227Z ^[[36;1mif [ -z "${CARGO_INCREMENTAL+set}" ]; then^[[0m
Rust Dependency Audit	Setup Rust	2026-04-30T14:19:59.6927614Z ^[[36;1m  echo CARGO_INCREMENTAL=0 >> $GITHUB_ENV^[[0m
Rust Dependency Audit	Setup Rust	2026-04-30T14:19:59.6927944Z ^[[36;1mfi^[[0m
Rust Dependency Audit	Setup Rust	2026-04-30T14:19:59.6950416Z shell: /usr/bin/bash --noprofile --norc -e -o pipefail {0}
Rust Dependency Audit	Setup Rust	2026-04-30T14:19:59.6950832Z env:
Rust Dependency Audit	Setup Rust	2026-04-30T14:19:59.6951093Z   CARGO_HOME: /home/runner/.cargo
Rust Dependency Audit	Setup Rust	2026-04-30T14:19:59.6951365Z ##[endgroup]
Rust Dependency Audit	Setup Rust	2026-04-30T14:19:59.7029277Z ##[group]Run : enable colors in Cargo output
Rust Dependency Audit	Setup Rust	2026-04-30T14:19:59.7029688Z ^[[36;1m: enable colors in Cargo output^[[0m
Rust Dependency Audit	Setup Rust	2026-04-30T14:19:59.7030065Z ^[[36;1mif [ -z "${CARGO_TERM_COLOR+set}" ]; then^[[0m
Rust Dependency Audit	Setup Rust	2026-04-30T14:19:59.7030421Z ^[[36;1m  echo CARGO_TERM_COLOR=always >> $GITHUB_ENV^[[0m
Rust Dependency Audit	Setup Rust	2026-04-30T14:19:59.7030732Z ^[[36;1mfi^[[0m
Rust Dependency Audit	Setup Rust	2026-04-30T14:19:59.7052127Z shell: /usr/bin/bash --noprofile --norc -e -o pipefail {0}
Rust Dependency Audit	Setup Rust	2026-04-30T14:19:59.7052488Z env:
Rust Dependency Audit	Setup Rust	2026-04-30T14:19:59.7052715Z   CARGO_HOME: /home/runner/.cargo
Rust Dependency Audit	Setup Rust	2026-04-30T14:19:59.7052992Z   CARGO_INCREMENTAL: 0
Rust Dependency Audit	Setup Rust	2026-04-30T14:19:59.7053248Z ##[endgroup]
Rust Dependency Audit	Setup Rust	2026-04-30T14:19:59.7163027Z ##[group]Run : enable Cargo sparse registry
Rust Dependency Audit	Setup Rust	2026-04-30T14:19:59.7163412Z ^[[36;1m: enable Cargo sparse registry^[[0m
Rust Dependency Audit	Setup Rust	2026-04-30T14:19:59.7163984Z ^[[36;1m# implemented in 1.66, stabilized in 1.68, made default in 1.70^[[0m
Rust Dependency Audit	Setup Rust	2026-04-30T14:19:59.7164711Z ^[[36;1mif [ -z "${CARGO_REGISTRIES_CRATES_IO_PROTOCOL+set}" -o -f "/home/runner/work/_temp"/.implicit_cargo_registries_crates_io_protocol ]; then^[[0m
Rust Dependency Audit	Setup Rust	2026-04-30T14:19:59.7165846Z ^[[36;1m  if rustc +stable --version --verbose | grep -q '^release: 1\.6[89]\.'; then^[[0m
Rust Dependency Audit	Setup Rust	2026-04-30T14:19:59.7166452Z ^[[36;1m    touch "/home/runner/work/_temp"/.implicit_cargo_registries_crates_io_protocol || true^[[0m
Rust Dependency Audit	Setup Rust	2026-04-30T14:19:59.7166986Z ^[[36;1m    echo CARGO_REGISTRIES_CRATES_IO_PROTOCOL=sparse >> $GITHUB_ENV^[[0m
Rust Dependency Audit	Setup Rust	2026-04-30T14:19:59.7167485Z ^[[36;1m  elif rustc +stable --version --verbose | grep -q '^release: 1\.6[67]\.'; then^[[0m
Rust Dependency Audit	Setup Rust	2026-04-30T14:19:59.7168054Z ^[[36;1m    touch "/home/runner/work/_temp"/.implicit_cargo_registries_crates_io_protocol || true^[[0m
Rust Dependency Audit	Setup Rust	2026-04-30T14:19:59.7168597Z ^[[36;1m    echo CARGO_REGISTRIES_CRATES_IO_PROTOCOL=git >> $GITHUB_ENV^[[0m
Rust Dependency Audit	Setup Rust	2026-04-30T14:19:59.7168976Z ^[[36;1m  fi^[[0m
Rust Dependency Audit	Setup Rust	2026-04-30T14:19:59.7169190Z ^[[36;1mfi^[[0m
Rust Dependency Audit	Setup Rust	2026-04-30T14:19:59.7190453Z shell: /usr/bin/bash --noprofile --norc -e -o pipefail {0}
Rust Dependency Audit	Setup Rust	2026-04-30T14:19:59.7190819Z env:
Rust Dependency Audit	Setup Rust	2026-04-30T14:19:59.7191041Z   CARGO_HOME: /home/runner/.cargo
Rust Dependency Audit	Setup Rust	2026-04-30T14:19:59.7191325Z   CARGO_INCREMENTAL: 0
Rust Dependency Audit	Setup Rust	2026-04-30T14:19:59.7191570Z   CARGO_TERM_COLOR: always
Rust Dependency Audit	Setup Rust	2026-04-30T14:19:59.7191818Z ##[endgroup]
Rust Dependency Audit	Setup Rust	2026-04-30T14:19:59.7543317Z ##[group]Run : work around spurious network errors in curl 8.0
Rust Dependency Audit	Setup Rust	2026-04-30T14:19:59.7543816Z ^[[36;1m: work around spurious network errors in curl 8.0^[[0m
Rust Dependency Audit	Setup Rust	2026-04-30T14:19:59.7544605Z ^[[36;1m# https://rust-lang.zulipchat.com/#narrow/stream/246057-t-cargo/topic/timeout.20investigation^[[0m
Rust Dependency Audit	Setup Rust	2026-04-30T14:19:59.7545650Z ^[[36;1mif rustc +stable --version --verbose | grep -q '^release: 1\.7[01]\.'; then^[[0m
Rust Dependency Audit	Setup Rust	2026-04-30T14:19:59.7546162Z ^[[36;1m  echo CARGO_HTTP_MULTIPLEXING=false >> $GITHUB_ENV^[[0m
Rust Dependency Audit	Setup Rust	2026-04-30T14:19:59.7546495Z ^[[36;1mfi^[[0m
Rust Dependency Audit	Setup Rust	2026-04-30T14:19:59.7572383Z shell: /usr/bin/bash --noprofile --norc -e -o pipefail {0}
Rust Dependency Audit	Setup Rust	2026-04-30T14:19:59.7572959Z env:
Rust Dependency Audit	Setup Rust	2026-04-30T14:19:59.7573277Z   CARGO_HOME: /home/runner/.cargo
Rust Dependency Audit	Setup Rust	2026-04-30T14:19:59.7573703Z   CARGO_INCREMENTAL: 0
Rust Dependency Audit	Setup Rust	2026-04-30T14:19:59.7574056Z   CARGO_TERM_COLOR: always
Rust Dependency Audit	Setup Rust	2026-04-30T14:19:59.7574426Z ##[endgroup]
Rust Dependency Audit	Setup Rust	2026-04-30T14:19:59.7791444Z ##[group]Run rustc +stable --version --verbose
Rust Dependency Audit	Setup Rust	2026-04-30T14:19:59.7791845Z ^[[36;1mrustc +stable --version --verbose^[[0m
Rust Dependency Audit	Setup Rust	2026-04-30T14:19:59.7814796Z shell: /usr/bin/bash --noprofile --norc -e -o pipefail {0}
Rust Dependency Audit	Setup Rust	2026-04-30T14:19:59.7815449Z env:
Rust Dependency Audit	Setup Rust	2026-04-30T14:19:59.7815684Z   CARGO_HOME: /home/runner/.cargo
Rust Dependency Audit	Setup Rust	2026-04-30T14:19:59.7815974Z   CARGO_INCREMENTAL: 0
Rust Dependency Audit	Setup Rust	2026-04-30T14:19:59.7816212Z   CARGO_TERM_COLOR: always
Rust Dependency Audit	Setup Rust	2026-04-30T14:19:59.7816461Z ##[endgroup]
Rust Dependency Audit	Setup Rust	2026-04-30T14:19:59.7981901Z rustc 1.95.0 (59807616e 2026-04-14)
Rust Dependency Audit	Setup Rust	2026-04-30T14:19:59.7984265Z binary: rustc
Rust Dependency Audit	Setup Rust	2026-04-30T14:19:59.7985037Z commit-hash: 59807616e1fa2540724bfbac14d7976d7e4a3860
Rust Dependency Audit	Setup Rust	2026-04-30T14:19:59.7985963Z commit-date: 2026-04-14
Rust Dependency Audit	Setup Rust	2026-04-30T14:19:59.7986508Z host: x86_64-unknown-linux-gnu
Rust Dependency Audit	Setup Rust	2026-04-30T14:19:59.7987298Z release: 1.95.0
Rust Dependency Audit	Setup Rust	2026-04-30T14:19:59.7987863Z LLVM version: 22.1.2
Rust Dependency Audit	Install cargo-audit	﻿2026-04-30T14:19:59.8072122Z ##[group]Run cargo install cargo-audit
Rust Dependency Audit	Install cargo-audit	2026-04-30T14:19:59.8072501Z ^[[36;1mcargo install cargo-audit^[[0m
Rust Dependency Audit	Install cargo-audit	2026-04-30T14:19:59.8095764Z shell: /usr/bin/bash -e {0}
Rust Dependency Audit	Install cargo-audit	2026-04-30T14:19:59.8096054Z env:
Rust Dependency Audit	Install cargo-audit	2026-04-30T14:19:59.8096272Z   CARGO_HOME: /home/runner/.cargo
Rust Dependency Audit	Install cargo-audit	2026-04-30T14:19:59.8096558Z   CARGO_INCREMENTAL: 0
Rust Dependency Audit	Install cargo-audit	2026-04-30T14:19:59.8096797Z   CARGO_TERM_COLOR: always
Rust Dependency Audit	Install cargo-audit	2026-04-30T14:19:59.8097048Z ##[endgroup]
Rust Dependency Audit	Install cargo-audit	2026-04-30T14:19:59.8396015Z ^[[1m^[[92m    Updating^[[0m crates.io index
Rust Dependency Audit	Install cargo-audit	2026-04-30T14:19:59.8718010Z ^[[1m^[[92m Downloading^[[0m crates ...
Rust Dependency Audit	Install cargo-audit	2026-04-30T14:19:59.9446268Z ^[[1m^[[92m  Downloaded^[[0m cargo-audit v0.22.1
Rust Dependency Audit	Install cargo-audit	2026-04-30T14:19:59.9613636Z ^[[1m^[[92m  Installing^[[0m cargo-audit v0.22.1
Rust Dependency Audit	Install cargo-audit	2026-04-30T14:19:59.9784783Z ^[[1m^[[92m    Updating^[[0m crates.io index
Rust Dependency Audit	Install cargo-audit	2026-04-30T14:20:00.9557979Z ^[[1m^[[92m     Locking^[[0m 396 packages to latest compatible versions
Rust Dependency Audit	Install cargo-audit	2026-04-30T14:20:00.9660035Z ^[[1m^[[92m      Adding^[[0m generic-array v0.14.7 ^[[1m^[[33m(available: v0.14.9)^[[0m
Rust Dependency Audit	Install cargo-audit	2026-04-30T14:20:01.0251317Z ^[[1m^[[92m Downloading^[[0m crates ...
Rust Dependency Audit	Install cargo-audit	2026-04-30T14:20:01.0967745Z ^[[1m^[[92m  Downloaded^[[0m abscissa_derive v0.9.0
Rust Dependency Audit	Install cargo-audit	2026-04-30T14:20:01.1034823Z ^[[1m^[[92m  Downloaded^[[0m adler2 v2.0.1
Rust Dependency Audit	Install cargo-audit	2026-04-30T14:20:01.1073119Z ^[[1m^[[92m  Downloaded^[[0m fnv v1.0.7
Rust Dependency Audit	Install cargo-audit	2026-04-30T14:20:01.1094017Z ^[[1m^[[92m  Downloaded^[[0m faster-hex v0.10.0
Rust Dependency Audit	Install cargo-audit	2026-04-30T14:20:01.1139177Z ^[[1m^[[92m  Downloaded^[[0m equivalent v1.0.2
Rust Dependency Audit	Install cargo-audit	2026-04-30T14:20:01.1164329Z ^[[1m^[[92m  Downloaded^[[0m gix-hashtable v0.12.0
Rust Dependency Audit	Install cargo-audit	2026-04-30T14:20:01.1191196Z ^[[1m^[[92m  Downloaded^[[0m anstream v1.0.0
Rust Dependency Audit	Install cargo-audit	2026-04-30T14:20:01.1255758Z ^[[1m^[[92m  Downloaded^[[0m gix-prompt v0.13.1
Rust Dependency Audit	Install cargo-audit	2026-04-30T14:20:01.1277092Z ^[[1m^[[92m  Downloaded^[[0m gix-filter v0.25.0
Rust Dependency Audit	Install cargo-audit	2026-04-30T14:20:01.1322999Z ^[[1m^[[92m  Downloaded^[[0m gix-utils v0.3.2
Rust Dependency Audit	Install cargo-audit	2026-04-30T14:20:01.1345767Z ^[[1m^[[92m  Downloaded^[[0m gix-glob v0.24.0
Rust Dependency Audit	Install cargo-audit	2026-04-30T14:20:01.1372648Z ^[[1m^[[92m  Downloaded^[[0m futures-channel v0.3.32
Rust Dependency Audit	Install cargo-audit	2026-04-30T14:20:01.1411487Z ^[[1m^[[92m  Downloaded^[[0m gix-worktree v0.47.0
Rust Dependency Audit	Install cargo-audit	2026-04-30T14:20:01.1438276Z ^[[1m^[[92m  Downloaded^[[0m gix-index v0.46.0
Rust Dependency Audit	Install cargo-audit	2026-04-30T14:20:01.1492171Z ^[[1m^[[92m  Downloaded^[[0m gix-command v0.7.1
Rust Dependency Audit	Install cargo-audit	2026-04-30T14:20:01.1513034Z ^[[1m^[[92m  Downloaded^[[0m gix-url v0.35.3
Rust Dependency Audit	Install cargo-audit	2026-04-30T14:20:01.1533927Z ^[[1m^[[92m  Downloaded^[[0m gix-traverse v0.52.0
Rust Dependency Audit	Install cargo-audit	2026-04-30T14:20:01.1566266Z ^[[1m^[[92m  Downloaded^[[0m gix-ref v0.58.0
Rust Dependency Audit	Install cargo-audit	2026-04-30T14:20:01.1622201Z ^[[1m^[[92m  Downloaded^[[0m clap_lex v1.1.0
Rust Dependency Audit	Install cargo-audit	2026-04-30T14:20:01.1648889Z ^[[1m^[[92m  Downloaded^[[0m openssl-probe v0.2.1
Rust Dependency Audit	Install cargo-audit	2026-04-30T14:20:01.1667877Z ^[[1m^[[92m  Downloaded^[[0m matchers v0.2.0
Rust Dependency Audit	Install cargo-audit	2026-04-30T14:20:01.1691175Z ^[[1m^[[92m  Downloaded^[[0m gix-config-value v0.17.2
Rust Dependency Audit	Install cargo-audit	2026-04-30T14:20:01.1720485Z ^[[1m^[[92m  Downloaded^[[0m icu_normalizer_data v2.2.0
Rust Dependency Audit	Install cargo-audit	2026-04-30T14:20:01.1754197Z ^[[1m^[[92m  Downloaded^[[0m gix-worktree-state v0.25.0
Rust Dependency Audit	Install cargo-audit	2026-04-30T14:20:01.1788399Z ^[[1m^[[92m  Downloaded^[[0m itoa v1.0.18
Rust Dependency Audit	Install cargo-audit	2026-04-30T14:20:01.1820824Z ^[[1m^[[92m  Downloaded^[[0m futures-core v0.3.32
Rust Dependency Audit	Install cargo-audit	2026-04-30T14:20:01.1857888Z ^[[1m^[[92m  Downloaded^[[0m quitters v0.1.0
Rust Dependency Audit	Install cargo-audit	2026-04-30T14:20:01.1880507Z ^[[1m^[[92m  Downloaded^[[0m rustc-hash v2.1.2
Rust Dependency Audit	Install cargo-audit	2026-04-30T14:20:01.1904045Z ^[[1m^[[92m  Downloaded^[[0m gix-discover v0.46.0
Rust Dependency Audit	Install cargo-audit	2026-04-30T14:20:01.1956005Z ^[[1m^[[92m  Downloaded^[[0m subtle v2.6.1
Rust Dependency Audit	Install cargo-audit	2026-04-30T14:20:01.1979890Z ^[[1m^[[92m  Downloaded^[[0m rustversion v1.0.22
Rust Dependency Audit	Install cargo-audit	2026-04-30T14:20:01.2032813Z ^[[1m^[[92m  Downloaded^[[0m time-core v0.1.8
Rust Dependency Audit	Install cargo-audit	2026-04-30T14:20:01.2049812Z ^[[1m^[[92m  Downloaded^[[0m thiserror-impl v2.0.18
Rust Dependency Audit	Install cargo-audit	2026-04-30T14:20:01.2069229Z ^[[1m^[[92m  Downloaded^[[0m shlex v1.3.0
Rust Dependency Audit	Install cargo-audit	2026-04-30T14:20:01.2104341Z ^[[1m^[[92m  Downloaded^[[0m tinystr v0.8.3
Rust Dependency Audit	Install cargo-audit	2026-04-30T14:20:01.2130715Z ^[[1m^[[92m  Downloaded^[[0m socket2 v0.6.3
Rust Dependency Audit	Install cargo-audit	2026-04-30T14:20:01.2172384Z ^[[1m^[[92m  Downloaded^[[0m topological-sort v0.2.2
Rust Dependency Audit	Install cargo-audit	2026-04-30T14:20:01.2195285Z ^[[1m^[[92m  Downloaded^[[0m toml_parser v1.1.2+spec-1.1.0
Rust Dependency Audit	Install cargo-audit	2026-04-30T14:20:01.2240528Z ^[[1m^[[92m  Downloaded^[[0m uluru v3.1.0
Rust Dependency Audit	Install cargo-audit	2026-04-30T14:20:01.2261272Z ^[[1m^[[92m  Downloaded^[[0m untrusted v0.9.0
Rust Dependency Audit	Install cargo-audit	2026-04-30T14:20:01.2293567Z ^[[1m^[[92m  Downloaded^[[0m unicode-ident v1.0.24
Rust Dependency Audit	Install cargo-audit	2026-04-30T14:20:01.2337811Z ^[[1m^[[92m  Downloaded^[[0m want v0.3.1
Rust Dependency Audit	Install cargo-audit	2026-04-30T14:20:01.2363244Z ^[[1m^[[92m  Downloaded^[[0m potential_utf v0.1.5
Rust Dependency Audit	Install cargo-audit	2026-04-30T14:20:01.2384208Z ^[[1m^[[92m  Downloaded^[[0m zeroize v1.8.2
Rust Dependency Audit	Install cargo-audit	2026-04-30T14:20:01.2407505Z ^[[1m^[[92m  Downloaded^[[0m zmij v1.0.21
Rust Dependency Audit	Install cargo-audit	2026-04-30T14:20:01.2435519Z ^[[1m^[[92m  Downloaded^[[0m yoke v0.8.2
Rust Dependency Audit	Install cargo-audit	2026-04-30T14:20:01.2461062Z ^[[1m^[[92m  Downloaded^[[0m gix-path v0.11.3
Rust Dependency Audit	Install cargo-audit	2026-04-30T14:20:01.2488799Z ^[[1m^[[92m  Downloaded^[[0m jobserver v0.1.34
Rust Dependency Audit	Install cargo-audit	2026-04-30T14:20:01.2527979Z ^[[1m^[[92m  Downloaded^[[0m stable_deref_trait v1.2.1
Rust Dependency Audit	Install cargo-audit	2026-04-30T14:20:01.2543785Z ^[[1m^[[92m  Downloaded^[[0m sha1 v0.10.6
Rust Dependency Audit	Install cargo-audit	2026-04-30T14:20:01.2567535Z ^[[1m^[[92m  Downloaded^[[0m sync_wrapper v1.0.2
Rust Dependency Audit	Install cargo-audit	2026-04-30T14:20:01.2596820Z ^[[1m^[[92m  Downloaded^[[0m tower-http v0.6.8
Rust Dependency Audit	Install cargo-audit	2026-04-30T14:20:01.2704517Z ^[[1m^[[92m  Downloaded^[[0m tokio v1.52.1
Rust Dependency Audit	Install cargo-audit	2026-04-30T14:20:01.3155873Z ^[[1m^[[92m  Downloaded^[[0m tinyvec_macros v0.1.1
Rust Dependency Audit	Install cargo-audit	2026-04-30T14:20:01.3169144Z ^[[1m^[[92m  Downloaded^[[0m kstring v2.0.2
Rust Dependency Audit	Install cargo-audit	2026-04-30T14:20:01.3190538Z ^[[1m^[[92m  Downloaded^[[0m hyper-rustls v0.27.9
Rust Dependency Audit	Install cargo-audit	2026-04-30T14:20:01.3211168Z ^[[1m^[[92m  Downloaded^[[0m encoding_rs v0.8.35
Rust Dependency Audit	Install cargo-audit	2026-04-30T14:20:01.3428281Z ^[[1m^[[92m  Downloaded^[[0m ring v0.17.14
Rust Dependency Audit	Install cargo-audit	2026-04-30T14:20:01.3861032Z ^[[1m^[[92m  Downloaded^[[0m thiserror v2.0.18
Rust Dependency Audit	Install cargo-audit	2026-04-30T14:20:01.3936632Z ^[[1m^[[92m  Downloaded^[[0m tracing-subscriber v0.3.23
Rust Dependency Audit	Install cargo-audit	2026-04-30T14:20:01.4027323Z ^[[1m^[[92m  Downloaded^[[0m nu-ansi-term v0.50.3
Rust Dependency Audit	Install cargo-audit	2026-04-30T14:20:01.4056724Z ^[[1m^[[92m  Downloaded^[[0m writeable v0.6.3
Rust Dependency Audit	Install cargo-audit	2026-04-30T14:20:01.4079868Z ^[[1m^[[92m  Downloaded^[[0m tracing v0.1.44
Rust Dependency Audit	Install cargo-audit	2026-04-30T14:20:01.4248741Z ^[[1m^[[92m  Downloaded^[[0m zlib-rs v0.6.3
Rust Dependency Audit	Install cargo-audit	2026-04-30T14:20:01.4307031Z ^[[1m^[[92m  Downloaded^[[0m winnow v0.7.15
Rust Dependency Audit	Install cargo-audit	2026-04-30T14:20:01.4412266Z ^[[1m^[[92m  Downloaded^[[0m url v2.5.8
Rust Dependency Audit	Install cargo-audit	2026-04-30T14:20:01.4440900Z ^[[1m^[[92m  Downloaded^[[0m wasmparser v0.207.0
Rust Dependency Audit	Install cargo-audit	2026-04-30T14:20:01.4512596Z ^[[1m^[[92m  Downloaded^[[0m toml v0.9.12+spec-1.1.0
Rust Dependency Audit	Install cargo-audit	2026-04-30T14:20:01.4556710Z ^[[1m^[[92m  Downloaded^[[0m icu_collections v2.2.0
Rust Dependency Audit	Install cargo-audit	2026-04-30T14:20:01.4626577Z ^[[1m^[[92m  Downloaded^[[0m tame-index v0.26.3
Rust Dependency Audit	Install cargo-audit	2026-04-30T14:20:01.4672236Z ^[[1m^[[92m  Downloaded^[[0m zerovec v0.11.6
Rust Dependency Audit	Install cargo-audit	2026-04-30T14:20:01.4739467Z ^[[1m^[[92m  Downloaded^[[0m zerotrie v0.2.4
Rust Dependency Audit	Install cargo-audit	2026-04-30T14:20:01.4781893Z ^[[1m^[[92m  Downloaded^[[0m zerocopy v0.8.48
Rust Dependency Audit	Install cargo-audit	2026-04-30T14:20:01.5004129Z ^[[1m^[[92m  Downloaded^[[0m typenum v1.20.0
Rust Dependency Audit	Install cargo-audit	2026-04-30T14:20:01.5044820Z ^[[1m^[[92m  Downloaded^[[0m tokio-util v0.7.18
Rust Dependency Audit	Install cargo-audit	2026-04-30T14:20:01.5144196Z ^[[1m^[[92m  Downloaded^[[0m regex v1.12.3
Rust Dependency Audit	Install cargo-audit	2026-04-30T14:20:01.5225745Z ^[[1m^[[92m  Downloaded^[[0m h2 v0.4.13
Rust Dependency Audit	Install cargo-audit	2026-04-30T14:20:01.5300545Z ^[[1m^[[92m  Downloaded^[[0m winnow v1.0.2
Rust Dependency Audit	Install cargo-audit	2026-04-30T14:20:01.5399403Z ^[[1m^[[92m  Downloaded^[[0m icu_properties_data v2.2.0
Rust Dependency Audit	Install cargo-audit	2026-04-30T14:20:01.5508479Z ^[[1m^[[92m  Downloaded^[[0m hyper v1.9.0
Rust Dependency Audit	Install cargo-audit	2026-04-30T14:20:01.5577697Z ^[[1m^[[92m  Downloaded^[[0m serde_json v1.0.149
Rust Dependency Audit	Install cargo-audit	2026-04-30T14:20:01.5653763Z ^[[1m^[[92m  Downloaded^[[0m iri-string v0.7.12
Rust Dependency Audit	Install cargo-audit	2026-04-30T14:20:01.5734454Z ^[[1m^[[92m  Downloaded^[[0m hashbrown v0.17.0
Rust Dependency Audit	Install cargo-audit	2026-04-30T14:20:01.5790027Z ^[[1m^[[92m  Downloaded^[[0m hashbrown v0.16.1
Rust Dependency Audit	Install cargo-audit	2026-04-30T14:20:01.5844142Z ^[[1m^[[92m  Downloaded^[[0m idna v1.1.0
Rust Dependency Audit	Install cargo-audit	2026-04-30T14:20:01.5881908Z ^[[1m^[[92m  Downloaded^[[0m regex-syntax v0.8.10
Rust Dependency Audit	Install cargo-audit	2026-04-30T14:20:01.5952732Z ^[[1m^[[92m  Downloaded^[[0m object v0.37.3
Rust Dependency Audit	Install cargo-audit	2026-04-30T14:20:01.6072048Z ^[[1m^[[92m  Downloaded^[[0m hashbrown v0.15.5
Rust Dependency Audit	Install cargo-audit	2026-04-30T14:20:01.6124106Z ^[[1m^[[92m  Downloaded^[[0m gix-pack v0.65.0
Rust Dependency Audit	Install cargo-audit	2026-04-30T14:20:01.6189761Z ^[[1m^[[92m  Downloaded^[[0m mio v1.2.0
Rust Dependency Audit	Install cargo-audit	2026-04-30T14:20:01.6249869Z ^[[1m^[[92m  Downloaded^[[0m memchr v2.8.0
Rust Dependency Audit	Install cargo-audit	2026-04-30T14:20:01.6304229Z ^[[1m^[[92m  Downloaded^[[0m indexmap v2.14.0
Rust Dependency Audit	Install cargo-audit	2026-04-30T14:20:01.6348546Z ^[[1m^[[92m  Downloaded^[[0m hyper-util v0.1.20
Rust Dependency Audit	Install cargo-audit	2026-04-30T14:20:01.6412548Z ^[[1m^[[92m  Downloaded^[[0m http v1.4.0
Rust Dependency Audit	Install cargo-audit	2026-04-30T14:20:01.6451781Z ^[[1m^[[92m  Downloaded^[[0m tinyvec v1.11.0
Rust Dependency Audit	Install cargo-audit	2026-04-30T14:20:01.6478821Z ^[[1m^[[92m  Downloaded^[[0m icu_normalizer v2.2.0
Rust Dependency Audit	Install cargo-audit	2026-04-30T14:20:01.6517717Z ^[[1m^[[92m  Downloaded^[[0m icu_locale_core v2.2.0
Rust Dependency Audit	Install cargo-audit	2026-04-30T14:20:01.6589547Z ^[[1m^[[92m  Downloaded^[[0m miniz_oxide v0.8.9
Rust Dependency Audit	Install cargo-audit	2026-04-30T14:20:01.6615746Z ^[[1m^[[92m  Downloaded^[[0m heapless v0.8.0
Rust Dependency Audit	Install cargo-audit	2026-04-30T14:20:01.6654965Z ^[[1m^[[92m  Downloaded^[[0m gix-odb v0.75.0
Rust Dependency Audit	Install cargo-audit	2026-04-30T14:20:01.6689651Z ^[[1m^[[92m  Downloaded^[[0m regex-automata v0.4.14
Rust Dependency Audit	Install cargo-audit	2026-04-30T14:20:01.6831227Z ^[[1m^[[92m  Downloaded^[[0m toml-span v0.7.1
Rust Dependency Audit	Install cargo-audit	2026-04-30T14:20:01.6849634Z ^[[1m^[[92m  Downloaded^[[0m tempfile v3.27.0
Rust Dependency Audit	Install cargo-audit	2026-04-30T14:20:01.6879871Z ^[[1m^[[92m  Downloaded^[[0m once_cell v1.21.4
Rust Dependency Audit	Install cargo-audit	2026-04-30T14:20:01.6906979Z ^[[1m^[[92m  Downloaded^[[0m litemap v0.8.2
Rust Dependency Audit	Install cargo-audit	2026-04-30T14:20:01.6931273Z ^[[1m^[[92m  Downloaded^[[0m jiff-static v0.2.24
Rust Dependency Audit	Install cargo-audit	2026-04-30T14:20:01.6968734Z ^[[1m^[[92m  Downloaded^[[0m httparse v1.10.1
Rust Dependency Audit	Install cargo-audit	2026-04-30T14:20:01.6994801Z ^[[1m^[[92m  Downloaded^[[0m jiff v0.2.24
Rust Dependency Audit	Install cargo-audit	2026-04-30T14:20:01.7164123Z ^[[1m^[[92m  Downloaded^[[0m sha1-checked v0.10.0
Rust Dependency Audit	Install cargo-audit	2026-04-30T14:20:01.7225343Z ^[[1m^[[92m  Downloaded^[[0m petgraph v0.8.3
Rust Dependency Audit	Install cargo-audit	2026-04-30T14:20:01.7429422Z ^[[1m^[[92m  Downloaded^[[0m libc v0.2.186
Rust Dependency Audit	Install cargo-audit	2026-04-30T14:20:01.7821759Z ^[[1m^[[92m  Downloaded^[[0m gix-protocol v0.56.0
Rust Dependency Audit	Install cargo-audit	2026-04-30T14:20:01.7853337Z ^[[1m^[[92m  Downloaded^[[0m gix-object v0.55.0
Rust Dependency Audit	Install cargo-audit	2026-04-30T14:20:01.7884941Z ^[[1m^[[92m  Downloaded^[[0m unicode-normalization v0.1.25
Rust Dependency Audit	Install cargo-audit	2026-04-30T14:20:01.7922233Z ^[[1m^[[92m  Downloaded^[[0m smallvec v1.15.1
Rust Dependency Audit	Install cargo-audit	2026-04-30T14:20:01.7943668Z ^[[1m^[[92m  Downloaded^[[0m rustls-pki-types v1.14.1
Rust Dependency Audit	Install cargo-audit	2026-04-30T14:20:01.7969594Z ^[[1m^[[92m  Downloaded^[[0m parking_lot_core v0.9.12
Rust Dependency Audit	Install cargo-audit	2026-04-30T14:20:01.7991689Z ^[[1m^[[92m  Downloaded^[[0m rand_chacha v0.9.0
Rust Dependency Audit	Install cargo-audit	2026-04-30T14:20:01.8004212Z ^[[1m^[[92m  Downloaded^[[0m log v0.4.29
Rust Dependency Audit	Install cargo-audit	2026-04-30T14:20:01.8029231Z ^[[1m^[[92m  Downloaded^[[0m gix-pathspec v0.15.1
Rust Dependency Audit	Install cargo-audit	2026-04-30T14:20:01.8044359Z ^[[1m^[[92m  Downloaded^[[0m termcolor v1.4.1
Rust Dependency Audit	Install cargo-audit	2026-04-30T14:20:01.8057459Z ^[[1m^[[92m  Downloaded^[[0m synstructure v0.13.2
Rust Dependency Audit	Install cargo-audit	2026-04-30T14:20:01.8068819Z ^[[1m^[[92m  Downloaded^[[0m smol_str v0.3.6
Rust Dependency Audit	Install cargo-audit	2026-04-30T14:20:01.8085647Z ^[[1m^[[92m  Downloaded^[[0m slab v0.4.12
Rust Dependency Audit	Install cargo-audit	2026-04-30T14:20:01.8099281Z ^[[1m^[[92m  Downloaded^[[0m rustls-native-certs v0.8.3
Rust Dependency Audit	Install cargo-audit	2026-04-30T14:20:01.8123313Z ^[[1m^[[92m  Downloaded^[[0m platforms v3.10.0
Rust Dependency Audit	Install cargo-audit	2026-04-30T14:20:01.8143740Z ^[[1m^[[92m  Downloaded^[[0m parking_lot v0.12.5
Rust Dependency Audit	Install cargo-audit	2026-04-30T14:20:01.8170970Z ^[[1m^[[92m  Downloaded^[[0m gix-tempfile v21.0.2
Rust Dependency Audit	Install cargo-audit	2026-04-30T14:20:01.8184593Z ^[[1m^[[92m  Downloaded^[[0m ppv-lite86 v0.2.21
Rust Dependency Audit	Install cargo-audit	2026-04-30T14:20:01.8198032Z ^[[1m^[[92m  Downloaded^[[0m memmap2 v0.9.10
Rust Dependency Audit	Install cargo-audit	2026-04-30T14:20:01.8216039Z ^[[1m^[[92m  Downloaded^[[0m maybe-async v0.2.10
Rust Dependency Audit	Install cargo-audit	2026-04-30T14:20:01.8243525Z ^[[1m^[[92m  Downloaded^[[0m gix-revision v0.40.0
Rust Dependency Audit	Install cargo-audit	2026-04-30T14:20:01.8261706Z ^[[1m^[[92m  Downloaded^[[0m gix-packetline v0.21.3
Rust Dependency Audit	Install cargo-audit	2026-04-30T14:20:01.8280317Z ^[[1m^[[92m  Downloaded^[[0m pin-project-lite v0.2.17
Rust Dependency Audit	Install cargo-audit	2026-04-30T14:20:01.8338137Z ^[[1m^[[92m  Downloaded^[[0m owo-colors v4.3.0
Rust Dependency Audit	Install cargo-audit	2026-04-30T14:20:01.8357595Z ^[[1m^[[92m  Downloaded^[[0m lock_api v0.4.14
Rust Dependency Audit	Install cargo-audit	2026-04-30T14:20:01.8370698Z ^[[1m^[[92m  Downloaded^[[0m gix-negotiate v0.26.0
Rust Dependency Audit	Install cargo-audit	2026-04-30T14:20:01.8382368Z ^[[1m^[[92m  Downloaded^[[0m tower v0.5.3
Rust Dependency Audit	Install cargo-audit	2026-04-30T14:20:01.8482637Z ^[[1m^[[92m  Downloaded^[[0m http-body-util v0.1.3
Rust Dependency Audit	Install cargo-audit	2026-04-30T14:20:01.8500941Z ^[[1m^[[92m  Downloaded^[[0m serde_spanned v1.1.1
Rust Dependency Audit	Install cargo-audit	2026-04-30T14:20:01.8513275Z ^[[1m^[[92m  Downloaded^[[0m same-file v1.0.6
Rust Dependency Audit	Install cargo-audit	2026-04-30T14:20:01.8527790Z ^[[1m^[[92m  Downloaded^[[0m gix-submodule v0.25.0
Rust Dependency Audit	Install cargo-audit	2026-04-30T14:20:01.8539783Z ^[[1m^[[92m  Downloaded^[[0m zerovec-derive v0.11.3
Rust Dependency Audit	Install cargo-audit	2026-04-30T14:20:01.8555278Z ^[[1m^[[92m  Downloaded^[[0m zerofrom-derive v0.1.7
Rust Dependency Audit	Install cargo-audit	2026-04-30T14:20:01.8566364Z ^[[1m^[[92m  Downloaded^[[0m yoke-derive v0.8.2
Rust Dependency Audit	Install cargo-audit	2026-04-30T14:20:01.8578338Z ^[[1m^[[92m  Downloaded^[[0m walkdir v2.5.0
Rust Dependency Audit	Install cargo-audit	2026-04-30T14:20:01.8598457Z ^[[1m^[[92m  Downloaded^[[0m wait-timeout v0.2.1
Rust Dependency Audit	Install cargo-audit	2026-04-30T14:20:01.8614051Z ^[[1m^[[92m  Downloaded^[[0m utf8parse v0.2.2
Rust Dependency Audit	Install cargo-audit	2026-04-30T14:20:01.8624525Z ^[[1m^[[92m  Downloaded^[[0m color-eyre v0.6.5
Rust Dependency Audit	Install cargo-audit	2026-04-30T14:20:01.8699954Z ^[[1m^[[92m  Downloaded^[[0m zerofrom v0.1.7
Rust Dependency Audit	Install cargo-audit	2026-04-30T14:20:01.8711852Z ^[[1m^[[92m  Downloaded^[[0m version_check v0.9.5
Rust Dependency Audit	Install cargo-audit	2026-04-30T14:20:01.8726734Z ^[[1m^[[92m  Downloaded^[[0m utf8_iter v1.0.4
Rust Dependency Audit	Install cargo-audit	2026-04-30T14:20:01.8741482Z ^[[1m^[[92m  Downloaded^[[0m num-conv v0.2.1
Rust Dependency Audit	Install cargo-audit	2026-04-30T14:20:01.8756278Z ^[[1m^[[92m  Downloaded^[[0m icu_properties v2.2.0
Rust Dependency Audit	Install cargo-audit	2026-04-30T14:20:01.8775721Z ^[[1m^[[92m  Downloaded^[[0m unicode-bom v2.0.3
Rust Dependency Audit	Install cargo-audit	2026-04-30T14:20:01.8789638Z ^[[1m^[[92m  Downloaded^[[0m time v0.3.47
Rust Dependency Audit	Install cargo-audit	2026-04-30T14:20:01.8919197Z ^[[1m^[[92m  Downloaded^[[0m rustls v0.23.40
Rust Dependency Audit	Install cargo-audit	2026-04-30T14:20:01.9046686Z ^[[1m^[[92m  Downloaded^[[0m rustix v1.1.4
Rust Dependency Audit	Install cargo-audit	2026-04-30T14:20:01.9335758Z ^[[1m^[[92m  Downloaded^[[0m ipnet v2.12.0
Rust Dependency Audit	Install cargo-audit	2026-04-30T14:20:01.9353409Z ^[[1m^[[92m  Downloaded^[[0m gix-transport v0.53.0
Rust Dependency Audit	Install cargo-audit	2026-04-30T14:20:01.9390940Z ^[[1m^[[92m  Downloaded^[[0m tracing-core v0.1.36
Rust Dependency Audit	Install cargo-audit	2026-04-30T14:20:01.9423014Z ^[[1m^[[92m  Downloaded^[[0m syn v2.0.117
Rust Dependency Audit	Install cargo-audit	2026-04-30T14:20:01.9529093Z ^[[1m^[[92m  Downloaded^[[0m gix v0.78.0
Rust Dependency Audit	Install cargo-audit	2026-04-30T14:20:01.9692314Z ^[[1m^[[92m  Downloaded^[[0m bstr v1.12.1
Rust Dependency Audit	Install cargo-audit	2026-04-30T14:20:01.9772018Z ^[[1m^[[92m  Downloaded^[[0m twox-hash v2.1.2
Rust Dependency Audit	Install cargo-audit	2026-04-30T14:20:01.9796376Z ^[[1m^[[92m  Downloaded^[[0m tracing-log v0.2.0
Rust Dependency Audit	Install cargo-audit	2026-04-30T14:20:01.9811125Z ^[[1m^[[92m  Downloaded^[[0m tracing-attributes v0.1.31
Rust Dependency Audit	Install cargo-audit	2026-04-30T14:20:01.9838506Z ^[[1m^[[92m  Downloaded^[[0m gix-revwalk v0.26.0
Rust Dependency Audit	Install cargo-audit	2026-04-30T14:20:01.9851535Z ^[[1m^[[92m  Downloaded^[[0m gimli v0.32.3
Rust Dependency Audit	Install cargo-audit	2026-04-30T14:20:01.9922229Z ^[[1m^[[92m  Downloaded^[[0m try-lock v0.2.5
Rust Dependency Audit	Install cargo-audit	2026-04-30T14:20:01.9933089Z ^[[1m^[[92m  Downloaded^[[0m tower-service v0.3.3
Rust Dependency Audit	Install cargo-audit	2026-04-30T14:20:01.9942092Z ^[[1m^[[92m  Downloaded^[[0m tower-layer v0.3.3
Rust Dependency Audit	Install cargo-audit	2026-04-30T14:20:01.9952629Z ^[[1m^[[92m  Downloaded^[[0m rayon v1.12.0
Rust Dependency Audit	Install cargo-audit	2026-04-30T14:20:02.0053657Z ^[[1m^[[92m  Downloaded^[[0m quinn-proto v0.11.14
Rust Dependency Audit	Install cargo-audit	2026-04-30T14:20:02.0122025Z ^[[1m^[[92m  Downloaded^[[0m percent-encoding v2.3.2
Rust Dependency Audit	Install cargo-audit	2026-04-30T14:20:02.0131852Z ^[[1m^[[92m  Downloaded^[[0m aws-lc-rs v1.16.3
Rust Dependency Audit	Install cargo-audit	2026-04-30T14:20:02.0250811Z ^[[1m^[[92m  Downloaded^[[0m toml_datetime v0.7.5+spec-1.1.0
Rust Dependency Audit	Install cargo-audit	2026-04-30T14:20:02.0264796Z ^[[1m^[[92m  Downloaded^[[0m reqwest v0.13.3
Rust Dependency Audit	Install cargo-audit	2026-04-30T14:20:02.0323021Z ^[[1m^[[92m  Downloaded^[[0m home v0.5.12
Rust Dependency Audit	Install cargo-audit	2026-04-30T14:20:02.0334076Z ^[[1m^[[92m  Downloaded^[[0m futures-util v0.3.32
Rust Dependency Audit	Install cargo-audit	2026-04-30T14:20:02.0469627Z ^[[1m^[[92m  Downloaded^[[0m clap_builder v4.6.0
Rust Dependency Audit	Install cargo-audit	2026-04-30T14:20:02.0534219Z ^[[1m^[[92m  Downloaded^[[0m aho-corasick v1.1.4
Rust Dependency Audit	Install cargo-audit	2026-04-30T14:20:02.0589283Z ^[[1m^[[92m  Downloaded^[[0m toml_writer v1.1.1+spec-1.1.0
Rust Dependency Audit	Install cargo-audit	2026-04-30T14:20:02.0603850Z ^[[1m^[[92m  Downloaded^[[0m tokio-rustls v0.26.4
Rust Dependency Audit	Install cargo-audit	2026-04-30T14:20:02.0636408Z ^[[1m^[[92m  Downloaded^[[0m lazy_static v1.5.0
Rust Dependency Audit	Install cargo-audit	2026-04-30T14:20:02.0655868Z ^[[1m^[[92m  Downloaded^[[0m is_terminal_polyfill v1.70.2
Rust Dependency Audit	Install cargo-audit	2026-04-30T14:20:02.0666989Z ^[[1m^[[92m  Downloaded^[[0m http-body v1.0.1
Rust Dependency Audit	Install cargo-audit	2026-04-30T14:20:02.0678103Z ^[[1m^[[92m  Downloaded^[[0m gix-shallow v0.8.1
Rust Dependency Audit	Install cargo-audit	2026-04-30T14:20:02.0688508Z ^[[1m^[[92m  Downloaded^[[0m serde v1.0.228
Rust Dependency Audit	Install cargo-audit	2026-04-30T14:20:02.0723763Z ^[[1m^[[92m  Downloaded^[[0m rustsec v0.32.0
Rust Dependency Audit	Install cargo-audit	2026-04-30T14:20:02.0775683Z ^[[1m^[[92m  Downloaded^[[0m rustls-webpki v0.103.13
Rust Dependency Audit	Install cargo-audit	2026-04-30T14:20:02.0808323Z ^[[1m^[[92m  Downloaded^[[0m rustls-platform-verifier v0.7.0
Rust Dependency Audit	Install cargo-audit	2026-04-30T14:20:02.0848087Z ^[[1m^[[92m  Downloaded^[[0m rayon-core v1.13.0
Rust Dependency Audit	Install cargo-audit	2026-04-30T14:20:02.0886682Z ^[[1m^[[92m  Downloaded^[[0m rand v0.9.4
Rust Dependency Audit	Install cargo-audit	2026-04-30T14:20:02.0925524Z ^[[1m^[[92m  Downloaded^[[0m quinn v0.11.9
Rust Dependency Audit	Install cargo-audit	2026-04-30T14:20:02.0959222Z ^[[1m^[[92m  Downloaded^[[0m prodash v31.0.0
Rust Dependency Audit	Install cargo-audit	2026-04-30T14:20:02.1002653Z ^[[1m^[[92m  Downloaded^[[0m gix-validate v0.11.1
Rust Dependency Audit	Install cargo-audit	2026-04-30T14:20:02.1015286Z ^[[1m^[[92m  Downloaded^[[0m flate2 v1.1.9
Rust Dependency Audit	Install cargo-audit	2026-04-30T14:20:02.1065684Z ^[[1m^[[92m  Downloaded^[[0m cc v1.2.61
Rust Dependency Audit	Install cargo-audit	2026-04-30T14:20:02.1098092Z ^[[1m^[[92m  Downloaded^[[0m backtrace v0.3.76
Rust Dependency Audit	Install cargo-audit	2026-04-30T14:20:02.1149960Z ^[[1m^[[92m  Downloaded^[[0m async-compression v0.4.42
Rust Dependency Audit	Install cargo-audit	2026-04-30T14:20:02.1221104Z ^[[1m^[[92m  Downloaded^[[0m time-macros v0.2.27
Rust Dependency Audit	Install cargo-audit	2026-04-30T14:20:02.1244027Z ^[[1m^[[92m  Downloaded^[[0m thread_local v1.1.9
Rust Dependency Audit	Install cargo-audit	2026-04-30T14:20:02.1260250Z ^[[1m^[[92m  Downloaded^[[0m sharded-slab v0.1.7
Rust Dependency Audit	Install cargo-audit	2026-04-30T14:20:02.1293796Z ^[[1m^[[92m  Downloaded^[[0m serde_derive v1.0.228
Rust Dependency Audit	Install cargo-audit	2026-04-30T14:20:02.1325206Z ^[[1m^[[92m  Downloaded^[[0m serde_core v1.0.228
Rust Dependency Audit	Install cargo-audit	2026-04-30T14:20:02.1353237Z ^[[1m^[[92m  Downloaded^[[0m heck v0.5.0
Rust Dependency Audit	Install cargo-audit	2026-04-30T14:20:02.1367745Z ^[[1m^[[92m  Downloaded^[[0m gix-config v0.51.0
Rust Dependency Audit	Install cargo-audit	2026-04-30T14:20:02.1412094Z ^[[1m^[[92m  Downloaded^[[0m proc-macro2 v1.0.106
Rust Dependency Audit	Install cargo-audit	2026-04-30T14:20:02.1442393Z ^[[1m^[[92m  Downloaded^[[0m getrandom v0.4.2
Rust Dependency Audit	Install cargo-audit	2026-04-30T14:20:02.1481125Z ^[[1m^[[92m  Downloaded^[[0m crossbeam-channel v0.5.15
Rust Dependency Audit	Install cargo-audit	2026-04-30T14:20:02.1521699Z ^[[1m^[[92m  Downloaded^[[0m clap v4.6.1
Rust Dependency Audit	Install cargo-audit	2026-04-30T14:20:02.1618492Z ^[[1m^[[92m  Downloaded^[[0m borsh v1.6.1
Rust Dependency Audit	Install cargo-audit	2026-04-30T14:20:02.1690049Z ^[[1m^[[92m  Downloaded^[[0m base64 v0.22.1
Rust Dependency Audit	Install cargo-audit	2026-04-30T14:20:02.1728820Z ^[[1m^[[92m  Downloaded^[[0m arc-swap v1.9.1
Rust Dependency Audit	Install cargo-audit	2026-04-30T14:20:02.1768481Z ^[[1m^[[92m  Downloaded^[[0m strsim v0.11.1
Rust Dependency Audit	Install cargo-audit	2026-04-30T14:20:02.1782490Z ^[[1m^[[92m  Downloaded^[[0m static_assertions v1.1.0
Rust Dependency Audit	Install cargo-audit	2026-04-30T14:20:02.1797451Z ^[[1m^[[92m  Downloaded^[[0m simd-adler32 v0.3.9
Rust Dependency Audit	Install cargo-audit	2026-04-30T14:20:02.1816810Z ^[[1m^[[92m  Downloaded^[[0m semver v1.0.28
Rust Dependency Audit	Install cargo-audit	2026-04-30T14:20:02.1840716Z ^[[1m^[[92m  Downloaded^[[0m powerfmt v0.2.0
Rust Dependency Audit	Install cargo-audit	2026-04-30T14:20:02.1852991Z ^[[1m^[[92m  Downloaded^[[0m mime v0.3.17
Rust Dependency Audit	Install cargo-audit	2026-04-30T14:20:02.1866838Z ^[[1m^[[92m  Downloaded^[[0m lru-slab v0.1.2
Rust Dependency Audit	Install cargo-audit	2026-04-30T14:20:02.1875842Z ^[[1m^[[92m  Downloaded^[[0m ident_case v1.0.1
Rust Dependency Audit	Install cargo-audit	2026-04-30T14:20:02.1885486Z ^[[1m^[[92m  Downloaded^[[0m gix-diff v0.58.0
Rust Dependency Audit	Install cargo-audit	2026-04-30T14:20:02.1915517Z ^[[1m^[[92m  Downloaded^[[0m getrandom v0.3.4
Rust Dependency Audit	Install cargo-audit	2026-04-30T14:20:02.1950075Z ^[[1m^[[92m  Downloaded^[[0m bytes v1.11.1
Rust Dependency Audit	Install cargo-audit	2026-04-30T14:20:02.1992214Z ^[[1m^[[92m  Downloaded^[[0m rustc-stable-hash v0.1.2
Rust Dependency Audit	Install cargo-audit	2026-04-30T14:20:02.2009437Z ^[[1m^[[92m  Downloaded^[[0m rustc-demangle v0.1.27
Rust Dependency Audit	Install cargo-audit	2026-04-30T14:20:02.2027567Z ^[[1m^[[92m  Downloaded^[[0m rand_core v0.9.5
Rust Dependency Audit	Install cargo-audit	2026-04-30T14:20:02.2042032Z ^[[1m^[[92m  Downloaded^[[0m quinn-udp v0.5.14
Rust Dependency Audit	Install cargo-audit	2026-04-30T14:20:02.2061921Z ^[[1m^[[92m  Downloaded^[[0m gix-commitgraph v0.32.0
Rust Dependency Audit	Install cargo-audit	2026-04-30T14:20:02.2078327Z ^[[1m^[[92m  Downloaded^[[0m gix-attributes v0.30.1
Rust Dependency Audit	Install cargo-audit	2026-04-30T14:20:02.2095260Z ^[[1m^[[92m  Downloaded^[[0m either v1.15.0
Rust Dependency Audit	Install cargo-audit	2026-04-30T14:20:02.2110571Z ^[[1m^[[92m  Downloaded^[[0m displaydoc v0.2.5
Rust Dependency Audit	Install cargo-audit	2026-04-30T14:20:02.2141693Z ^[[1m^[[92m  Downloaded^[[0m cvss v2.2.0
Rust Dependency Audit	Install cargo-audit	2026-04-30T14:20:02.2195528Z ^[[1m^[[92m  Downloaded^[[0m crc32fast v1.5.0
Rust Dependency Audit	Install cargo-audit	2026-04-30T14:20:02.2214968Z ^[[1m^[[92m  Downloaded^[[0m cargo-lock v11.0.1
Rust Dependency Audit	Install cargo-audit	2026-04-30T14:20:02.2248321Z ^[[1m^[[92m  Downloaded^[[0m camino v1.2.2
Rust Dependency Audit	Install cargo-audit	2026-04-30T14:20:02.2268674Z ^[[1m^[[92m  Downloaded^[[0m linux-raw-sys v0.12.1
Rust Dependency Audit	Install cargo-audit	2026-04-30T14:20:02.2976650Z ^[[1m^[[92m  Downloaded^[[0m bitflags v2.11.1
Rust Dependency Audit	Install cargo-audit	2026-04-30T14:20:02.3020919Z ^[[1m^[[92m  Downloaded^[[0m shell-words v1.1.1
Rust Dependency Audit	Install cargo-audit	2026-04-30T14:20:02.3031046Z ^[[1m^[[92m  Downloaded^[[0m secrecy v0.10.3
Rust Dependency Audit	Install cargo-audit	2026-04-30T14:20:02.3041031Z ^[[1m^[[92m  Downloaded^[[0m scopeguard v1.2.0
Rust Dependency Audit	Install cargo-audit	2026-04-30T14:20:02.3054392Z ^[[1m^[[92m  Downloaded^[[0m quote v1.0.45
Rust Dependency Audit	Install cargo-audit	2026-04-30T14:20:02.3083016Z ^[[1m^[[92m  Downloaded^[[0m io-close v0.3.7
Rust Dependency Audit	Install cargo-audit	2026-04-30T14:20:02.3094265Z ^[[1m^[[92m  Downloaded^[[0m icu_provider v2.2.0
Rust Dependency Audit	Install cargo-audit	2026-04-30T14:20:02.3123474Z ^[[1m^[[92m  Downloaded^[[0m fastrand v2.4.1
Rust Dependency Audit	Install cargo-audit	2026-04-30T14:20:02.3138586Z ^[[1m^[[92m  Downloaded^[[0m eyre v0.6.12
Rust Dependency Audit	Install cargo-audit	2026-04-30T14:20:02.3172589Z ^[[1m^[[92m  Downloaded^[[0m crossbeam-utils v0.8.21
Rust Dependency Audit	Install cargo-audit	2026-04-30T14:20:02.3200189Z ^[[1m^[[92m  Downloaded^[[0m crossbeam-epoch v0.9.18
Rust Dependency Audit	Install cargo-audit	2026-04-30T14:20:02.3224828Z ^[[1m^[[92m  Downloaded^[[0m fs-err v3.3.0
Rust Dependency Audit	Install cargo-audit	2026-04-30T14:20:02.3245359Z ^[[1m^[[92m  Downloaded^[[0m fixedbitset v0.5.7
Rust Dependency Audit	Install cargo-audit	2026-04-30T14:20:02.3268288Z ^[[1m^[[92m  Downloaded^[[0m compression-codecs v0.4.38
Rust Dependency Audit	Install cargo-audit	2026-04-30T14:20:02.3312964Z ^[[1m^[[92m  Downloaded^[[0m hash32 v0.3.1
Rust Dependency Audit	Install cargo-audit	2026-04-30T14:20:02.3328098Z ^[[1m^[[92m  Downloaded^[[0m gix-error v0.0.0
Rust Dependency Audit	Install cargo-audit	2026-04-30T14:20:02.3344802Z ^[[1m^[[92m  Downloaded^[[0m gix-date v0.13.0
Rust Dependency Audit	Install cargo-audit	2026-04-30T14:20:02.3361406Z ^[[1m^[[92m  Downloaded^[[0m getrandom v0.2.17
Rust Dependency Audit	Install cargo-audit	2026-04-30T14:20:02.3393536Z ^[[1m^[[92m  Downloaded^[[0m fs_extra v1.3.0
Rust Dependency Audit	Install cargo-audit	2026-04-30T14:20:02.3412261Z ^[[1m^[[92m  Downloaded^[[0m foldhash v0.1.5
Rust Dependency Audit	Install cargo-audit	2026-04-30T14:20:02.3425575Z ^[[1m^[[92m  Downloaded^[[0m find-msvc-tools v0.1.9
Rust Dependency Audit	Install cargo-audit	2026-04-30T14:20:02.3442349Z ^[[1m^[[92m  Downloaded^[[0m filetime v0.2.27
Rust Dependency Audit	Install cargo-audit	2026-04-30T14:20:02.3459664Z ^[[1m^[[92m  Downloaded^[[0m errno v0.3.14
Rust Dependency Audit	Install cargo-audit	2026-04-30T14:20:02.3475594Z ^[[1m^[[92m  Downloaded^[[0m digest v0.10.7
Rust Dependency Audit	Install cargo-audit	2026-04-30T14:20:02.3494673Z ^[[1m^[[92m  Downloaded^[[0m crossbeam-deque v0.8.6
Rust Dependency Audit	Install cargo-audit	2026-04-30T14:20:02.3509377Z ^[[1m^[[92m  Downloaded^[[0m foldhash v0.2.0
Rust Dependency Audit	Install cargo-audit	2026-04-30T14:20:02.3522614Z ^[[1m^[[92m  Downloaded^[[0m dunce v1.0.5
Rust Dependency Audit	Install cargo-audit	2026-04-30T14:20:02.3532476Z ^[[1m^[[92m  Downloaded^[[0m clru v0.6.3
Rust Dependency Audit	Install cargo-audit	2026-04-30T14:20:02.3546496Z ^[[1m^[[92m  Downloaded^[[0m indenter v0.3.4
Rust Dependency Audit	Install cargo-audit	2026-04-30T14:20:02.3559908Z ^[[1m^[[92m  Downloaded^[[0m gix-sec v0.13.3
Rust Dependency Audit	Install cargo-audit	2026-04-30T14:20:02.3572225Z ^[[1m^[[92m  Downloaded^[[0m gix-credentials v0.35.0
Rust Dependency Audit	Install cargo-audit	2026-04-30T14:20:02.3590164Z ^[[1m^[[92m  Downloaded^[[0m futures-task v0.3.32
Rust Dependency Audit	Install cargo-audit	2026-04-30T14:20:02.3603497Z ^[[1m^[[92m  Downloaded^[[0m gix-bitmap v0.2.16
Rust Dependency Audit	Install cargo-audit	2026-04-30T14:20:02.3614909Z ^[[1m^[[92m  Downloaded^[[0m generic-array v0.14.7
Rust Dependency Audit	Install cargo-audit	2026-04-30T14:20:02.3629980Z ^[[1m^[[92m  Downloaded^[[0m futures-io v0.3.32
Rust Dependency Audit	Install cargo-audit	2026-04-30T14:20:02.3639793Z ^[[1m^[[92m  Downloaded^[[0m form_urlencoded v1.2.2
Rust Dependency Audit	Install cargo-audit	2026-04-30T14:20:02.3649031Z ^[[1m^[[92m  Downloaded^[[0m cmake v0.1.58
Rust Dependency Audit	Install cargo-audit	2026-04-30T14:20:02.3663167Z ^[[1m^[[92m  Downloaded^[[0m idna_adapter v1.2.2
Rust Dependency Audit	Install cargo-audit	2026-04-30T14:20:02.3673735Z ^[[1m^[[92m  Downloaded^[[0m gix-trace v0.1.19
Rust Dependency Audit	Install cargo-audit	2026-04-30T14:20:02.3692305Z ^[[1m^[[92m  Downloaded^[[0m gix-refspec v0.36.0
Rust Dependency Audit	Install cargo-audit	2026-04-30T14:20:02.3706494Z ^[[1m^[[92m  Downloaded^[[0m gix-quote v0.6.2
Rust Dependency Audit	Install cargo-audit	2026-04-30T14:20:02.3717232Z ^[[1m^[[92m  Downloaded^[[0m gix-actor v0.38.0
Rust Dependency Audit	Install cargo-audit	2026-04-30T14:20:02.3730013Z ^[[1m^[[92m  Downloaded^[[0m futures-sink v0.3.32
Rust Dependency Audit	Install cargo-audit	2026-04-30T14:20:02.3739571Z ^[[1m^[[92m  Downloaded^[[0m display-error-chain v0.2.2
Rust Dependency Audit	Install cargo-audit	2026-04-30T14:20:02.3751822Z ^[[1m^[[92m  Downloaded^[[0m crypto-common v0.1.7
Rust Dependency Audit	Install cargo-audit	2026-04-30T14:20:02.3762501Z ^[[1m^[[92m  Downloaded^[[0m gix-hash v0.22.1
Rust Dependency Audit	Install cargo-audit	2026-04-30T14:20:02.3777383Z ^[[1m^[[92m  Downloaded^[[0m gix-chunk v0.5.0
Rust Dependency Audit	Install cargo-audit	2026-04-30T14:20:02.3789738Z ^[[1m^[[92m  Downloaded^[[0m cfg-if v1.0.4
Rust Dependency Audit	Install cargo-audit	2026-04-30T14:20:02.3803412Z ^[[1m^[[92m  Downloaded^[[0m auditable-serde v0.9.0
Rust Dependency Audit	Install cargo-audit	2026-04-30T14:20:02.3812902Z ^[[1m^[[92m  Downloaded^[[0m gix-features v0.46.2
Rust Dependency Audit	Install cargo-audit	2026-04-30T14:20:02.3838532Z ^[[1m^[[92m  Downloaded^[[0m gix-fs v0.19.2
Rust Dependency Audit	Install cargo-audit	2026-04-30T14:20:02.3854303Z ^[[1m^[[92m  Downloaded^[[0m cpufeatures v0.2.17
Rust Dependency Audit	Install cargo-audit	2026-04-30T14:20:02.3869529Z ^[[1m^[[92m  Downloaded^[[0m compression-core v0.4.32
Rust Dependency Audit	Install cargo-audit	2026-04-30T14:20:02.3882242Z ^[[1m^[[92m  Downloaded^[[0m clap_derive v4.6.1
Rust Dependency Audit	Install cargo-audit	2026-04-30T14:20:02.3904278Z ^[[1m^[[92m  Downloaded^[[0m cfg_aliases v0.2.1
Rust Dependency Audit	Install cargo-audit	2026-04-30T14:20:02.3915645Z ^[[1m^[[92m  Downloaded^[[0m canonical-path v2.0.2
Rust Dependency Audit	Install cargo-audit	2026-04-30T14:20:02.3924198Z ^[[1m^[[92m  Downloaded^[[0m block-buffer v0.10.4
Rust Dependency Audit	Install cargo-audit	2026-04-30T14:20:02.3935498Z ^[[1m^[[92m  Downloaded^[[0m allocator-api2 v0.2.21
Rust Dependency Audit	Install cargo-audit	2026-04-30T14:20:02.3961985Z ^[[1m^[[92m  Downloaded^[[0m addr2line v0.25.1
Rust Dependency Audit	Install cargo-audit	2026-04-30T14:20:02.3983939Z ^[[1m^[[92m  Downloaded^[[0m abscissa_core v0.9.0
Rust Dependency Audit	Install cargo-audit	2026-04-30T14:20:02.4023367Z ^[[1m^[[92m  Downloaded^[[0m gix-ignore v0.19.1
Rust Dependency Audit	Install cargo-audit	2026-04-30T14:20:02.4034705Z ^[[1m^[[92m  Downloaded^[[0m deranged v0.5.8
Rust Dependency Audit	Install cargo-audit	2026-04-30T14:20:02.4054498Z ^[[1m^[[92m  Downloaded^[[0m colorchoice v1.0.5
Rust Dependency Audit	Install cargo-audit	2026-04-30T14:20:02.4064715Z ^[[1m^[[92m  Downloaded^[[0m byteorder v1.5.0
Rust Dependency Audit	Install cargo-audit	2026-04-30T14:20:02.4081791Z ^[[1m^[[92m  Downloaded^[[0m binfarce v0.2.1
Rust Dependency Audit	Install cargo-audit	2026-04-30T14:20:02.4099761Z ^[[1m^[[92m  Downloaded^[[0m auditable-extract v0.3.5
Rust Dependency Audit	Install cargo-audit	2026-04-30T14:20:02.4108606Z ^[[1m^[[92m  Downloaded^[[0m arrayvec v0.7.6
Rust Dependency Audit	Install cargo-audit	2026-04-30T14:20:02.4129225Z ^[[1m^[[92m  Downloaded^[[0m anstyle-query v1.1.5
Rust Dependency Audit	Install cargo-audit	2026-04-30T14:20:02.4141689Z ^[[1m^[[92m  Downloaded^[[0m gix-lock v21.0.2
Rust Dependency Audit	Install cargo-audit	2026-04-30T14:20:02.4153944Z ^[[1m^[[92m  Downloaded^[[0m autocfg v1.5.0
Rust Dependency Audit	Install cargo-audit	2026-04-30T14:20:02.4173843Z ^[[1m^[[92m  Downloaded^[[0m auditable-info v0.10.0
Rust Dependency Audit	Install cargo-audit	2026-04-30T14:20:02.4183196Z ^[[1m^[[92m  Downloaded^[[0m atomic-waker v1.1.2
Rust Dependency Audit	Install cargo-audit	2026-04-30T14:20:02.4196248Z ^[[1m^[[92m  Downloaded^[[0m anstyle-parse v1.0.0
Rust Dependency Audit	Install cargo-audit	2026-04-30T14:20:02.4214264Z ^[[1m^[[92m  Downloaded^[[0m anstyle v1.0.14
Rust Dependency Audit	Install cargo-audit	2026-04-30T14:20:02.4271485Z ^[[1m^[[92m  Downloaded^[[0m aws-lc-sys v0.40.0
Rust Dependency Audit	Install cargo-audit	2026-04-30T14:20:02.8145607Z ^[[1m^[[92m   Compiling^[[0m proc-macro2 v1.0.106
Rust Dependency Audit	Install cargo-audit	2026-04-30T14:20:02.8146653Z ^[[1m^[[92m   Compiling^[[0m unicode-ident v1.0.24
Rust Dependency Audit	Install cargo-audit	2026-04-30T14:20:02.8706988Z ^[[1m^[[92m   Compiling^[[0m quote v1.0.45
Rust Dependency Audit	Install cargo-audit	2026-04-30T14:20:03.0176205Z ^[[1m^[[92m   Compiling^[[0m libc v0.2.186
Rust Dependency Audit	Install cargo-audit	2026-04-30T14:20:03.2116480Z ^[[1m^[[92m   Compiling^[[0m memchr v2.8.0
Rust Dependency Audit	Install cargo-audit	2026-04-30T14:20:03.7779457Z ^[[1m^[[92m   Compiling^[[0m syn v2.0.117
Rust Dependency Audit	Install cargo-audit	2026-04-30T14:20:05.2826738Z ^[[1m^[[92m   Compiling^[[0m cfg-if v1.0.4
Rust Dependency Audit	Install cargo-audit	2026-04-30T14:20:05.3126411Z ^[[1m^[[92m   Compiling^[[0m aho-corasick v1.1.4
Rust Dependency Audit	Install cargo-audit	2026-04-30T14:20:08.4537861Z ^[[1m^[[92m   Compiling^[[0m smallvec v1.15.1
Rust Dependency Audit	Install cargo-audit	2026-04-30T14:20:08.6376761Z ^[[1m^[[92m   Compiling^[[0m regex-syntax v0.8.10
Rust Dependency Audit	Install cargo-audit	2026-04-30T14:20:11.7053453Z ^[[1m^[[92m   Compiling^[[0m regex-automata v0.4.14
Rust Dependency Audit	Install cargo-audit	2026-04-30T14:20:16.6274464Z ^[[1m^[[92m   Compiling^[[0m once_cell v1.21.4
Rust Dependency Audit	Install cargo-audit	2026-04-30T14:20:16.7845995Z ^[[1m^[[92m   Compiling^[[0m bytes v1.11.1
Rust Dependency Audit	Install cargo-audit	2026-04-30T14:20:17.6127300Z ^[[1m^[[92m   Compiling^[[0m bstr v1.12.1
Rust Dependency Audit	Install cargo-audit	2026-04-30T14:20:19.1626439Z ^[[1m^[[92m   Compiling^[[0m thiserror v2.0.18
Rust Dependency Audit	Install cargo-audit	2026-04-30T14:20:19.3746589Z ^[[1m^[[92m   Compiling^[[0m thiserror-impl v2.0.18
Rust Dependency Audit	Install cargo-audit	2026-04-30T14:20:20.4387128Z ^[[1m^[[92m   Compiling^[[0m stable_deref_trait v1.2.1
Rust Dependency Audit	Install cargo-audit	2026-04-30T14:20:20.4697046Z ^[[1m^[[92m   Compiling^[[0m tinyvec_macros v0.1.1
Rust Dependency Audit	Install cargo-audit	2026-04-30T14:20:20.4986361Z ^[[1m^[[92m   Compiling^[[0m crossbeam-utils v0.8.21
Rust Dependency Audit	Install cargo-audit	2026-04-30T14:20:20.6267043Z ^[[1m^[[92m   Compiling^[[0m crc32fast v1.5.0
Rust Dependency Audit	Install cargo-audit	2026-04-30T14:20:20.7646525Z ^[[1m^[[92m   Compiling^[[0m tinyvec v1.11.0
Rust Dependency Audit	Install cargo-audit	2026-04-30T14:20:21.1617003Z ^[[1m^[[92m   Compiling^[[0m gix-trace v0.1.19
Rust Dependency Audit	Install cargo-audit	2026-04-30T14:20:21.2156269Z ^[[1m^[[92m   Compiling^[[0m fastrand v2.4.1
Rust Dependency Audit	Install cargo-audit	2026-04-30T14:20:21.4227105Z ^[[1m^[[92m   Compiling^[[0m unicode-normalization v0.1.25
Rust Dependency Audit	Install cargo-audit	2026-04-30T14:20:22.7306853Z ^[[1m^[[92m   Compiling^[[0m gix-validate v0.11.1
Rust Dependency Audit	Install cargo-audit	2026-04-30T14:20:23.2367054Z ^[[1m^[[92m   Compiling^[[0m parking_lot_core v0.9.12
Rust Dependency Audit	Install cargo-audit	2026-04-30T14:20:23.3496586Z ^[[1m^[[92m   Compiling^[[0m gix-path v0.11.3
Rust Dependency Audit	Install cargo-audit	2026-04-30T14:20:24.0366352Z ^[[1m^[[92m   Compiling^[[0m gix-utils v0.3.2
Rust Dependency Audit	Install cargo-audit	2026-04-30T14:20:24.9657133Z ^[[1m^[[92m   Compiling^[[0m itoa v1.0.18
Rust Dependency Audit	Install cargo-audit	2026-04-30T14:20:25.1346961Z ^[[1m^[[92m   Compiling^[[0m scopeguard v1.2.0
Rust Dependency Audit	Install cargo-audit	2026-04-30T14:20:25.1742320Z ^[[1m^[[92m   Compiling^[[0m lock_api v0.4.14
Rust Dependency Audit	Install cargo-audit	2026-04-30T14:20:25.5767054Z ^[[1m^[[92m   Compiling^[[0m bitflags v2.11.1
Rust Dependency Audit	Install cargo-audit	2026-04-30T14:20:25.8892086Z ^[[1m^[[92m   Compiling^[[0m parking_lot v0.12.5
Rust Dependency Audit	Install cargo-audit	2026-04-30T14:20:26.7846633Z ^[[1m^[[92m   Compiling^[[0m crossbeam-channel v0.5.15
Rust Dependency Audit	Install cargo-audit	2026-04-30T14:20:27.5536386Z ^[[1m^[[92m   Compiling^[[0m same-file v1.0.6
Rust Dependency Audit	Install cargo-audit	2026-04-30T14:20:27.6486489Z ^[[1m^[[92m   Compiling^[[0m walkdir v2.5.0
Rust Dependency Audit	Install cargo-audit	2026-04-30T14:20:28.4243848Z ^[[1m^[[92m   Compiling^[[0m prodash v31.0.0
Rust Dependency Audit	Install cargo-audit	2026-04-30T14:20:29.2277092Z ^[[1m^[[92m   Compiling^[[0m equivalent v1.0.2
Rust Dependency Audit	Install cargo-audit	2026-04-30T14:20:29.2606478Z ^[[1m^[[92m   Compiling^[[0m zlib-rs v0.6.3
Rust Dependency Audit	Install cargo-audit	2026-04-30T14:20:30.3036745Z ^[[1m^[[92m   Compiling^[[0m version_check v0.9.5
Rust Dependency Audit	Install cargo-audit	2026-04-30T14:20:30.4831582Z ^[[1m^[[92m   Compiling^[[0m generic-array v0.14.7
Rust Dependency Audit	Install cargo-audit	2026-04-30T14:20:30.5716426Z ^[[1m^[[92m   Compiling^[[0m typenum v1.20.0
Rust Dependency Audit	Install cargo-audit	2026-04-30T14:20:31.6166508Z ^[[1m^[[92m   Compiling^[[0m byteorder v1.5.0
Rust Dependency Audit	Install cargo-audit	2026-04-30T14:20:31.7346075Z ^[[1m^[[92m   Compiling^[[0m heapless v0.8.0
Rust Dependency Audit	Install cargo-audit	2026-04-30T14:20:31.8806593Z ^[[1m^[[92m   Compiling^[[0m hash32 v0.3.1
Rust Dependency Audit	Install cargo-audit	2026-04-30T14:20:32.3473557Z ^[[1m^[[92m   Compiling^[[0m gix-features v0.46.2
Rust Dependency Audit	Install cargo-audit	2026-04-30T14:20:33.6116514Z ^[[1m^[[92m   Compiling^[[0m block-buffer v0.10.4
Rust Dependency Audit	Install cargo-audit	2026-04-30T14:20:33.6906421Z ^[[1m^[[92m   Compiling^[[0m crypto-common v0.1.7
Rust Dependency Audit	Install cargo-audit	2026-04-30T14:20:33.7401225Z ^[[1m^[[92m   Compiling^[[0m digest v0.10.7
Rust Dependency Audit	Install cargo-audit	2026-04-30T14:20:33.8567008Z ^[[1m^[[92m   Compiling^[[0m faster-hex v0.10.0
Rust Dependency Audit	Install cargo-audit	2026-04-30T14:20:34.2146661Z ^[[1m^[[92m   Compiling^[[0m gix-error v0.0.0
Rust Dependency Audit	Install cargo-audit	2026-04-30T14:20:34.5846664Z ^[[1m^[[92m   Compiling^[[0m cpufeatures v0.2.17
Rust Dependency Audit	Install cargo-audit	2026-04-30T14:20:34.6156548Z ^[[1m^[[92m   Compiling^[[0m serde_core v1.0.228
Rust Dependency Audit	Install cargo-audit	2026-04-30T14:20:34.7736671Z ^[[1m^[[92m   Compiling^[[0m sha1 v0.10.6
Rust Dependency Audit	Install cargo-audit	2026-04-30T14:20:34.8356310Z ^[[1m^[[92m   Compiling^[[0m synstructure v0.13.2
Rust Dependency Audit	Install cargo-audit	2026-04-30T14:20:35.1606801Z ^[[1m^[[92m   Compiling^[[0m sha1-checked v0.10.0
Rust Dependency Audit	Install cargo-audit	2026-04-30T14:20:35.9161379Z ^[[1m^[[92m   Compiling^[[0m winnow v0.7.15
Rust Dependency Audit	Install cargo-audit	2026-04-30T14:20:37.5626806Z ^[[1m^[[92m   Compiling^[[0m jiff v0.2.24
Rust Dependency Audit	Install cargo-audit	2026-04-30T14:20:38.0567473Z ^[[1m^[[92m   Compiling^[[0m gix-hash v0.22.1
Rust Dependency Audit	Install cargo-audit	2026-04-30T14:20:38.6006660Z ^[[1m^[[92m   Compiling^[[0m foldhash v0.2.0
Rust Dependency Audit	Install cargo-audit	2026-04-30T14:20:38.7586634Z ^[[1m^[[92m   Compiling^[[0m allocator-api2 v0.2.21
Rust Dependency Audit	Install cargo-audit	2026-04-30T14:20:39.0937302Z ^[[1m^[[92m   Compiling^[[0m hashbrown v0.16.1
Rust Dependency Audit	Install cargo-audit	2026-04-30T14:20:39.7856710Z ^[[1m^[[92m   Compiling^[[0m zerofrom-derive v0.1.7
Rust Dependency Audit	Install cargo-audit	2026-04-30T14:20:40.7486398Z ^[[1m^[[92m   Compiling^[[0m rustix v1.1.4
Rust Dependency Audit	Install cargo-audit	2026-04-30T14:20:40.9226365Z ^[[1m^[[92m   Compiling^[[0m pin-project-lite v0.2.17
Rust Dependency Audit	Install cargo-audit	2026-04-30T14:20:41.8297038Z ^[[1m^[[92m   Compiling^[[0m gix-date v0.13.0
Rust Dependency Audit	Install cargo-audit	2026-04-30T14:20:44.3296689Z ^[[1m^[[92m   Compiling^[[0m gix-actor v0.38.0
Rust Dependency Audit	Install cargo-audit	2026-04-30T14:20:44.6387037Z ^[[1m^[[92m   Compiling^[[0m zerofrom v0.1.7
Rust Dependency Audit	Install cargo-audit	2026-04-30T14:20:44.7126595Z ^[[1m^[[92m   Compiling^[[0m gix-hashtable v0.12.0
Rust Dependency Audit	Install cargo-audit	2026-04-30T14:20:44.7797702Z ^[[1m^[[92m   Compiling^[[0m yoke-derive v0.8.2
Rust Dependency Audit	Install cargo-audit	2026-04-30T14:20:45.5966384Z ^[[1m^[[92m   Compiling^[[0m linux-raw-sys v0.12.1
Rust Dependency Audit	Install cargo-audit	2026-04-30T14:20:49.2046256Z ^[[1m^[[92m   Compiling^[[0m yoke v0.8.2
Rust Dependency Audit	Install cargo-audit	2026-04-30T14:20:49.3346845Z ^[[1m^[[92m   Compiling^[[0m gix-object v0.55.0
Rust Dependency Audit	Install cargo-audit	2026-04-30T14:20:50.1276516Z ^[[1m^[[92m   Compiling^[[0m jobserver v0.1.34
Rust Dependency Audit	Install cargo-audit	2026-04-30T14:20:50.3727222Z ^[[1m^[[92m   Compiling^[[0m shlex v1.3.0
Rust Dependency Audit	Install cargo-audit	2026-04-30T14:20:50.4826867Z ^[[1m^[[92m   Compiling^[[0m find-msvc-tools v0.1.9
Rust Dependency Audit	Install cargo-audit	2026-04-30T14:20:50.6346409Z ^[[1m^[[92m   Compiling^[[0m cc v1.2.61
Rust Dependency Audit	Install cargo-audit	2026-04-30T14:20:52.0047028Z ^[[1m^[[92m   Compiling^[[0m zerovec-derive v0.11.3
Rust Dependency Audit	Install cargo-audit	2026-04-30T14:20:52.8827024Z ^[[1m^[[92m   Compiling^[[0m memmap2 v0.9.10
Rust Dependency Audit	Install cargo-audit	2026-04-30T14:20:53.1086405Z ^[[1m^[[92m   Compiling^[[0m getrandom v0.4.2
Rust Dependency Audit	Install cargo-audit	2026-04-30T14:20:53.1586369Z ^[[1m^[[92m   Compiling^[[0m zerovec v0.11.6
Rust Dependency Audit	Install cargo-audit	2026-04-30T14:20:53.2156245Z ^[[1m^[[92m   Compiling^[[0m cmake v0.1.58
Rust Dependency Audit	Install cargo-audit	2026-04-30T14:20:53.5027182Z ^[[1m^[[92m   Compiling^[[0m displaydoc v0.2.5
Rust Dependency Audit	Install cargo-audit	2026-04-30T14:20:53.7216429Z ^[[1m^[[92m   Compiling^[[0m futures-core v0.3.32
Rust Dependency Audit	Install cargo-audit	2026-04-30T14:20:53.8026433Z ^[[1m^[[92m   Compiling^[[0m dunce v1.0.5
Rust Dependency Audit	Install cargo-audit	2026-04-30T14:20:53.8386846Z ^[[1m^[[92m   Compiling^[[0m fs_extra v1.3.0
Rust Dependency Audit	Install cargo-audit	2026-04-30T14:20:54.0266579Z ^[[1m^[[92m   Compiling^[[0m aws-lc-sys v0.40.0
Rust Dependency Audit	Install cargo-audit	2026-04-30T14:20:54.0686683Z ^[[1m^[[92m   Compiling^[[0m socket2 v0.6.3
Rust Dependency Audit	Install cargo-audit	2026-04-30T14:20:54.7276460Z ^[[1m^[[92m   Compiling^[[0m mio v1.2.0
Rust Dependency Audit	Install cargo-audit	2026-04-30T14:20:54.9914051Z ^[[1m^[[92m   Compiling^[[0m zeroize v1.8.2
Rust Dependency Audit	Install cargo-audit	2026-04-30T14:20:55.1051184Z ^[[1m^[[92m   Compiling^[[0m serde v1.0.228
Rust Dependency Audit	Install cargo-audit	2026-04-30T14:20:55.2636532Z ^[[1m^[[92m   Compiling^[[0m tokio v1.52.1
Rust Dependency Audit	Install cargo-audit	2026-04-30T14:21:03.0557011Z ^[[1m^[[92m   Compiling^[[0m tempfile v3.27.0
Rust Dependency Audit	Install cargo-audit	2026-04-30T14:21:03.8183060Z ^[[1m^[[92m   Compiling^[[0m gix-chunk v0.5.0
Rust Dependency Audit	Install cargo-audit	2026-04-30T14:21:04.0156481Z ^[[1m^[[92m   Compiling^[[0m gix-fs v0.19.2
Rust Dependency Audit	Install cargo-audit	2026-04-30T14:21:04.5016497Z ^[[1m^[[92m   Compiling^[[0m serde_derive v1.0.228
Rust Dependency Audit	Install cargo-audit	2026-04-30T14:21:06.5928160Z ^[[1m^[[92m   Compiling^[[0m simd-adler32 v0.3.9
Rust Dependency Audit	Install cargo-audit	2026-04-30T14:21:07.3744930Z ^[[1m^[[92m   Compiling^[[0m futures-sink v0.3.32
Rust Dependency Audit	Install cargo-audit	2026-04-30T14:21:07.4123256Z ^[[1m^[[92m   Compiling^[[0m adler2 v2.0.1
Rust Dependency Audit	Install cargo-audit	2026-04-30T14:21:07.4748460Z ^[[1m^[[92m   Compiling^[[0m miniz_oxide v0.8.9
Rust Dependency Audit	Install cargo-audit	2026-04-30T14:21:09.2436656Z ^[[1m^[[92m   Compiling^[[0m gix-tempfile v21.0.2
Rust Dependency Audit	Install cargo-audit	2026-04-30T14:21:09.8962426Z ^[[1m^[[92m   Compiling^[[0m tinystr v0.8.3
Rust Dependency Audit	Install cargo-audit	2026-04-30T14:21:09.9879927Z ^[[1m^[[92m   Compiling^[[0m gix-quote v0.6.2
Rust Dependency Audit	Install cargo-audit	2026-04-30T14:21:10.2301588Z ^[[1m^[[92m   Compiling^[[0m tracing-core v0.1.36
Rust Dependency Audit	Install cargo-audit	2026-04-30T14:21:11.0057067Z ^[[1m^[[92m   Compiling^[[0m litemap v0.8.2
Rust Dependency Audit	Install cargo-audit	2026-04-30T14:21:11.1403856Z ^[[1m^[[92m   Compiling^[[0m aws-lc-rs v1.16.3
Rust Dependency Audit	Install cargo-audit	2026-04-30T14:21:11.2373861Z ^[[1m^[[92m   Compiling^[[0m percent-encoding v2.3.2
Rust Dependency Audit	Install cargo-audit	2026-04-30T14:21:11.3884269Z ^[[1m^[[92m   Compiling^[[0m writeable v0.6.3
Rust Dependency Audit	Install cargo-audit	2026-04-30T14:21:11.5440882Z ^[[1m^[[92m   Compiling^[[0m icu_locale_core v2.2.0
Rust Dependency Audit	Install cargo-audit	2026-04-30T14:21:14.1896733Z ^[[1m^[[92m   Compiling^[[0m zerotrie v0.2.4
Rust Dependency Audit	Install cargo-audit	2026-04-30T14:21:14.5175994Z ^[[1m^[[92m   Compiling^[[0m potential_utf v0.1.5
Rust Dependency Audit	Install cargo-audit	2026-04-30T14:21:14.5847620Z ^[[1m^[[92m   Compiling^[[0m http v1.4.0
Rust Dependency Audit	Install cargo-audit	2026-04-30T14:21:16.3046924Z ^[[1m^[[92m   Compiling^[[0m tracing-attributes v0.1.31
Rust Dependency Audit	Install cargo-audit	2026-04-30T14:21:17.1066778Z ^[[1m^[[92m   Compiling^[[0m icu_normalizer_data v2.2.0
Rust Dependency Audit	Install cargo-audit	2026-04-30T14:21:17.1646531Z ^[[1m^[[92m   Compiling^[[0m utf8_iter v1.0.4
Rust Dependency Audit	Install cargo-audit	2026-04-30T14:21:17.2507186Z ^[[1m^[[92m   Compiling^[[0m slab v0.4.12
Rust Dependency Audit	Install cargo-audit	2026-04-30T14:21:17.3766574Z ^[[1m^[[92m   Compiling^[[0m fnv v1.0.7
Rust Dependency Audit	Install cargo-audit	2026-04-30T14:21:17.4091530Z ^[[1m^[[92m   Compiling^[[0m hashbrown v0.17.0
Rust Dependency Audit	Install cargo-audit	2026-04-30T14:21:17.9634828Z ^[[1m^[[92m   Compiling^[[0m icu_properties_data v2.2.0
Rust Dependency Audit	Install cargo-audit	2026-04-30T14:21:18.0385811Z ^[[1m^[[92m   Compiling^[[0m indexmap v2.14.0
Rust Dependency Audit	Install cargo-audit	2026-04-30T14:21:18.7526629Z ^[[1m^[[92m   Compiling^[[0m icu_collections v2.2.0
Rust Dependency Audit	Install cargo-audit	2026-04-30T14:21:19.3788540Z ^[[1m^[[92m   Compiling^[[0m tracing v0.1.44
Rust Dependency Audit	Install cargo-audit	2026-04-30T14:21:19.6432739Z ^[[1m^[[92m   Compiling^[[0m icu_provider v2.2.0
Rust Dependency Audit	Install cargo-audit	2026-04-30T14:21:20.1283589Z ^[[1m^[[92m   Compiling^[[0m gix-commitgraph v0.32.0
Rust Dependency Audit	Install cargo-audit	2026-04-30T14:21:20.8766766Z ^[[1m^[[92m   Compiling^[[0m rustls-pki-types v1.14.1
Rust Dependency Audit	Install cargo-audit	2026-04-30T14:21:21.5456762Z ^[[1m^[[92m   Compiling^[[0m gix-glob v0.24.0
Rust Dependency Audit	Install cargo-audit	2026-04-30T14:21:22.1979376Z ^[[1m^[[92m   Compiling^[[0m gix-revwalk v0.26.0
Rust Dependency Audit	Install cargo-audit	2026-04-30T14:21:22.5026431Z ^[[1m^[[92m   Compiling^[[0m http-body v1.0.1
Rust Dependency Audit	Install cargo-audit	2026-04-30T14:21:22.5787389Z ^[[1m^[[92m   Compiling^[[0m gix-lock v21.0.2
Rust Dependency Audit	Install cargo-audit	2026-04-30T14:21:23.0586529Z ^[[1m^[[92m   Compiling^[[0m tokio-util v0.7.18
Rust Dependency Audit	Install cargo-audit	2026-04-30T14:21:23.8708380Z ^[[1m^[[92m   Compiling^[[0m futures-task v0.3.32
Rust Dependency Audit	Install cargo-audit	2026-04-30T14:21:23.9596824Z ^[[1m^[[92m   Compiling^[[0m untrusted v0.9.0
Rust Dependency Audit	Install cargo-audit	2026-04-30T14:21:24.0176256Z ^[[1m^[[92m   Compiling^[[0m rustls v0.23.40
Rust Dependency Audit	Install cargo-audit	2026-04-30T14:21:24.0663472Z ^[[1m^[[92m   Compiling^[[0m httparse v1.10.1
Rust Dependency Audit	Install cargo-audit	2026-04-30T14:21:24.1794523Z ^[[1m^[[92m   Compiling^[[0m futures-io v0.3.32
Rust Dependency Audit	Install cargo-audit	2026-04-30T14:21:24.2867241Z ^[[1m^[[92m   Compiling^[[0m futures-util v0.3.32
Rust Dependency Audit	Install cargo-audit	2026-04-30T14:21:26.6417133Z ^[[1m^[[92m   Compiling^[[0m icu_properties v2.2.0
Rust Dependency Audit	Install cargo-audit	2026-04-30T14:21:27.9943515Z ^[[1m^[[92m   Compiling^[[0m icu_normalizer v2.2.0
Rust Dependency Audit	Install cargo-audit	2026-04-30T14:21:29.0440684Z ^[[1m^[[92m   Compiling^[[0m atomic-waker v1.1.2
Rust Dependency Audit	Install cargo-audit	2026-04-30T14:21:29.0839720Z ^[[1m^[[92m   Compiling^[[0m log v0.4.29
Rust Dependency Audit	Install cargo-audit	2026-04-30T14:21:29.2077148Z ^[[1m^[[92m   Compiling^[[0m try-lock v0.2.5
Rust Dependency Audit	Install cargo-audit	2026-04-30T14:21:29.2527031Z ^[[1m^[[92m   Compiling^[[0m subtle v2.6.1
Rust Dependency Audit	Install cargo-audit	2026-04-30T14:21:29.3296488Z ^[[1m^[[92m   Compiling^[[0m unicode-bom v2.0.3
Rust Dependency Audit	Install cargo-audit	2026-04-30T14:21:29.4464999Z ^[[1m^[[92m   Compiling^[[0m tower-service v0.3.3
Rust Dependency Audit	Install cargo-audit	2026-04-30T14:21:29.4737157Z ^[[1m^[[92m   Compiling^[[0m want v0.3.1
Rust Dependency Audit	Install cargo-audit	2026-04-30T14:21:29.5414594Z ^[[1m^[[92m   Compiling^[[0m h2 v0.4.13
Rust Dependency Audit	Install cargo-audit	2026-04-30T14:21:35.8266964Z ^[[1m^[[92m   Compiling^[[0m idna_adapter v1.2.2
Rust Dependency Audit	Install cargo-audit	2026-04-30T14:21:36.2977071Z ^[[1m^[[92m   Compiling^[[0m flate2 v1.1.9
Rust Dependency Audit	Install cargo-audit	2026-04-30T14:21:36.7616879Z ^[[1m^[[92m   Compiling^[[0m futures-channel v0.3.32
Rust Dependency Audit	Install cargo-audit	2026-04-30T14:21:36.9294694Z ^[[1m^[[92m   Compiling^[[0m gix-config-value v0.17.2
Rust Dependency Audit	Install cargo-audit	2026-04-30T14:21:37.7225728Z ^[[1m^[[92m   Compiling^[[0m compression-core v0.4.32
Rust Dependency Audit	Install cargo-audit	2026-04-30T14:21:37.8876406Z ^[[1m^[[92m   Compiling^[[0m shell-words v1.1.1
Rust Dependency Audit	Install cargo-audit	2026-04-30T14:21:38.2276977Z ^[[1m^[[92m   Compiling^[[0m static_assertions v1.1.0
Rust Dependency Audit	Install cargo-audit	2026-04-30T14:21:38.2826373Z ^[[1m^[[92m   Compiling^[[0m kstring v2.0.2
Rust Dependency Audit	Install cargo-audit	2026-04-30T14:21:38.5666372Z ^[[1m^[[92m   Compiling^[[0m gix-command v0.7.1
Rust Dependency Audit	Install cargo-audit	2026-04-30T14:21:39.3276632Z ^[[1m^[[92m   Compiling^[[0m compression-codecs v0.4.38
Rust Dependency Audit	Install cargo-audit	2026-04-30T14:21:39.6277215Z ^[[1m^[[92m   Compiling^[[0m hyper v1.9.0
Rust Dependency Audit	Install cargo-audit	2026-04-30T14:21:43.4925833Z ^[[1m^[[92m   Compiling^[[0m idna v1.1.0
Rust Dependency Audit	Install cargo-audit	2026-04-30T14:21:45.7966404Z ^[[1m^[[92m   Compiling^[[0m form_urlencoded v1.2.2
Rust Dependency Audit	Install cargo-audit	2026-04-30T14:21:45.9736970Z ^[[1m^[[92m   Compiling^[[0m sync_wrapper v1.0.2
Rust Dependency Audit	Install cargo-audit	2026-04-30T14:21:46.0215959Z ^[[1m^[[92m   Compiling^[[0m gix-sec v0.13.3
Rust Dependency Audit	Install cargo-audit	2026-04-30T14:21:46.2911253Z ^[[1m^[[92m   Compiling^[[0m encoding_rs v0.8.35
Rust Dependency Audit	Install cargo-audit	2026-04-30T14:21:51.2066772Z ^[[1m^[[92m   Compiling^[[0m openssl-probe v0.2.1
Rust Dependency Audit	Install cargo-audit	2026-04-30T14:21:51.3736972Z ^[[1m^[[92m   Compiling^[[0m ipnet v2.12.0
Rust Dependency Audit	Install cargo-audit	2026-04-30T14:21:52.5184948Z ^[[1m^[[92m   Compiling^[[0m tower-layer v0.3.3
Rust Dependency Audit	Install cargo-audit	2026-04-30T14:21:52.6278413Z ^[[1m^[[92m   Compiling^[[0m base64 v0.22.1
Rust Dependency Audit	Install cargo-audit	2026-04-30T14:21:52.9650132Z ^[[1m^[[92m   Compiling^[[0m hyper-util v0.1.20
Rust Dependency Audit	Install cargo-audit	2026-04-30T14:21:55.3656315Z ^[[1m^[[92m   Compiling^[[0m tower v0.5.3
Rust Dependency Audit	Install cargo-audit	2026-04-30T14:21:55.7532574Z ^[[1m^[[92m   Compiling^[[0m rustls-native-certs v0.8.3
Rust Dependency Audit	Install cargo-audit	2026-04-30T14:21:56.4268268Z ^[[1m^[[92m   Compiling^[[0m url v2.5.8
Rust Dependency Audit	Install cargo-audit	2026-04-30T14:21:58.7432048Z ^[[1m^[[92m   Compiling^[[0m async-compression v0.4.42
Rust Dependency Audit	Install cargo-audit	2026-04-30T14:21:59.0663582Z ^[[1m^[[92m   Compiling^[[0m gix-attributes v0.30.1
Rust Dependency Audit	Install cargo-audit	2026-04-30T14:22:01.2626658Z ^[[1m^[[92m   Compiling^[[0m http-body-util v0.1.3
Rust Dependency Audit	Install cargo-audit	2026-04-30T14:22:01.4276512Z ^[[1m^[[92m   Compiling^[[0m semver v1.0.28
Rust Dependency Audit	Install cargo-audit	2026-04-30T14:22:01.9647145Z ^[[1m^[[92m   Compiling^[[0m rustversion v1.0.22
Rust Dependency Audit	Install cargo-audit	2026-04-30T14:22:02.0999624Z ^[[1m^[[92m   Compiling^[[0m zmij v1.0.21
Rust Dependency Audit	Install cargo-audit	2026-04-30T14:22:02.1876577Z ^[[1m^[[92m   Compiling^[[0m iri-string v0.7.12
Rust Dependency Audit	Install cargo-audit	2026-04-30T14:22:04.7467100Z ^[[1m^[[92m   Compiling^[[0m tower-http v0.6.8
Rust Dependency Audit	Install cargo-audit	2026-04-30T14:22:05.7394819Z ^[[1m^[[92m   Compiling^[[0m gix-ref v0.58.0
Rust Dependency Audit	Install cargo-audit	2026-04-30T14:22:10.7750315Z ^[[1m^[[92m   Compiling^[[0m gix-url v0.35.3
Rust Dependency Audit	Install cargo-audit	2026-04-30T14:22:11.9136655Z ^[[1m^[[92m   Compiling^[[0m gix-packetline v0.21.3
Rust Dependency Audit	Install cargo-audit	2026-04-30T14:22:12.2006985Z ^[[1m^[[92m   Compiling^[[0m serde_json v1.0.149
Rust Dependency Audit	Install cargo-audit	2026-04-30T14:22:12.2628979Z ^[[1m^[[92m   Compiling^[[0m mime v0.3.17
Rust Dependency Audit	Install cargo-audit	2026-04-30T14:22:13.1761430Z ^[[1m^[[92m   Compiling^[[0m gix-prompt v0.13.1
Rust Dependency Audit	Install cargo-audit	2026-04-30T14:22:13.5175007Z ^[[1m^[[92m   Compiling^[[0m gix-traverse v0.52.0
Rust Dependency Audit	Install cargo-audit	2026-04-30T14:22:14.2349743Z ^[[1m^[[92m   Compiling^[[0m gix-revision v0.40.0
Rust Dependency Audit	Install cargo-audit	2026-04-30T14:22:16.3280878Z ^[[1m^[[92m   Compiling^[[0m crossbeam-epoch v0.9.18
Rust Dependency Audit	Install cargo-audit	2026-04-30T14:22:16.6538165Z ^[[1m^[[92m   Compiling^[[0m gix-bitmap v0.2.16
Rust Dependency Audit	Install cargo-audit	2026-04-30T14:22:16.7443031Z ^[[1m^[[92m   Compiling^[[0m filetime v0.2.27
Rust Dependency Audit	Install cargo-audit	2026-04-30T14:22:16.8702113Z ^[[1m^[[92m   Compiling^[[0m winnow v1.0.2
Rust Dependency Audit	Install cargo-audit	2026-04-30T14:22:17.1634468Z ^[[1m^[[92m   Compiling^[[0m autocfg v1.5.0
Rust Dependency Audit	Install cargo-audit	2026-04-30T14:22:17.3786248Z ^[[1m^[[92m   Compiling^[[0m object v0.37.3
Rust Dependency Audit	Install cargo-audit	2026-04-30T14:22:17.4856663Z ^[[1m^[[92m   Compiling^[[0m utf8parse v0.2.2
Rust Dependency Audit	Install cargo-audit	2026-04-30T14:22:17.5305475Z ^[[1m^[[92m   Compiling^[[0m rayon-core v1.13.0
Rust Dependency Audit	Install cargo-audit	2026-04-30T14:22:17.5987189Z ^[[1m^[[92m   Compiling^[[0m arrayvec v0.7.6
Rust Dependency Audit	Install cargo-audit	2026-04-30T14:22:17.7114986Z ^[[1m^[[92m   Compiling^[[0m uluru v3.1.0
Rust Dependency Audit	Install cargo-audit	2026-04-30T14:22:17.7896505Z ^[[1m^[[92m   Compiling^[[0m anstyle-parse v1.0.0
Rust Dependency Audit	Install cargo-audit	2026-04-30T14:22:17.9436654Z ^[[1m^[[92m   Compiling^[[0m fs-err v3.3.0
Rust Dependency Audit	Install cargo-audit	2026-04-30T14:22:18.0151815Z ^[[1m^[[92m   Compiling^[[0m toml_parser v1.1.2+spec-1.1.0
Rust Dependency Audit	Install cargo-audit	2026-04-30T14:22:19.1489000Z ^[[1m^[[92m   Compiling^[[0m gix-index v0.46.0
Rust Dependency Audit	Install cargo-audit	2026-04-30T14:22:23.4245548Z ^[[1m^[[92m   Compiling^[[0m crossbeam-deque v0.8.6
Rust Dependency Audit	Install cargo-audit	2026-04-30T14:22:23.5249975Z ^[[1m^[[92m   Compiling^[[0m gix-refspec v0.36.0
Rust Dependency Audit	Install cargo-audit	2026-04-30T14:22:25.3687864Z ^[[1m^[[92m   Compiling^[[0m gix-credentials v0.35.0
Rust Dependency Audit	Install cargo-audit	2026-04-30T14:22:28.9111479Z ^[[1m^[[92m   Compiling^[[0m arc-swap v1.9.1
Rust Dependency Audit	Install cargo-audit	2026-04-30T14:22:29.0762711Z ^[[1m^[[92m   Compiling^[[0m gix-ignore v0.19.1
Rust Dependency Audit	Install cargo-audit	2026-04-30T14:22:29.4220018Z ^[[1m^[[92m   Compiling^[[0m clru v0.6.3
Rust Dependency Audit	Install cargo-audit	2026-04-30T14:22:29.5668562Z ^[[1m^[[92m   Compiling^[[0m serde_spanned v1.1.1
Rust Dependency Audit	Install cargo-audit	2026-04-30T14:22:29.6187475Z ^[[1m^[[92m   Compiling^[[0m toml_datetime v0.7.5+spec-1.1.0
Rust Dependency Audit	Install cargo-audit	2026-04-30T14:22:29.8885677Z ^[[1m^[[92m   Compiling^[[0m anstyle-query v1.1.5
Rust Dependency Audit	Install cargo-audit	2026-04-30T14:22:29.9206490Z ^[[1m^[[92m   Compiling^[[0m eyre v0.6.12
Rust Dependency Audit	Install cargo-audit	2026-04-30T14:22:30.0416823Z ^[[1m^[[92m   Compiling^[[0m gimli v0.32.3
Rust Dependency Audit	Install cargo-audit	2026-04-30T14:22:32.3128114Z ^[[1m^[[92m   Compiling^[[0m toml_writer v1.1.1+spec-1.1.0
Rust Dependency Audit	Install cargo-audit	2026-04-30T14:22:32.4416913Z ^[[1m^[[92m   Compiling^[[0m anstyle v1.0.14
Rust Dependency Audit	Install cargo-audit	2026-04-30T14:22:32.5812760Z ^[[1m^[[92m   Compiling^[[0m colorchoice v1.0.5
Rust Dependency Audit	Install cargo-audit	2026-04-30T14:22:32.6147940Z ^[[1m^[[92m   Compiling^[[0m foldhash v0.1.5
Rust Dependency Audit	Install cargo-audit	2026-04-30T14:22:32.7197244Z ^[[1m^[[92m   Compiling^[[0m is_terminal_polyfill v1.70.2
Rust Dependency Audit	Install cargo-audit	2026-04-30T14:22:32.7465718Z ^[[1m^[[92m   Compiling^[[0m camino v1.2.2
Rust Dependency Audit	Install cargo-audit	2026-04-30T14:22:32.8506994Z ^[[1m^[[92m   Compiling^[[0m owo-colors v4.3.0
Rust Dependency Audit	Install cargo-audit	2026-04-30T14:22:32.9839712Z ^[[1m^[[92m   Compiling^[[0m anstream v1.0.0
Rust Dependency Audit	Install cargo-audit	2026-04-30T14:22:33.3213013Z ^[[1m^[[92m   Compiling^[[0m hashbrown v0.15.5
Rust Dependency Audit	Install cargo-audit	2026-04-30T14:22:33.8196494Z ^[[1m^[[92m   Compiling^[[0m toml v0.9.12+spec-1.1.0
Rust Dependency Audit	Install cargo-audit	2026-04-30T14:22:37.4721906Z ^[[1m^[[92m   Compiling^[[0m addr2line v0.25.1
Rust Dependency Audit	Install cargo-audit	2026-04-30T14:22:37.7805520Z ^[[1m^[[92m   Compiling^[[0m gix-pack v0.65.0
Rust Dependency Audit	Install cargo-audit	2026-04-30T14:22:44.4066706Z ^[[1m^[[92m   Compiling^[[0m rustls-webpki v0.103.13
Rust Dependency Audit	Install cargo-audit	2026-04-30T14:22:47.1786510Z ^[[1m^[[92m   Compiling^[[0m gix-worktree v0.47.0
Rust Dependency Audit	Install cargo-audit	2026-04-30T14:22:53.6446894Z ^[[1m^[[92m   Compiling^[[0m tokio-rustls v0.26.4
Rust Dependency Audit	Install cargo-audit	2026-04-30T14:22:53.8626502Z ^[[1m^[[92m   Compiling^[[0m hyper-rustls v0.27.9
Rust Dependency Audit	Install cargo-audit	2026-04-30T14:22:54.1537133Z ^[[1m^[[92m   Compiling^[[0m rustls-platform-verifier v0.7.0
Rust Dependency Audit	Install cargo-audit	2026-04-30T14:22:54.6816476Z ^[[1m^[[92m   Compiling^[[0m reqwest v0.13.3
Rust Dependency Audit	Install cargo-audit	2026-04-30T14:23:09.1346355Z ^[[1m^[[92m   Compiling^[[0m gix-transport v0.53.0
Rust Dependency Audit	Install cargo-audit	2026-04-30T14:23:15.0307119Z ^[[1m^[[92m   Compiling^[[0m gix-filter v0.25.0
Rust Dependency Audit	Install cargo-audit	2026-04-30T14:23:16.2537215Z ^[[1m^[[92m   Compiling^[[0m gix-config v0.51.0
Rust Dependency Audit	Install cargo-audit	2026-04-30T14:23:18.8307081Z ^[[1m^[[92m   Compiling^[[0m gix-pathspec v0.15.1
Rust Dependency Audit	Install cargo-audit	2026-04-30T14:23:20.7986587Z ^[[1m^[[92m   Compiling^[[0m gix-shallow v0.8.1
Rust Dependency Audit	Install cargo-audit	2026-04-30T14:23:21.3896521Z ^[[1m^[[92m   Compiling^[[0m gix-negotiate v0.26.0
Rust Dependency Audit	Install cargo-audit	2026-04-30T14:23:22.4156899Z ^[[1m^[[92m   Compiling^[[0m wasmparser v0.207.0
Rust Dependency Audit	Install cargo-audit	2026-04-30T14:23:22.6876676Z ^[[1m^[[92m   Compiling^[[0m regex v1.12.3
Rust Dependency Audit	Install cargo-audit	2026-04-30T14:23:24.1276684Z ^[[1m^[[92m   Compiling^[[0m maybe-async v0.2.10
Rust Dependency Audit	Install cargo-audit	2026-04-30T14:23:24.5676984Z ^[[1m^[[92m   Compiling^[[0m io-close v0.3.7
Rust Dependency Audit	Install cargo-audit	2026-04-30T14:23:24.6850685Z ^[[1m^[[92m   Compiling^[[0m binfarce v0.2.1
Rust Dependency Audit	Install cargo-audit	2026-04-30T14:23:26.8356413Z ^[[1m^[[92m   Compiling^[[0m clap_lex v1.1.0
Rust Dependency Audit	Install cargo-audit	2026-04-30T14:23:27.0977010Z ^[[1m^[[92m   Compiling^[[0m indenter v0.3.4
Rust Dependency Audit	Install cargo-audit	2026-04-30T14:23:27.1496403Z ^[[1m^[[92m   Compiling^[[0m heck v0.5.0
Rust Dependency Audit	Install cargo-audit	2026-04-30T14:23:27.2836587Z ^[[1m^[[92m   Compiling^[[0m topological-sort v0.2.2
Rust Dependency Audit	Install cargo-audit	2026-04-30T14:23:27.3852961Z ^[[1m^[[92m   Compiling^[[0m rustc-demangle v0.1.27
Rust Dependency Audit	Install cargo-audit	2026-04-30T14:23:28.1736395Z ^[[1m^[[92m   Compiling^[[0m either v1.15.0
Rust Dependency Audit	Install cargo-audit	2026-04-30T14:23:28.3126446Z ^[[1m^[[92m   Compiling^[[0m powerfmt v0.2.0
Rust Dependency Audit	Install cargo-audit	2026-04-30T14:23:28.3996629Z ^[[1m^[[92m   Compiling^[[0m strsim v0.11.1
Rust Dependency Audit	Install cargo-audit	2026-04-30T14:23:28.4887179Z ^[[1m^[[92m   Compiling^[[0m lazy_static v1.5.0
Rust Dependency Audit	Install cargo-audit	2026-04-30T14:23:28.5286787Z ^[[1m^[[92m   Compiling^[[0m fixedbitset v0.5.7
Rust Dependency Audit	Install cargo-audit	2026-04-30T14:23:28.9496434Z ^[[1m^[[92m   Compiling^[[0m petgraph v0.8.3
Rust Dependency Audit	Install cargo-audit	2026-04-30T14:23:29.1966550Z ^[[1m^[[92m   Compiling^[[0m clap_builder v4.6.0
Rust Dependency Audit	Install cargo-audit	2026-04-30T14:23:31.5307062Z ^[[1m^[[92m   Compiling^[[0m sharded-slab v0.1.7
Rust Dependency Audit	Install cargo-audit	2026-04-30T14:23:32.0307757Z ^[[1m^[[92m   Compiling^[[0m deranged v0.5.8
Rust Dependency Audit	Install cargo-audit	2026-04-30T14:23:33.2442330Z ^[[1m^[[92m   Compiling^[[0m rayon v1.12.0
Rust Dependency Audit	Install cargo-audit	2026-04-30T14:23:35.6217086Z ^[[1m^[[92m   Compiling^[[0m backtrace v0.3.76
Rust Dependency Audit	Install cargo-audit	2026-04-30T14:23:41.0706906Z ^[[1m^[[92m   Compiling^[[0m auditable-serde v0.9.0
Rust Dependency Audit	Install cargo-audit	2026-04-30T14:23:41.1447040Z ^[[1m^[[92m   Compiling^[[0m clap_derive v4.6.1
Rust Dependency Audit	Install cargo-audit	2026-04-30T14:23:42.6536536Z ^[[1m^[[92m   Compiling^[[0m auditable-extract v0.3.5
Rust Dependency Audit	Install cargo-audit	2026-04-30T14:23:42.7946521Z ^[[1m^[[92m   Compiling^[[0m gix-worktree-state v0.25.0
Rust Dependency Audit	Install cargo-audit	2026-04-30T14:23:42.8326541Z ^[[1m^[[92m   Compiling^[[0m gix-protocol v0.56.0
Rust Dependency Audit	Install cargo-audit	2026-04-30T14:23:43.4336625Z ^[[1m^[[92m   Compiling^[[0m gix-submodule v0.25.0
Rust Dependency Audit	Install cargo-audit	2026-04-30T14:23:45.8466786Z ^[[1m^[[92m   Compiling^[[0m gix-odb v0.75.0
Rust Dependency Audit	Install cargo-audit	2026-04-30T14:23:48.1176811Z ^[[1m^[[92m   Compiling^[[0m gix-discover v0.46.0
Rust Dependency Audit	Install cargo-audit	2026-04-30T14:23:49.4707098Z ^[[1m^[[92m   Compiling^[[0m tracing-log v0.2.0
Rust Dependency Audit	Install cargo-audit	2026-04-30T14:23:49.7647121Z ^[[1m^[[92m   Compiling^[[0m gix-diff v0.58.0
Rust Dependency Audit	Install cargo-audit	2026-04-30T14:23:49.9976668Z ^[[1m^[[92m   Compiling^[[0m smol_str v0.3.6
Rust Dependency Audit	Install cargo-audit	2026-04-30T14:23:50.2427061Z ^[[1m^[[92m   Compiling^[[0m matchers v0.2.0
Rust Dependency Audit	Install cargo-audit	2026-04-30T14:23:50.3196915Z ^[[1m^[[92m   Compiling^[[0m toml-span v0.7.1
Rust Dependency Audit	Install cargo-audit	2026-04-30T14:23:51.7837054Z ^[[1m^[[92m   Compiling^[[0m thread_local v1.1.9
Rust Dependency Audit	Install cargo-audit	2026-04-30T14:23:51.9946989Z ^[[1m^[[92m   Compiling^[[0m nu-ansi-term v0.50.3
Rust Dependency Audit	Install cargo-audit	2026-04-30T14:23:52.4476459Z ^[[1m^[[92m   Compiling^[[0m twox-hash v2.1.2
Rust Dependency Audit	Install cargo-audit	2026-04-30T14:23:52.5237143Z ^[[1m^[[92m   Compiling^[[0m ident_case v1.0.1
Rust Dependency Audit	Install cargo-audit	2026-04-30T14:23:52.5723841Z ^[[1m^[[92m   Compiling^[[0m rustc-stable-hash v0.1.2
Rust Dependency Audit	Install cargo-audit	2026-04-30T14:23:52.7026374Z ^[[1m^[[92m   Compiling^[[0m num-conv v0.2.1
Rust Dependency Audit	Install cargo-audit	2026-04-30T14:23:52.7906393Z ^[[1m^[[92m   Compiling^[[0m time-core v0.1.8
Rust Dependency Audit	Install cargo-audit	2026-04-30T14:23:52.8806384Z ^[[1m^[[92m   Compiling^[[0m time v0.3.47
Rust Dependency Audit	Install cargo-audit	2026-04-30T14:23:53.8866931Z ^[[1m^[[92m   Compiling^[[0m tame-index v0.26.3
Rust Dependency Audit	Install cargo-audit	2026-04-30T14:23:56.2996615Z ^[[1m^[[92m   Compiling^[[0m abscissa_derive v0.9.0
Rust Dependency Audit	Install cargo-audit	2026-04-30T14:23:56.5707283Z ^[[1m^[[92m   Compiling^[[0m tracing-subscriber v0.3.23
Rust Dependency Audit	Install cargo-audit	2026-04-30T14:24:02.8774617Z ^[[1m^[[92m   Compiling^[[0m gix v0.78.0
Rust Dependency Audit	Install cargo-audit	2026-04-30T14:24:03.3726893Z ^[[1m^[[92m   Compiling^[[0m color-eyre v0.6.5
Rust Dependency Audit	Install cargo-audit	2026-04-30T14:24:04.8208406Z ^[[1m^[[92m   Compiling^[[0m auditable-info v0.10.0
Rust Dependency Audit	Install cargo-audit	2026-04-30T14:24:05.8176402Z ^[[1m^[[92m   Compiling^[[0m clap v4.6.1
Rust Dependency Audit	Install cargo-audit	2026-04-30T14:24:05.8516386Z ^[[1m^[[92m   Compiling^[[0m cargo-lock v11.0.1
Rust Dependency Audit	Install cargo-audit	2026-04-30T14:24:11.7246358Z ^[[1m^[[92m   Compiling^[[0m quitters v0.1.0
Rust Dependency Audit	Install cargo-audit	2026-04-30T14:24:12.5106972Z ^[[1m^[[92m   Compiling^[[0m platforms v3.10.0
Rust Dependency Audit	Install cargo-audit	2026-04-30T14:24:12.9277137Z ^[[1m^[[92m   Compiling^[[0m secrecy v0.10.3
Rust Dependency Audit	Install cargo-audit	2026-04-30T14:24:13.0090930Z ^[[1m^[[92m   Compiling^[[0m cvss v2.2.0
Rust Dependency Audit	Install cargo-audit	2026-04-30T14:24:15.3067227Z ^[[1m^[[92m   Compiling^[[0m wait-timeout v0.2.1
Rust Dependency Audit	Install cargo-audit	2026-04-30T14:24:15.7056694Z ^[[1m^[[92m   Compiling^[[0m canonical-path v2.0.2
Rust Dependency Audit	Install cargo-audit	2026-04-30T14:24:15.8606954Z ^[[1m^[[92m   Compiling^[[0m termcolor v1.4.1
Rust Dependency Audit	Install cargo-audit	2026-04-30T14:24:16.2676853Z ^[[1m^[[92m   Compiling^[[0m home v0.5.12
Rust Dependency Audit	Install cargo-audit	2026-04-30T14:24:16.3516526Z ^[[1m^[[92m   Compiling^[[0m rustsec v0.32.0
Rust Dependency Audit	Install cargo-audit	2026-04-30T14:24:39.6396791Z ^[[1m^[[92m   Compiling^[[0m abscissa_core v0.9.0
Rust Dependency Audit	Install cargo-audit	2026-04-30T14:24:43.8936633Z ^[[1m^[[92m   Compiling^[[0m display-error-chain v0.2.2
Rust Dependency Audit	Install cargo-audit	2026-04-30T14:24:43.9606563Z ^[[1m^[[92m   Compiling^[[0m cargo-audit v0.22.1
Rust Dependency Audit	Install cargo-audit	2026-04-30T14:24:57.0945249Z ^[[1m^[[92m    Finished^[[0m `release` profile [optimized] target(s) in 4m 57s
Rust Dependency Audit	Install cargo-audit	2026-04-30T14:24:57.1893233Z ^[[1m^[[92m  Installing^[[0m /home/runner/.cargo/bin/cargo-audit
Rust Dependency Audit	Install cargo-audit	2026-04-30T14:24:57.1895890Z ^[[1m^[[92m   Installed^[[0m package `cargo-audit v0.22.1` (executable `cargo-audit`)
Rust Dependency Audit	Run audit	﻿2026-04-30T14:24:57.3517373Z ##[group]Run cargo audit
Rust Dependency Audit	Run audit	2026-04-30T14:24:57.3517658Z ^[[36;1mcargo audit^[[0m
Rust Dependency Audit	Run audit	2026-04-30T14:24:57.3539449Z shell: /usr/bin/bash -e {0}
Rust Dependency Audit	Run audit	2026-04-30T14:24:57.3539696Z env:
Rust Dependency Audit	Run audit	2026-04-30T14:24:57.3539885Z   CARGO_HOME: /home/runner/.cargo
Rust Dependency Audit	Run audit	2026-04-30T14:24:57.3540131Z   CARGO_INCREMENTAL: 0
Rust Dependency Audit	Run audit	2026-04-30T14:24:57.3540345Z   CARGO_TERM_COLOR: always
Rust Dependency Audit	Run audit	2026-04-30T14:24:57.3540556Z ##[endgroup]
Rust Dependency Audit	Run audit	2026-04-30T14:24:57.3963454Z ^[[1m^[[92m    Updating^[[0m crates.io index
Rust Dependency Audit	Run audit	2026-04-30T14:24:58.0756778Z ^[[1m^[[92m     Locking^[[0m 138 packages to latest compatible versions
Rust Dependency Audit	Run audit	2026-04-30T14:24:58.1081299Z ^[[1m^[[92m      Adding^[[0m prost v0.12.6 ^[[1m^[[33m(available: v0.14.3)^[[0m
Rust Dependency Audit	Run audit	2026-04-30T14:24:58.1441088Z ^[[1m^[[92m      Adding^[[0m tonic v0.11.0 ^[[1m^[[33m(available: v0.14.5)^[[0m
Rust Dependency Audit	Run audit	2026-04-30T14:24:58.1442796Z ^[[1m^[[92m      Adding^[[0m tonic-build v0.11.0 ^[[1m^[[33m(available: v0.14.5)^[[0m
Rust Dependency Audit	Run audit	2026-04-30T14:24:58.1981113Z ^[[0m^[[0m^[[1m^[[32m    Fetching^[[0m advisory database from `https://github.com/RustSec/advisory-db.git`
Rust Dependency Audit	Run audit	2026-04-30T14:25:01.9372520Z ^[[0m^[[0m^[[1m^[[32m      Loaded^[[0m 1060 security advisories (from /home/runner/.cargo/advisory-db)
Rust Dependency Audit	Run audit	2026-04-30T14:25:01.9373997Z ^[[0m^[[0m^[[1m^[[32m    Updating^[[0m crates.io index
Rust Dependency Audit	Run audit	2026-04-30T14:25:01.9521957Z ^[[0m^[[0m^[[1m^[[32m    Scanning^[[0m Cargo.lock for vulnerabilities (139 crate dependencies)
Rust Dependency Audit	Post Run actions/checkout@v4	﻿2026-04-30T14:25:02.1160446Z Post job cleanup.
Rust Dependency Audit	Post Run actions/checkout@v4	2026-04-30T14:25:02.2149844Z [command]/usr/bin/git version
Rust Dependency Audit	Post Run actions/checkout@v4	2026-04-30T14:25:02.2200188Z git version 2.53.0
Rust Dependency Audit	Post Run actions/checkout@v4	2026-04-30T14:25:02.2246579Z Temporarily overriding HOME='/home/runner/work/_temp/9145d23d-5574-445c-8adc-c130705dd8fa' before making global git config changes
Rust Dependency Audit	Post Run actions/checkout@v4	2026-04-30T14:25:02.2248243Z Adding repository directory to the temporary git global config as a safe directory
Rust Dependency Audit	Post Run actions/checkout@v4	2026-04-30T14:25:02.2250808Z [command]/usr/bin/git config --global --add safe.directory /home/runner/work/vtuber-image/vtuber-image
Rust Dependency Audit	Post Run actions/checkout@v4	2026-04-30T14:25:02.2305875Z [command]/usr/bin/git config --local --name-only --get-regexp core\.sshCommand
Rust Dependency Audit	Post Run actions/checkout@v4	2026-04-30T14:25:02.2342421Z [command]/usr/bin/git submodule foreach --recursive sh -c "git config --local --name-only --get-regexp 'core\.sshCommand' && git config --local --unset-all 'core.sshCommand' || :"
Rust Dependency Audit	Post Run actions/checkout@v4	2026-04-30T14:25:02.2590265Z [command]/usr/bin/git config --local --name-only --get-regexp http\.https\:\/\/github\.com\/\.extraheader
Rust Dependency Audit	Post Run actions/checkout@v4	2026-04-30T14:25:02.2616972Z http.https://github.com/.extraheader
Rust Dependency Audit	Post Run actions/checkout@v4	2026-04-30T14:25:02.2629063Z [command]/usr/bin/git config --local --unset-all http.https://github.com/.extraheader
Rust Dependency Audit	Post Run actions/checkout@v4	2026-04-30T14:25:02.2662119Z [command]/usr/bin/git submodule foreach --recursive sh -c "git config --local --name-only --get-regexp 'http\.https\:\/\/github\.com\/\.extraheader' && git config --local --unset-all 'http.https://github.com/.extraheader' || :"
Rust Dependency Audit	Post Run actions/checkout@v4	2026-04-30T14:25:02.2909771Z [command]/usr/bin/git config --local --name-only --get-regexp ^includeIf\.gitdir:
Rust Dependency Audit	Post Run actions/checkout@v4	2026-04-30T14:25:02.2951706Z [command]/usr/bin/git submodule foreach --recursive git config --local --show-origin --name-only --get-regexp remote.origin.url
Rust Dependency Audit	Complete job	﻿2026-04-30T14:25:02.3327536Z Cleaning up orphan processes
Rust Dependency Audit	Complete job	2026-04-30T14:25:02.3580047Z ##[warning]Node.js 20 actions are deprecated. The following actions are running on Node.js 20 and may not work as expected: actions/checkout@v4. Actions will be forced to run with Node.js 24 by default starting June 2nd, 2026. Node.js 20 will be removed from the runner on September 16th, 2026. Please check if updated versions of these actions are available that support Node.js 24. To opt into Node.js 24 now, set the FORCE_JAVASCRIPT_ACTIONS_TO_NODE24=true environment variable on the runner or in your workflow file. Once Node.js 24 becomes the default, you can temporarily opt out by setting ACTIONS_ALLOW_USE_UNSECURE_NODE_VERSION=true. For more information see: https://github.blog/changelog/2025-09-19-deprecation-of-node-20-on-github-actions-runners/
Rust Static Analysis (SARIF)	Set up job	﻿2026-04-30T14:19:48.0602762Z Current runner version: '2.334.0'
Rust Static Analysis (SARIF)	Set up job	2026-04-30T14:19:48.0643249Z ##[group]Runner Image Provisioner
Rust Static Analysis (SARIF)	Set up job	2026-04-30T14:19:48.0644617Z Hosted Compute Agent
Rust Static Analysis (SARIF)	Set up job	2026-04-30T14:19:48.0646084Z Version: 20260213.493
Rust Static Analysis (SARIF)	Set up job	2026-04-30T14:19:48.0647133Z Commit: 5c115507f6dd24b8de37d8bbe0bb4509d0cc0fa3
Rust Static Analysis (SARIF)	Set up job	2026-04-30T14:19:48.0648394Z Build Date: 2026-02-13T00:28:41Z
Rust Static Analysis (SARIF)	Set up job	2026-04-30T14:19:48.0649577Z Worker ID: {75ccf675-87ea-4ec3-a97a-2300f91772bd}
Rust Static Analysis (SARIF)	Set up job	2026-04-30T14:19:48.0650715Z Azure Region: eastus2
Rust Static Analysis (SARIF)	Set up job	2026-04-30T14:19:48.0651786Z ##[endgroup]
Rust Static Analysis (SARIF)	Set up job	2026-04-30T14:19:48.0654124Z ##[group]Operating System
Rust Static Analysis (SARIF)	Set up job	2026-04-30T14:19:48.0655131Z Ubuntu
Rust Static Analysis (SARIF)	Set up job	2026-04-30T14:19:48.0656116Z 24.04.4
Rust Static Analysis (SARIF)	Set up job	2026-04-30T14:19:48.0657106Z LTS
Rust Static Analysis (SARIF)	Set up job	2026-04-30T14:19:48.0657854Z ##[endgroup]
Rust Static Analysis (SARIF)	Set up job	2026-04-30T14:19:48.0658666Z ##[group]Runner Image
Rust Static Analysis (SARIF)	Set up job	2026-04-30T14:19:48.0659720Z Image: ubuntu-24.04
Rust Static Analysis (SARIF)	Set up job	2026-04-30T14:19:48.0660564Z Version: 20260413.86.1
Rust Static Analysis (SARIF)	Set up job	2026-04-30T14:19:48.0662324Z Included Software: https://github.com/actions/runner-images/blob/ubuntu24/20260413.86/images/ubuntu/Ubuntu2404-Readme.md
Rust Static Analysis (SARIF)	Set up job	2026-04-30T14:19:48.0665804Z Image Release: https://github.com/actions/runner-images/releases/tag/ubuntu24%2F20260413.86
Rust Static Analysis (SARIF)	Set up job	2026-04-30T14:19:48.0667546Z ##[endgroup]
Rust Static Analysis (SARIF)	Set up job	2026-04-30T14:19:48.0669735Z ##[group]GITHUB_TOKEN Permissions
Rust Static Analysis (SARIF)	Set up job	2026-04-30T14:19:48.0672734Z Contents: read
Rust Static Analysis (SARIF)	Set up job	2026-04-30T14:19:48.0673758Z Metadata: read
Rust Static Analysis (SARIF)	Set up job	2026-04-30T14:19:48.0674581Z SecurityEvents: write
Rust Static Analysis (SARIF)	Set up job	2026-04-30T14:19:48.0675912Z ##[endgroup]
Rust Static Analysis (SARIF)	Set up job	2026-04-30T14:19:48.0679428Z Secret source: Actions
Rust Static Analysis (SARIF)	Set up job	2026-04-30T14:19:48.0680946Z Prepare workflow directory
Rust Static Analysis (SARIF)	Set up job	2026-04-30T14:19:48.1762396Z Prepare all required actions
Rust Static Analysis (SARIF)	Set up job	2026-04-30T14:19:48.1873247Z Getting action download info
Rust Static Analysis (SARIF)	Set up job	2026-04-30T14:19:48.7751119Z Download action repository 'actions/checkout@v4' (SHA:34e114876b0b11c390a56381ad16ebd13914f8d5)
Rust Static Analysis (SARIF)	Set up job	2026-04-30T14:19:48.9047254Z Download action repository 'dtolnay/rust-toolchain@stable' (SHA:29eef336d9b2848a0b548edc03f92a220660cdb8)
Rust Static Analysis (SARIF)	Set up job	2026-04-30T14:19:49.3888700Z Download action repository 'github/codeql-action@v3' (SHA:ce64ddcb0d8d890d2df4a9d1c04ff297367dea2a)
Rust Static Analysis (SARIF)	Set up job	2026-04-30T14:19:50.4214210Z Complete job name: Rust Static Analysis (SARIF)
Rust Static Analysis (SARIF)	Run actions/checkout@v4	﻿2026-04-30T14:19:50.4988069Z ##[group]Run actions/checkout@v4
Rust Static Analysis (SARIF)	Run actions/checkout@v4	2026-04-30T14:19:50.4988771Z with:
Rust Static Analysis (SARIF)	Run actions/checkout@v4	2026-04-30T14:19:50.4989056Z   repository: echo-layer/vtuber-image
Rust Static Analysis (SARIF)	Run actions/checkout@v4	2026-04-30T14:19:50.4989613Z   token: ***
Rust Static Analysis (SARIF)	Run actions/checkout@v4	2026-04-30T14:19:50.4989855Z   ssh-strict: true
Rust Static Analysis (SARIF)	Run actions/checkout@v4	2026-04-30T14:19:50.4990100Z   ssh-user: git
Rust Static Analysis (SARIF)	Run actions/checkout@v4	2026-04-30T14:19:50.4990339Z   persist-credentials: true
Rust Static Analysis (SARIF)	Run actions/checkout@v4	2026-04-30T14:19:50.4990620Z   clean: true
Rust Static Analysis (SARIF)	Run actions/checkout@v4	2026-04-30T14:19:50.4990858Z   sparse-checkout-cone-mode: true
Rust Static Analysis (SARIF)	Run actions/checkout@v4	2026-04-30T14:19:50.4991144Z   fetch-depth: 1
Rust Static Analysis (SARIF)	Run actions/checkout@v4	2026-04-30T14:19:50.4991377Z   fetch-tags: false
Rust Static Analysis (SARIF)	Run actions/checkout@v4	2026-04-30T14:19:50.4991638Z   show-progress: true
Rust Static Analysis (SARIF)	Run actions/checkout@v4	2026-04-30T14:19:50.4991884Z   lfs: false
Rust Static Analysis (SARIF)	Run actions/checkout@v4	2026-04-30T14:19:50.4992112Z   submodules: false
Rust Static Analysis (SARIF)	Run actions/checkout@v4	2026-04-30T14:19:50.4992349Z   set-safe-directory: true
Rust Static Analysis (SARIF)	Run actions/checkout@v4	2026-04-30T14:19:50.4992822Z ##[endgroup]
Rust Static Analysis (SARIF)	Run actions/checkout@v4	2026-04-30T14:19:50.6293352Z Syncing repository: echo-layer/vtuber-image
Rust Static Analysis (SARIF)	Run actions/checkout@v4	2026-04-30T14:19:50.6297124Z ##[group]Getting Git version info
Rust Static Analysis (SARIF)	Run actions/checkout@v4	2026-04-30T14:19:50.6298331Z Working directory is '/home/runner/work/vtuber-image/vtuber-image'
Rust Static Analysis (SARIF)	Run actions/checkout@v4	2026-04-30T14:19:50.6301937Z [command]/usr/bin/git version
Rust Static Analysis (SARIF)	Run actions/checkout@v4	2026-04-30T14:19:50.6340463Z git version 2.53.0
Rust Static Analysis (SARIF)	Run actions/checkout@v4	2026-04-30T14:19:50.6369719Z ##[endgroup]
Rust Static Analysis (SARIF)	Run actions/checkout@v4	2026-04-30T14:19:50.6392508Z Temporarily overriding HOME='/home/runner/work/_temp/d4e7ef47-5948-40e6-bed4-f36012ee4b74' before making global git config changes
Rust Static Analysis (SARIF)	Run actions/checkout@v4	2026-04-30T14:19:50.6393955Z Adding repository directory to the temporary git global config as a safe directory
Rust Static Analysis (SARIF)	Run actions/checkout@v4	2026-04-30T14:19:50.6397334Z [command]/usr/bin/git config --global --add safe.directory /home/runner/work/vtuber-image/vtuber-image
Rust Static Analysis (SARIF)	Run actions/checkout@v4	2026-04-30T14:19:50.6447071Z Deleting the contents of '/home/runner/work/vtuber-image/vtuber-image'
Rust Static Analysis (SARIF)	Run actions/checkout@v4	2026-04-30T14:19:50.6449090Z ##[group]Initializing the repository
Rust Static Analysis (SARIF)	Run actions/checkout@v4	2026-04-30T14:19:50.6451767Z [command]/usr/bin/git init /home/runner/work/vtuber-image/vtuber-image
Rust Static Analysis (SARIF)	Run actions/checkout@v4	2026-04-30T14:19:50.6547590Z hint: Using 'master' as the name for the initial branch. This default branch name
Rust Static Analysis (SARIF)	Run actions/checkout@v4	2026-04-30T14:19:50.6549503Z hint: will change to "main" in Git 3.0. To configure the initial branch name
Rust Static Analysis (SARIF)	Run actions/checkout@v4	2026-04-30T14:19:50.6551141Z hint: to use in all of your new repositories, which will suppress this warning,
Rust Static Analysis (SARIF)	Run actions/checkout@v4	2026-04-30T14:19:50.6552984Z hint: call:
Rust Static Analysis (SARIF)	Run actions/checkout@v4	2026-04-30T14:19:50.6554318Z hint:
Rust Static Analysis (SARIF)	Run actions/checkout@v4	2026-04-30T14:19:50.6556086Z hint: 	git config --global init.defaultBranch <name>
Rust Static Analysis (SARIF)	Run actions/checkout@v4	2026-04-30T14:19:50.6557059Z hint:
Rust Static Analysis (SARIF)	Run actions/checkout@v4	2026-04-30T14:19:50.6557900Z hint: Names commonly chosen instead of 'master' are 'main', 'trunk' and
Rust Static Analysis (SARIF)	Run actions/checkout@v4	2026-04-30T14:19:50.6559791Z hint: 'development'. The just-created branch can be renamed via this command:
Rust Static Analysis (SARIF)	Run actions/checkout@v4	2026-04-30T14:19:50.6561272Z hint:
Rust Static Analysis (SARIF)	Run actions/checkout@v4	2026-04-30T14:19:50.6562548Z hint: 	git branch -m <name>
Rust Static Analysis (SARIF)	Run actions/checkout@v4	2026-04-30T14:19:50.6563423Z hint:
Rust Static Analysis (SARIF)	Run actions/checkout@v4	2026-04-30T14:19:50.6565200Z hint: Disable this message with "git config set advice.defaultBranchName false"
Rust Static Analysis (SARIF)	Run actions/checkout@v4	2026-04-30T14:19:50.6567136Z Initialized empty Git repository in /home/runner/work/vtuber-image/vtuber-image/.git/
Rust Static Analysis (SARIF)	Run actions/checkout@v4	2026-04-30T14:19:50.6571318Z [command]/usr/bin/git remote add origin https://github.com/echo-layer/vtuber-image
Rust Static Analysis (SARIF)	Run actions/checkout@v4	2026-04-30T14:19:50.6600580Z ##[endgroup]
Rust Static Analysis (SARIF)	Run actions/checkout@v4	2026-04-30T14:19:50.6601868Z ##[group]Disabling automatic garbage collection
Rust Static Analysis (SARIF)	Run actions/checkout@v4	2026-04-30T14:19:50.6606741Z [command]/usr/bin/git config --local gc.auto 0
Rust Static Analysis (SARIF)	Run actions/checkout@v4	2026-04-30T14:19:50.6642331Z ##[endgroup]
Rust Static Analysis (SARIF)	Run actions/checkout@v4	2026-04-30T14:19:50.6643756Z ##[group]Setting up auth
Rust Static Analysis (SARIF)	Run actions/checkout@v4	2026-04-30T14:19:50.6651188Z [command]/usr/bin/git config --local --name-only --get-regexp core\.sshCommand
Rust Static Analysis (SARIF)	Run actions/checkout@v4	2026-04-30T14:19:50.6686836Z [command]/usr/bin/git submodule foreach --recursive sh -c "git config --local --name-only --get-regexp 'core\.sshCommand' && git config --local --unset-all 'core.sshCommand' || :"
Rust Static Analysis (SARIF)	Run actions/checkout@v4	2026-04-30T14:19:50.7037747Z [command]/usr/bin/git config --local --name-only --get-regexp http\.https\:\/\/github\.com\/\.extraheader
Rust Static Analysis (SARIF)	Run actions/checkout@v4	2026-04-30T14:19:50.7044009Z [command]/usr/bin/git submodule foreach --recursive sh -c "git config --local --name-only --get-regexp 'http\.https\:\/\/github\.com\/\.extraheader' && git config --local --unset-all 'http.https://github.com/.extraheader' || :"
Rust Static Analysis (SARIF)	Run actions/checkout@v4	2026-04-30T14:19:50.7301881Z [command]/usr/bin/git config --local --name-only --get-regexp ^includeIf\.gitdir:
Rust Static Analysis (SARIF)	Run actions/checkout@v4	2026-04-30T14:19:50.7336201Z [command]/usr/bin/git submodule foreach --recursive git config --local --show-origin --name-only --get-regexp remote.origin.url
Rust Static Analysis (SARIF)	Run actions/checkout@v4	2026-04-30T14:19:50.7588090Z [command]/usr/bin/git config --local http.https://github.com/.extraheader AUTHORIZATION: basic ***
Rust Static Analysis (SARIF)	Run actions/checkout@v4	2026-04-30T14:19:50.7623992Z ##[endgroup]
Rust Static Analysis (SARIF)	Run actions/checkout@v4	2026-04-30T14:19:50.7624870Z ##[group]Fetching the repository
Rust Static Analysis (SARIF)	Run actions/checkout@v4	2026-04-30T14:19:50.7637182Z [command]/usr/bin/git -c protocol.version=2 fetch --no-tags --prune --no-recurse-submodules --depth=1 origin +6ec10343f27d82b4244a6bdb4dafdbbfe078590e:refs/remotes/pull/1/merge
Rust Static Analysis (SARIF)	Run actions/checkout@v4	2026-04-30T14:19:51.0396929Z From https://github.com/echo-layer/vtuber-image
Rust Static Analysis (SARIF)	Run actions/checkout@v4	2026-04-30T14:19:51.0398137Z  * [new ref]         6ec10343f27d82b4244a6bdb4dafdbbfe078590e -> pull/1/merge
Rust Static Analysis (SARIF)	Run actions/checkout@v4	2026-04-30T14:19:51.0470394Z ##[endgroup]
Rust Static Analysis (SARIF)	Run actions/checkout@v4	2026-04-30T14:19:51.0471612Z ##[group]Determining the checkout info
Rust Static Analysis (SARIF)	Run actions/checkout@v4	2026-04-30T14:19:51.0472838Z ##[endgroup]
Rust Static Analysis (SARIF)	Run actions/checkout@v4	2026-04-30T14:19:51.0473639Z [command]/usr/bin/git sparse-checkout disable
Rust Static Analysis (SARIF)	Run actions/checkout@v4	2026-04-30T14:19:51.0531116Z [command]/usr/bin/git config --local --unset-all extensions.worktreeConfig
Rust Static Analysis (SARIF)	Run actions/checkout@v4	2026-04-30T14:19:51.0593045Z ##[group]Checking out the ref
Rust Static Analysis (SARIF)	Run actions/checkout@v4	2026-04-30T14:19:51.0594551Z [command]/usr/bin/git checkout --progress --force refs/remotes/pull/1/merge
Rust Static Analysis (SARIF)	Run actions/checkout@v4	2026-04-30T14:19:51.0693670Z Note: switching to 'refs/remotes/pull/1/merge'.
Rust Static Analysis (SARIF)	Run actions/checkout@v4	2026-04-30T14:19:51.0715700Z 
Rust Static Analysis (SARIF)	Run actions/checkout@v4	2026-04-30T14:19:51.0725936Z You are in 'detached HEAD' state. You can look around, make experimental
Rust Static Analysis (SARIF)	Run actions/checkout@v4	2026-04-30T14:19:51.0727190Z changes and commit them, and you can discard any commits you make in this
Rust Static Analysis (SARIF)	Run actions/checkout@v4	2026-04-30T14:19:51.0728246Z state without impacting any branches by switching back to a branch.
Rust Static Analysis (SARIF)	Run actions/checkout@v4	2026-04-30T14:19:51.0728992Z 
Rust Static Analysis (SARIF)	Run actions/checkout@v4	2026-04-30T14:19:51.0729550Z If you want to create a new branch to retain commits you create, you may
Rust Static Analysis (SARIF)	Run actions/checkout@v4	2026-04-30T14:19:51.0730608Z do so (now or later) by using -c with the switch command. Example:
Rust Static Analysis (SARIF)	Run actions/checkout@v4	2026-04-30T14:19:51.0731722Z 
Rust Static Analysis (SARIF)	Run actions/checkout@v4	2026-04-30T14:19:51.0732173Z   git switch -c <new-branch-name>
Rust Static Analysis (SARIF)	Run actions/checkout@v4	2026-04-30T14:19:51.0737807Z 
Rust Static Analysis (SARIF)	Run actions/checkout@v4	2026-04-30T14:19:51.0738300Z Or undo this operation with:
Rust Static Analysis (SARIF)	Run actions/checkout@v4	2026-04-30T14:19:51.0738903Z 
Rust Static Analysis (SARIF)	Run actions/checkout@v4	2026-04-30T14:19:51.0739307Z   git switch -
Rust Static Analysis (SARIF)	Run actions/checkout@v4	2026-04-30T14:19:51.0739813Z 
Rust Static Analysis (SARIF)	Run actions/checkout@v4	2026-04-30T14:19:51.0740413Z Turn off this advice by setting config variable advice.detachedHead to false
Rust Static Analysis (SARIF)	Run actions/checkout@v4	2026-04-30T14:19:51.0741283Z 
Rust Static Analysis (SARIF)	Run actions/checkout@v4	2026-04-30T14:19:51.0742373Z HEAD is now at 6ec1034 Merge dab39a5ac56bec32f9592e07879e589a80d5ab5e into cdf28f205ce0adfe00bd7355be100fbe8371f70b
Rust Static Analysis (SARIF)	Run actions/checkout@v4	2026-04-30T14:19:51.0745317Z ##[endgroup]
Rust Static Analysis (SARIF)	Run actions/checkout@v4	2026-04-30T14:19:51.0769430Z [command]/usr/bin/git log -1 --format=%H
Rust Static Analysis (SARIF)	Run actions/checkout@v4	2026-04-30T14:19:51.0810328Z 6ec10343f27d82b4244a6bdb4dafdbbfe078590e
Rust Static Analysis (SARIF)	Skip if no Cargo.toml	﻿2026-04-30T14:19:51.1034900Z ##[group]Run if [ ! -f Cargo.toml ]; then
Rust Static Analysis (SARIF)	Skip if no Cargo.toml	2026-04-30T14:19:51.1035590Z ^[[36;1mif [ ! -f Cargo.toml ]; then^[[0m
Rust Static Analysis (SARIF)	Skip if no Cargo.toml	2026-04-30T14:19:51.1035993Z ^[[36;1m  echo "::notice::No Cargo.toml yet; skipping clippy SARIF."^[[0m
Rust Static Analysis (SARIF)	Skip if no Cargo.toml	2026-04-30T14:19:51.1036421Z ^[[36;1m  echo "skip=true" >> $GITHUB_OUTPUT^[[0m
Rust Static Analysis (SARIF)	Skip if no Cargo.toml	2026-04-30T14:19:51.1036743Z ^[[36;1melse^[[0m
Rust Static Analysis (SARIF)	Skip if no Cargo.toml	2026-04-30T14:19:51.1036984Z ^[[36;1m  echo "skip=false" >> $GITHUB_OUTPUT^[[0m
Rust Static Analysis (SARIF)	Skip if no Cargo.toml	2026-04-30T14:19:51.1037290Z ^[[36;1mfi^[[0m
Rust Static Analysis (SARIF)	Skip if no Cargo.toml	2026-04-30T14:19:51.1061409Z shell: /usr/bin/bash -e {0}
Rust Static Analysis (SARIF)	Skip if no Cargo.toml	2026-04-30T14:19:51.1061730Z ##[endgroup]
Rust Static Analysis (SARIF)	Setup Rust	﻿2026-04-30T14:19:51.1419501Z ##[group]Run dtolnay/rust-toolchain@stable
Rust Static Analysis (SARIF)	Setup Rust	2026-04-30T14:19:51.1419910Z with:
Rust Static Analysis (SARIF)	Setup Rust	2026-04-30T14:19:51.1420133Z   components: clippy
Rust Static Analysis (SARIF)	Setup Rust	2026-04-30T14:19:51.1420374Z   toolchain: stable
Rust Static Analysis (SARIF)	Setup Rust	2026-04-30T14:19:51.1420617Z ##[endgroup]
Rust Static Analysis (SARIF)	Setup Rust	2026-04-30T14:19:51.1540934Z ##[group]Run : parse toolchain version
Rust Static Analysis (SARIF)	Setup Rust	2026-04-30T14:19:51.1541333Z ^[[36;1m: parse toolchain version^[[0m
Rust Static Analysis (SARIF)	Setup Rust	2026-04-30T14:19:51.1541635Z ^[[36;1mif [[ -z $toolchain ]]; then^[[0m
Rust Static Analysis (SARIF)	Setup Rust	2026-04-30T14:19:51.1542215Z ^[[36;1m  # GitHub does not enforce `required: true` inputs itself. https://github.com/actions/runner/issues/1070^[[0m
Rust Static Analysis (SARIF)	Setup Rust	2026-04-30T14:19:51.1542826Z ^[[36;1m  echo "'toolchain' is a required input" >&2^[[0m
Rust Static Analysis (SARIF)	Setup Rust	2026-04-30T14:19:51.1543141Z ^[[36;1m  exit 1^[[0m
Rust Static Analysis (SARIF)	Setup Rust	2026-04-30T14:19:51.1543516Z ^[[36;1melif [[ $toolchain =~ ^stable' '[0-9]+' '(year|month|week|day)s?' 'ago$ ]]; then^[[0m
Rust Static Analysis (SARIF)	Setup Rust	2026-04-30T14:19:51.1543947Z ^[[36;1m  if [[ Linux == macOS ]]; then^[[0m
Rust Static Analysis (SARIF)	Setup Rust	2026-04-30T14:19:51.1544497Z ^[[36;1m    echo "toolchain=1.$((($(date -v-$(sed 's/stable \([0-9]*\) \(.\).*/\1\2/' <<< $toolchain) +%s)/60/60/24-16569)/7/6))" >> $GITHUB_OUTPUT^[[0m
Rust Static Analysis (SARIF)	Setup Rust	2026-04-30T14:19:51.1545079Z ^[[36;1m  else^[[0m
Rust Static Analysis (SARIF)	Setup Rust	2026-04-30T14:19:51.1545687Z ^[[36;1m    echo "toolchain=1.$((($(date --date "${toolchain#stable }" +%s)/60/60/24-16569)/7/6))" >> $GITHUB_OUTPUT^[[0m
Rust Static Analysis (SARIF)	Setup Rust	2026-04-30T14:19:51.1546175Z ^[[36;1m  fi^[[0m
Rust Static Analysis (SARIF)	Setup Rust	2026-04-30T14:19:51.1546484Z ^[[36;1melif [[ $toolchain =~ ^stable' 'minus' '[0-9]+' 'releases?$ ]]; then^[[0m
Rust Static Analysis (SARIF)	Setup Rust	2026-04-30T14:19:51.1547036Z ^[[36;1m  echo "toolchain=1.$((($(date +%s)/60/60/24-16569)/7/6-${toolchain//[^0-9]/}))" >> $GITHUB_OUTPUT^[[0m
Rust Static Analysis (SARIF)	Setup Rust	2026-04-30T14:19:51.1547514Z ^[[36;1melif [[ $toolchain =~ ^1\.[0-9]+$ ]]; then^[[0m
Rust Static Analysis (SARIF)	Setup Rust	2026-04-30T14:19:51.1548058Z ^[[36;1m  echo "toolchain=1.$((i=${toolchain#1.}, c=($(date +%s)/60/60/24-16569)/7/6, i+9*i*(10*i<=c)+90*i*(100*i<=c)))" >> $GITHUB_OUTPUT^[[0m
Rust Static Analysis (SARIF)	Setup Rust	2026-04-30T14:19:51.1548589Z ^[[36;1melse^[[0m
Rust Static Analysis (SARIF)	Setup Rust	2026-04-30T14:19:51.1548850Z ^[[36;1m  echo "toolchain=$toolchain" >> $GITHUB_OUTPUT^[[0m
Rust Static Analysis (SARIF)	Setup Rust	2026-04-30T14:19:51.1549165Z ^[[36;1mfi^[[0m
Rust Static Analysis (SARIF)	Setup Rust	2026-04-30T14:19:51.1571289Z shell: /usr/bin/bash --noprofile --norc -e -o pipefail {0}
Rust Static Analysis (SARIF)	Setup Rust	2026-04-30T14:19:51.1571692Z env:
Rust Static Analysis (SARIF)	Setup Rust	2026-04-30T14:19:51.1571898Z   toolchain: stable
Rust Static Analysis (SARIF)	Setup Rust	2026-04-30T14:19:51.1572131Z ##[endgroup]
Rust Static Analysis (SARIF)	Setup Rust	2026-04-30T14:19:51.1676542Z ##[group]Run : construct rustup command line
Rust Static Analysis (SARIF)	Setup Rust	2026-04-30T14:19:51.1676925Z ^[[36;1m: construct rustup command line^[[0m
Rust Static Analysis (SARIF)	Setup Rust	2026-04-30T14:19:51.1677418Z ^[[36;1mecho "targets=$(for t in ${targets//,/ }; do echo -n ' --target' $t; done)" >> $GITHUB_OUTPUT^[[0m
Rust Static Analysis (SARIF)	Setup Rust	2026-04-30T14:19:51.1678090Z ^[[36;1mecho "components=$(for c in ${components//,/ }; do echo -n ' --component' $c; done)" >> $GITHUB_OUTPUT^[[0m
Rust Static Analysis (SARIF)	Setup Rust	2026-04-30T14:19:51.1678615Z ^[[36;1mecho "downgrade=" >> $GITHUB_OUTPUT^[[0m
Rust Static Analysis (SARIF)	Setup Rust	2026-04-30T14:19:51.1698530Z shell: /usr/bin/bash --noprofile --norc -e -o pipefail {0}
Rust Static Analysis (SARIF)	Setup Rust	2026-04-30T14:19:51.1699075Z env:
Rust Static Analysis (SARIF)	Setup Rust	2026-04-30T14:19:51.1699273Z   targets: 
Rust Static Analysis (SARIF)	Setup Rust	2026-04-30T14:19:51.1699497Z   components: clippy
Rust Static Analysis (SARIF)	Setup Rust	2026-04-30T14:19:51.1699727Z ##[endgroup]
Rust Static Analysis (SARIF)	Setup Rust	2026-04-30T14:19:51.1822604Z ##[group]Run : set $CARGO_HOME
Rust Static Analysis (SARIF)	Setup Rust	2026-04-30T14:19:51.1823144Z ^[[36;1m: set $CARGO_HOME^[[0m
Rust Static Analysis (SARIF)	Setup Rust	2026-04-30T14:19:51.1823860Z ^[[36;1mecho CARGO_HOME=${CARGO_HOME:-"$HOME/.cargo"} >> $GITHUB_ENV^[[0m
Rust Static Analysis (SARIF)	Setup Rust	2026-04-30T14:19:51.1853994Z shell: /usr/bin/bash --noprofile --norc -e -o pipefail {0}
Rust Static Analysis (SARIF)	Setup Rust	2026-04-30T14:19:51.1854687Z ##[endgroup]
Rust Static Analysis (SARIF)	Setup Rust	2026-04-30T14:19:51.1942281Z ##[group]Run : install rustup if needed
Rust Static Analysis (SARIF)	Setup Rust	2026-04-30T14:19:51.1942675Z ^[[36;1m: install rustup if needed^[[0m
Rust Static Analysis (SARIF)	Setup Rust	2026-04-30T14:19:51.1943008Z ^[[36;1mif ! command -v rustup &>/dev/null; then^[[0m
Rust Static Analysis (SARIF)	Setup Rust	2026-04-30T14:19:51.1943805Z ^[[36;1m  curl --proto '=https' --tlsv1.2 --retry 10 --retry-connrefused --location --silent --show-error --fail https://sh.rustup.rs | sh -s -- --default-toolchain none -y^[[0m
Rust Static Analysis (SARIF)	Setup Rust	2026-04-30T14:19:51.1944571Z ^[[36;1m  echo "$CARGO_HOME/bin" >> $GITHUB_PATH^[[0m
Rust Static Analysis (SARIF)	Setup Rust	2026-04-30T14:19:51.1944887Z ^[[36;1mfi^[[0m
Rust Static Analysis (SARIF)	Setup Rust	2026-04-30T14:19:51.1964996Z shell: /usr/bin/bash --noprofile --norc -e -o pipefail {0}
Rust Static Analysis (SARIF)	Setup Rust	2026-04-30T14:19:51.1965712Z env:
Rust Static Analysis (SARIF)	Setup Rust	2026-04-30T14:19:51.1965957Z   CARGO_HOME: /home/runner/.cargo
Rust Static Analysis (SARIF)	Setup Rust	2026-04-30T14:19:51.1966240Z ##[endgroup]
Rust Static Analysis (SARIF)	Setup Rust	2026-04-30T14:19:51.2101694Z ##[group]Run rustup toolchain install stable --component clippy --profile minimal --no-self-update
Rust Static Analysis (SARIF)	Setup Rust	2026-04-30T14:19:51.2103000Z ^[[36;1mrustup toolchain install stable --component clippy --profile minimal --no-self-update^[[0m
Rust Static Analysis (SARIF)	Setup Rust	2026-04-30T14:19:51.2132788Z shell: /usr/bin/bash --noprofile --norc -e -o pipefail {0}
Rust Static Analysis (SARIF)	Setup Rust	2026-04-30T14:19:51.2133442Z env:
Rust Static Analysis (SARIF)	Setup Rust	2026-04-30T14:19:51.2133816Z   CARGO_HOME: /home/runner/.cargo
Rust Static Analysis (SARIF)	Setup Rust	2026-04-30T14:19:51.2134323Z   RUSTUP_PERMIT_COPY_RENAME: 1
Rust Static Analysis (SARIF)	Setup Rust	2026-04-30T14:19:51.2134778Z ##[endgroup]
Rust Static Analysis (SARIF)	Setup Rust	2026-04-30T14:19:51.6449607Z info: syncing channel updates for stable-x86_64-unknown-linux-gnu
Rust Static Analysis (SARIF)	Setup Rust	2026-04-30T14:19:51.8946749Z info: latest update on 2026-04-16 for version 1.95.0 (59807616e 2026-04-14)
Rust Static Analysis (SARIF)	Setup Rust	2026-04-30T14:19:51.9250885Z info: removing previous version of component clippy
Rust Static Analysis (SARIF)	Setup Rust	2026-04-30T14:19:51.9471749Z info: removing previous version of component rustfmt
Rust Static Analysis (SARIF)	Setup Rust	2026-04-30T14:19:51.9486595Z info: removing previous version of component cargo
Rust Static Analysis (SARIF)	Setup Rust	2026-04-30T14:19:51.9589058Z info: removing previous version of component rust-std
Rust Static Analysis (SARIF)	Setup Rust	2026-04-30T14:19:51.9704196Z info: removing previous version of component rustc
Rust Static Analysis (SARIF)	Setup Rust	2026-04-30T14:19:51.9820098Z info: downloading 5 components
Rust Static Analysis (SARIF)	Setup Rust	2026-04-30T14:20:01.4344133Z 
Rust Static Analysis (SARIF)	Setup Rust	2026-04-30T14:20:01.4447620Z   stable-x86_64-unknown-linux-gnu updated - rustc 1.95.0 (59807616e 2026-04-14) (from rustc 1.94.1 (e408947bf 2026-03-25))
Rust Static Analysis (SARIF)	Setup Rust	2026-04-30T14:20:01.4448370Z 
Rust Static Analysis (SARIF)	Setup Rust	2026-04-30T14:20:01.4522845Z ##[group]Run rustup default stable
Rust Static Analysis (SARIF)	Setup Rust	2026-04-30T14:20:01.4523147Z ^[[36;1mrustup default stable^[[0m
Rust Static Analysis (SARIF)	Setup Rust	2026-04-30T14:20:01.4544774Z shell: /usr/bin/bash --noprofile --norc -e -o pipefail {0}
Rust Static Analysis (SARIF)	Setup Rust	2026-04-30T14:20:01.4545103Z env:
Rust Static Analysis (SARIF)	Setup Rust	2026-04-30T14:20:01.4545287Z   CARGO_HOME: /home/runner/.cargo
Rust Static Analysis (SARIF)	Setup Rust	2026-04-30T14:20:01.4545864Z ##[endgroup]
Rust Static Analysis (SARIF)	Setup Rust	2026-04-30T14:20:01.4638175Z info: using existing install for stable-x86_64-unknown-linux-gnu
Rust Static Analysis (SARIF)	Setup Rust	2026-04-30T14:20:01.4646428Z 
Rust Static Analysis (SARIF)	Setup Rust	2026-04-30T14:20:01.4648618Z info: default toolchain set to stable-x86_64-unknown-linux-gnu
Rust Static Analysis (SARIF)	Setup Rust	2026-04-30T14:20:01.4720371Z   stable-x86_64-unknown-linux-gnu unchanged - rustc 1.95.0 (59807616e 2026-04-14)
Rust Static Analysis (SARIF)	Setup Rust	2026-04-30T14:20:01.4721326Z 
Rust Static Analysis (SARIF)	Setup Rust	2026-04-30T14:20:01.4758817Z ##[group]Run : create cachekey
Rust Static Analysis (SARIF)	Setup Rust	2026-04-30T14:20:01.4759100Z ^[[36;1m: create cachekey^[[0m
Rust Static Analysis (SARIF)	Setup Rust	2026-04-30T14:20:01.4759585Z ^[[36;1mDATE=$(rustc +stable --version --verbose | sed -ne 's/^commit-date: \(20[0-9][0-9]\)-\([01][0-9]\)-\([0-3][0-9]\)$/\1\2\3/p')^[[0m
Rust Static Analysis (SARIF)	Setup Rust	2026-04-30T14:20:01.4760253Z ^[[36;1mHASH=$(rustc +stable --version --verbose | sed -ne 's/^commit-hash: //p')^[[0m
Rust Static Analysis (SARIF)	Setup Rust	2026-04-30T14:20:01.4760744Z ^[[36;1mecho "cachekey=$(echo $DATE$HASH | head -c12)" >> $GITHUB_OUTPUT^[[0m
Rust Static Analysis (SARIF)	Setup Rust	2026-04-30T14:20:01.4782031Z shell: /usr/bin/bash --noprofile --norc -e -o pipefail {0}
Rust Static Analysis (SARIF)	Setup Rust	2026-04-30T14:20:01.4782361Z env:
Rust Static Analysis (SARIF)	Setup Rust	2026-04-30T14:20:01.4782723Z   CARGO_HOME: /home/runner/.cargo
Rust Static Analysis (SARIF)	Setup Rust	2026-04-30T14:20:01.4782962Z ##[endgroup]
Rust Static Analysis (SARIF)	Setup Rust	2026-04-30T14:20:01.5179827Z ##[group]Run : disable incremental compilation
Rust Static Analysis (SARIF)	Setup Rust	2026-04-30T14:20:01.5180467Z ^[[36;1m: disable incremental compilation^[[0m
Rust Static Analysis (SARIF)	Setup Rust	2026-04-30T14:20:01.5181024Z ^[[36;1mif [ -z "${CARGO_INCREMENTAL+set}" ]; then^[[0m
Rust Static Analysis (SARIF)	Setup Rust	2026-04-30T14:20:01.5181627Z ^[[36;1m  echo CARGO_INCREMENTAL=0 >> $GITHUB_ENV^[[0m
Rust Static Analysis (SARIF)	Setup Rust	2026-04-30T14:20:01.5182168Z ^[[36;1mfi^[[0m
Rust Static Analysis (SARIF)	Setup Rust	2026-04-30T14:20:01.5203750Z shell: /usr/bin/bash --noprofile --norc -e -o pipefail {0}
Rust Static Analysis (SARIF)	Setup Rust	2026-04-30T14:20:01.5204130Z env:
Rust Static Analysis (SARIF)	Setup Rust	2026-04-30T14:20:01.5204324Z   CARGO_HOME: /home/runner/.cargo
Rust Static Analysis (SARIF)	Setup Rust	2026-04-30T14:20:01.5204568Z ##[endgroup]
Rust Static Analysis (SARIF)	Setup Rust	2026-04-30T14:20:01.5269475Z ##[group]Run : enable colors in Cargo output
Rust Static Analysis (SARIF)	Setup Rust	2026-04-30T14:20:01.5269825Z ^[[36;1m: enable colors in Cargo output^[[0m
Rust Static Analysis (SARIF)	Setup Rust	2026-04-30T14:20:01.5270162Z ^[[36;1mif [ -z "${CARGO_TERM_COLOR+set}" ]; then^[[0m
Rust Static Analysis (SARIF)	Setup Rust	2026-04-30T14:20:01.5270487Z ^[[36;1m  echo CARGO_TERM_COLOR=always >> $GITHUB_ENV^[[0m
Rust Static Analysis (SARIF)	Setup Rust	2026-04-30T14:20:01.5270768Z ^[[36;1mfi^[[0m
Rust Static Analysis (SARIF)	Setup Rust	2026-04-30T14:20:01.5289882Z shell: /usr/bin/bash --noprofile --norc -e -o pipefail {0}
Rust Static Analysis (SARIF)	Setup Rust	2026-04-30T14:20:01.5290229Z env:
Rust Static Analysis (SARIF)	Setup Rust	2026-04-30T14:20:01.5290414Z   CARGO_HOME: /home/runner/.cargo
Rust Static Analysis (SARIF)	Setup Rust	2026-04-30T14:20:01.5290651Z   CARGO_INCREMENTAL: 0
Rust Static Analysis (SARIF)	Setup Rust	2026-04-30T14:20:01.5290853Z ##[endgroup]
Rust Static Analysis (SARIF)	Setup Rust	2026-04-30T14:20:01.5360576Z ##[group]Run : enable Cargo sparse registry
Rust Static Analysis (SARIF)	Setup Rust	2026-04-30T14:20:01.5361130Z ^[[36;1m: enable Cargo sparse registry^[[0m
Rust Static Analysis (SARIF)	Setup Rust	2026-04-30T14:20:01.5361487Z ^[[36;1m# implemented in 1.66, stabilized in 1.68, made default in 1.70^[[0m
Rust Static Analysis (SARIF)	Setup Rust	2026-04-30T14:20:01.5362192Z ^[[36;1mif [ -z "${CARGO_REGISTRIES_CRATES_IO_PROTOCOL+set}" -o -f "/home/runner/work/_temp"/.implicit_cargo_registries_crates_io_protocol ]; then^[[0m
Rust Static Analysis (SARIF)	Setup Rust	2026-04-30T14:20:01.5362923Z ^[[36;1m  if rustc +stable --version --verbose | grep -q '^release: 1\.6[89]\.'; then^[[0m
Rust Static Analysis (SARIF)	Setup Rust	2026-04-30T14:20:01.5363488Z ^[[36;1m    touch "/home/runner/work/_temp"/.implicit_cargo_registries_crates_io_protocol || true^[[0m
Rust Static Analysis (SARIF)	Setup Rust	2026-04-30T14:20:01.5364023Z ^[[36;1m    echo CARGO_REGISTRIES_CRATES_IO_PROTOCOL=sparse >> $GITHUB_ENV^[[0m
Rust Static Analysis (SARIF)	Setup Rust	2026-04-30T14:20:01.5364524Z ^[[36;1m  elif rustc +stable --version --verbose | grep -q '^release: 1\.6[67]\.'; then^[[0m
Rust Static Analysis (SARIF)	Setup Rust	2026-04-30T14:20:01.5365102Z ^[[36;1m    touch "/home/runner/work/_temp"/.implicit_cargo_registries_crates_io_protocol || true^[[0m
Rust Static Analysis (SARIF)	Setup Rust	2026-04-30T14:20:01.5366069Z ^[[36;1m    echo CARGO_REGISTRIES_CRATES_IO_PROTOCOL=git >> $GITHUB_ENV^[[0m
Rust Static Analysis (SARIF)	Setup Rust	2026-04-30T14:20:01.5366420Z ^[[36;1m  fi^[[0m
Rust Static Analysis (SARIF)	Setup Rust	2026-04-30T14:20:01.5366601Z ^[[36;1mfi^[[0m
Rust Static Analysis (SARIF)	Setup Rust	2026-04-30T14:20:01.5385881Z shell: /usr/bin/bash --noprofile --norc -e -o pipefail {0}
Rust Static Analysis (SARIF)	Setup Rust	2026-04-30T14:20:01.5386216Z env:
Rust Static Analysis (SARIF)	Setup Rust	2026-04-30T14:20:01.5386394Z   CARGO_HOME: /home/runner/.cargo
Rust Static Analysis (SARIF)	Setup Rust	2026-04-30T14:20:01.5386637Z   CARGO_INCREMENTAL: 0
Rust Static Analysis (SARIF)	Setup Rust	2026-04-30T14:20:01.5386842Z   CARGO_TERM_COLOR: always
Rust Static Analysis (SARIF)	Setup Rust	2026-04-30T14:20:01.5387045Z ##[endgroup]
Rust Static Analysis (SARIF)	Setup Rust	2026-04-30T14:20:01.5722586Z ##[group]Run : work around spurious network errors in curl 8.0
Rust Static Analysis (SARIF)	Setup Rust	2026-04-30T14:20:01.5723050Z ^[[36;1m: work around spurious network errors in curl 8.0^[[0m
Rust Static Analysis (SARIF)	Setup Rust	2026-04-30T14:20:01.5723600Z ^[[36;1m# https://rust-lang.zulipchat.com/#narrow/stream/246057-t-cargo/topic/timeout.20investigation^[[0m
Rust Static Analysis (SARIF)	Setup Rust	2026-04-30T14:20:01.5724187Z ^[[36;1mif rustc +stable --version --verbose | grep -q '^release: 1\.7[01]\.'; then^[[0m
Rust Static Analysis (SARIF)	Setup Rust	2026-04-30T14:20:01.5724631Z ^[[36;1m  echo CARGO_HTTP_MULTIPLEXING=false >> $GITHUB_ENV^[[0m
Rust Static Analysis (SARIF)	Setup Rust	2026-04-30T14:20:01.5724941Z ^[[36;1mfi^[[0m
Rust Static Analysis (SARIF)	Setup Rust	2026-04-30T14:20:01.5746108Z shell: /usr/bin/bash --noprofile --norc -e -o pipefail {0}
Rust Static Analysis (SARIF)	Setup Rust	2026-04-30T14:20:01.5746453Z env:
Rust Static Analysis (SARIF)	Setup Rust	2026-04-30T14:20:01.5746638Z   CARGO_HOME: /home/runner/.cargo
Rust Static Analysis (SARIF)	Setup Rust	2026-04-30T14:20:01.5746891Z   CARGO_INCREMENTAL: 0
Rust Static Analysis (SARIF)	Setup Rust	2026-04-30T14:20:01.5747099Z   CARGO_TERM_COLOR: always
Rust Static Analysis (SARIF)	Setup Rust	2026-04-30T14:20:01.5747316Z ##[endgroup]
Rust Static Analysis (SARIF)	Setup Rust	2026-04-30T14:20:01.5942654Z ##[group]Run rustc +stable --version --verbose
Rust Static Analysis (SARIF)	Setup Rust	2026-04-30T14:20:01.5943052Z ^[[36;1mrustc +stable --version --verbose^[[0m
Rust Static Analysis (SARIF)	Setup Rust	2026-04-30T14:20:01.5963911Z shell: /usr/bin/bash --noprofile --norc -e -o pipefail {0}
Rust Static Analysis (SARIF)	Setup Rust	2026-04-30T14:20:01.5964259Z env:
Rust Static Analysis (SARIF)	Setup Rust	2026-04-30T14:20:01.5964446Z   CARGO_HOME: /home/runner/.cargo
Rust Static Analysis (SARIF)	Setup Rust	2026-04-30T14:20:01.5964941Z   CARGO_INCREMENTAL: 0
Rust Static Analysis (SARIF)	Setup Rust	2026-04-30T14:20:01.5965143Z   CARGO_TERM_COLOR: always
Rust Static Analysis (SARIF)	Setup Rust	2026-04-30T14:20:01.5965919Z ##[endgroup]
Rust Static Analysis (SARIF)	Setup Rust	2026-04-30T14:20:01.6125778Z rustc 1.95.0 (59807616e 2026-04-14)
Rust Static Analysis (SARIF)	Setup Rust	2026-04-30T14:20:01.6127377Z binary: rustc
Rust Static Analysis (SARIF)	Setup Rust	2026-04-30T14:20:01.6128003Z commit-hash: 59807616e1fa2540724bfbac14d7976d7e4a3860
Rust Static Analysis (SARIF)	Setup Rust	2026-04-30T14:20:01.6128737Z commit-date: 2026-04-14
Rust Static Analysis (SARIF)	Setup Rust	2026-04-30T14:20:01.6129225Z host: x86_64-unknown-linux-gnu
Rust Static Analysis (SARIF)	Setup Rust	2026-04-30T14:20:01.6129882Z release: 1.95.0
Rust Static Analysis (SARIF)	Setup Rust	2026-04-30T14:20:01.6130347Z LLVM version: 22.1.2
Rust Static Analysis (SARIF)	Install SARIF tools	﻿2026-04-30T14:20:01.6202743Z ##[group]Run cargo install clippy-sarif sarif-fmt
Rust Static Analysis (SARIF)	Install SARIF tools	2026-04-30T14:20:01.6203153Z ^[[36;1mcargo install clippy-sarif sarif-fmt^[[0m
Rust Static Analysis (SARIF)	Install SARIF tools	2026-04-30T14:20:01.6223787Z shell: /usr/bin/bash -e {0}
Rust Static Analysis (SARIF)	Install SARIF tools	2026-04-30T14:20:01.6224039Z env:
Rust Static Analysis (SARIF)	Install SARIF tools	2026-04-30T14:20:01.6224220Z   CARGO_HOME: /home/runner/.cargo
Rust Static Analysis (SARIF)	Install SARIF tools	2026-04-30T14:20:01.6224476Z   CARGO_INCREMENTAL: 0
Rust Static Analysis (SARIF)	Install SARIF tools	2026-04-30T14:20:01.6224685Z   CARGO_TERM_COLOR: always
Rust Static Analysis (SARIF)	Install SARIF tools	2026-04-30T14:20:01.6224896Z ##[endgroup]
Rust Static Analysis (SARIF)	Install SARIF tools	2026-04-30T14:20:01.6513600Z ^[[1m^[[92m    Updating^[[0m crates.io index
Rust Static Analysis (SARIF)	Install SARIF tools	2026-04-30T14:20:02.0482602Z ^[[1m^[[92m Downloading^[[0m crates ...
Rust Static Analysis (SARIF)	Install SARIF tools	2026-04-30T14:20:02.3494912Z ^[[1m^[[92m  Downloaded^[[0m clippy-sarif v0.8.0
Rust Static Analysis (SARIF)	Install SARIF tools	2026-04-30T14:20:02.3644773Z ^[[1m^[[92m    Updating^[[0m crates.io index
Rust Static Analysis (SARIF)	Install SARIF tools	2026-04-30T14:20:02.7132276Z ^[[1m^[[92m Downloading^[[0m crates ...
Rust Static Analysis (SARIF)	Install SARIF tools	2026-04-30T14:20:02.7753254Z ^[[1m^[[92m  Downloaded^[[0m sarif-fmt v0.8.0
Rust Static Analysis (SARIF)	Install SARIF tools	2026-04-30T14:20:02.7901955Z ^[[1m^[[92m  Installing^[[0m clippy-sarif v0.8.0
Rust Static Analysis (SARIF)	Install SARIF tools	2026-04-30T14:20:02.8088990Z ^[[1m^[[92m    Updating^[[0m crates.io index
Rust Static Analysis (SARIF)	Install SARIF tools	2026-04-30T14:20:03.3650807Z ^[[1m^[[92m     Locking^[[0m 52 packages to latest compatible versions
Rust Static Analysis (SARIF)	Install SARIF tools	2026-04-30T14:20:03.3748801Z ^[[1m^[[92m Downloading^[[0m crates ...
Rust Static Analysis (SARIF)	Install SARIF tools	2026-04-30T14:20:03.7491009Z ^[[1m^[[92m  Downloaded^[[0m anyhow v1.0.102
Rust Static Analysis (SARIF)	Install SARIF tools	2026-04-30T14:20:03.7542786Z ^[[1m^[[92m  Downloaded^[[0m anstyle v1.0.14
Rust Static Analysis (SARIF)	Install SARIF tools	2026-04-30T14:20:03.7561057Z ^[[1m^[[92m  Downloaded^[[0m anstyle-query v1.1.5
Rust Static Analysis (SARIF)	Install SARIF tools	2026-04-30T14:20:03.7608488Z ^[[1m^[[92m  Downloaded^[[0m cargo-platform v0.1.9
Rust Static Analysis (SARIF)	Install SARIF tools	2026-04-30T14:20:03.7840926Z ^[[1m^[[92m  Downloaded^[[0m anstream v1.0.0
Rust Static Analysis (SARIF)	Install SARIF tools	2026-04-30T14:20:03.7886158Z ^[[1m^[[92m  Downloaded^[[0m colorchoice v1.0.5
Rust Static Analysis (SARIF)	Install SARIF tools	2026-04-30T14:20:03.7906034Z ^[[1m^[[92m  Downloaded^[[0m camino v1.2.2
Rust Static Analysis (SARIF)	Install SARIF tools	2026-04-30T14:20:03.7926376Z ^[[1m^[[92m  Downloaded^[[0m anstyle-parse v1.0.0
Rust Static Analysis (SARIF)	Install SARIF tools	2026-04-30T14:20:03.7946317Z ^[[1m^[[92m  Downloaded^[[0m Inflector v0.11.4
Rust Static Analysis (SARIF)	Install SARIF tools	2026-04-30T14:20:03.7987545Z ^[[1m^[[92m  Downloaded^[[0m is_terminal_polyfill v1.70.2
Rust Static Analysis (SARIF)	Install SARIF tools	2026-04-30T14:20:03.8001595Z ^[[1m^[[92m  Downloaded^[[0m serde_derive v1.0.228
Rust Static Analysis (SARIF)	Install SARIF tools	2026-04-30T14:20:03.8036851Z ^[[1m^[[92m  Downloaded^[[0m schemafy_lib v0.6.0
Rust Static Analysis (SARIF)	Install SARIF tools	2026-04-30T14:20:03.8109524Z ^[[1m^[[92m  Downloaded^[[0m itoa v1.0.18
Rust Static Analysis (SARIF)	Install SARIF tools	2026-04-30T14:20:03.8130735Z ^[[1m^[[92m  Downloaded^[[0m fnv v1.0.7
Rust Static Analysis (SARIF)	Install SARIF tools	2026-04-30T14:20:03.8167736Z ^[[1m^[[92m  Downloaded^[[0m heck v0.5.0
Rust Static Analysis (SARIF)	Install SARIF tools	2026-04-30T14:20:03.8212304Z ^[[1m^[[92m  Downloaded^[[0m thiserror v2.0.18
Rust Static Analysis (SARIF)	Install SARIF tools	2026-04-30T14:20:03.8282057Z ^[[1m^[[92m  Downloaded^[[0m utf8parse v0.2.2
Rust Static Analysis (SARIF)	Install SARIF tools	2026-04-30T14:20:03.8293038Z ^[[1m^[[92m  Downloaded^[[0m clap_lex v1.1.0
Rust Static Analysis (SARIF)	Install SARIF tools	2026-04-30T14:20:03.8304973Z ^[[1m^[[92m  Downloaded^[[0m thiserror-impl v2.0.18
Rust Static Analysis (SARIF)	Install SARIF tools	2026-04-30T14:20:03.8324305Z ^[[1m^[[92m  Downloaded^[[0m zmij v1.0.21
Rust Static Analysis (SARIF)	Install SARIF tools	2026-04-30T14:20:03.8344358Z ^[[1m^[[92m  Downloaded^[[0m lazy_static v1.5.0
Rust Static Analysis (SARIF)	Install SARIF tools	2026-04-30T14:20:03.8363148Z ^[[1m^[[92m  Downloaded^[[0m cargo_metadata v0.19.2
Rust Static Analysis (SARIF)	Install SARIF tools	2026-04-30T14:20:03.8381959Z ^[[1m^[[92m  Downloaded^[[0m serde-sarif v0.8.0
Rust Static Analysis (SARIF)	Install SARIF tools	2026-04-30T14:20:03.8404478Z ^[[1m^[[92m  Downloaded^[[0m semver v1.0.28
Rust Static Analysis (SARIF)	Install SARIF tools	2026-04-30T14:20:03.8432227Z ^[[1m^[[92m  Downloaded^[[0m typed-builder-macro v0.21.2
Rust Static Analysis (SARIF)	Install SARIF tools	2026-04-30T14:20:03.8450528Z ^[[1m^[[92m  Downloaded^[[0m unicode-ident v1.0.24
Rust Static Analysis (SARIF)	Install SARIF tools	2026-04-30T14:20:03.8478586Z ^[[1m^[[92m  Downloaded^[[0m memchr v2.8.0
Rust Static Analysis (SARIF)	Install SARIF tools	2026-04-30T14:20:03.8534363Z ^[[1m^[[92m  Downloaded^[[0m uriparse v0.6.4
Rust Static Analysis (SARIF)	Install SARIF tools	2026-04-30T14:20:03.8560620Z ^[[1m^[[92m  Downloaded^[[0m prettyplease v0.2.37
Rust Static Analysis (SARIF)	Install SARIF tools	2026-04-30T14:20:03.8597078Z ^[[1m^[[92m  Downloaded^[[0m serde_json v1.0.149
Rust Static Analysis (SARIF)	Install SARIF tools	2026-04-30T14:20:03.8672406Z ^[[1m^[[92m  Downloaded^[[0m syn v1.0.109
Rust Static Analysis (SARIF)	Install SARIF tools	2026-04-30T14:20:03.8772126Z ^[[1m^[[92m  Downloaded^[[0m clap v4.6.1
Rust Static Analysis (SARIF)	Install SARIF tools	2026-04-30T14:20:03.8869819Z ^[[1m^[[92m  Downloaded^[[0m aho-corasick v1.1.4
Rust Static Analysis (SARIF)	Install SARIF tools	2026-04-30T14:20:03.8924508Z ^[[1m^[[92m  Downloaded^[[0m serde v1.0.228
Rust Static Analysis (SARIF)	Install SARIF tools	2026-04-30T14:20:03.8959950Z ^[[1m^[[92m  Downloaded^[[0m clap_builder v4.6.0
Rust Static Analysis (SARIF)	Install SARIF tools	2026-04-30T14:20:03.9026671Z ^[[1m^[[92m  Downloaded^[[0m regex v1.12.3
Rust Static Analysis (SARIF)	Install SARIF tools	2026-04-30T14:20:03.9081766Z ^[[1m^[[92m  Downloaded^[[0m serde_core v1.0.228
Rust Static Analysis (SARIF)	Install SARIF tools	2026-04-30T14:20:03.9110502Z ^[[1m^[[92m  Downloaded^[[0m proc-macro2 v1.0.106
Rust Static Analysis (SARIF)	Install SARIF tools	2026-04-30T14:20:03.9140318Z ^[[1m^[[92m  Downloaded^[[0m syn v2.0.117
Rust Static Analysis (SARIF)	Install SARIF tools	2026-04-30T14:20:03.9242450Z ^[[1m^[[92m  Downloaded^[[0m regex-syntax v0.8.10
Rust Static Analysis (SARIF)	Install SARIF tools	2026-04-30T14:20:03.9307911Z ^[[1m^[[92m  Downloaded^[[0m typed-builder v0.21.2
Rust Static Analysis (SARIF)	Install SARIF tools	2026-04-30T14:20:03.9326657Z ^[[1m^[[92m  Downloaded^[[0m strum_macros v0.27.2
Rust Static Analysis (SARIF)	Install SARIF tools	2026-04-30T14:20:03.9354239Z ^[[1m^[[92m  Downloaded^[[0m clap_derive v4.6.1
Rust Static Analysis (SARIF)	Install SARIF tools	2026-04-30T14:20:03.9378287Z ^[[1m^[[92m  Downloaded^[[0m quote v1.0.45
Rust Static Analysis (SARIF)	Install SARIF tools	2026-04-30T14:20:03.9407386Z ^[[1m^[[92m  Downloaded^[[0m strum v0.27.2
Rust Static Analysis (SARIF)	Install SARIF tools	2026-04-30T14:20:03.9417937Z ^[[1m^[[92m  Downloaded^[[0m strsim v0.11.1
Rust Static Analysis (SARIF)	Install SARIF tools	2026-04-30T14:20:03.9431892Z ^[[1m^[[92m  Downloaded^[[0m schemafy_core v0.6.0
Rust Static Analysis (SARIF)	Install SARIF tools	2026-04-30T14:20:03.9445711Z ^[[1m^[[92m  Downloaded^[[0m regex-automata v0.4.14
Rust Static Analysis (SARIF)	Install SARIF tools	2026-04-30T14:20:03.9753948Z ^[[1m^[[92m   Compiling^[[0m proc-macro2 v1.0.106
Rust Static Analysis (SARIF)	Install SARIF tools	2026-04-30T14:20:03.9754740Z ^[[1m^[[92m   Compiling^[[0m unicode-ident v1.0.24
Rust Static Analysis (SARIF)	Install SARIF tools	2026-04-30T14:20:04.0316783Z ^[[1m^[[92m   Compiling^[[0m quote v1.0.45
Rust Static Analysis (SARIF)	Install SARIF tools	2026-04-30T14:20:04.2026824Z ^[[1m^[[92m   Compiling^[[0m serde_core v1.0.228
Rust Static Analysis (SARIF)	Install SARIF tools	2026-04-30T14:20:04.3407151Z ^[[1m^[[92m   Compiling^[[0m zmij v1.0.21
Rust Static Analysis (SARIF)	Install SARIF tools	2026-04-30T14:20:04.4557117Z ^[[1m^[[92m   Compiling^[[0m serde v1.0.228
Rust Static Analysis (SARIF)	Install SARIF tools	2026-04-30T14:20:04.5976761Z ^[[1m^[[92m   Compiling^[[0m serde_json v1.0.149
Rust Static Analysis (SARIF)	Install SARIF tools	2026-04-30T14:20:04.8156829Z ^[[1m^[[92m   Compiling^[[0m syn v2.0.117
Rust Static Analysis (SARIF)	Install SARIF tools	2026-04-30T14:20:04.8646974Z ^[[1m^[[92m   Compiling^[[0m memchr v2.8.0
Rust Static Analysis (SARIF)	Install SARIF tools	2026-04-30T14:20:09.3907074Z ^[[1m^[[92m   Compiling^[[0m serde_derive v1.0.228
Rust Static Analysis (SARIF)	Install SARIF tools	2026-04-30T14:20:10.2556792Z ^[[1m^[[92m   Compiling^[[0m aho-corasick v1.1.4
Rust Static Analysis (SARIF)	Install SARIF tools	2026-04-30T14:20:11.9137938Z ^[[1m^[[92m   Compiling^[[0m anyhow v1.0.102
Rust Static Analysis (SARIF)	Install SARIF tools	2026-04-30T14:20:12.0628895Z ^[[1m^[[92m   Compiling^[[0m regex-syntax v0.8.10
Rust Static Analysis (SARIF)	Install SARIF tools	2026-04-30T14:20:12.5926802Z ^[[1m^[[92m   Compiling^[[0m lazy_static v1.5.0
Rust Static Analysis (SARIF)	Install SARIF tools	2026-04-30T14:20:13.8931063Z ^[[1m^[[92m   Compiling^[[0m regex-automata v0.4.14
Rust Static Analysis (SARIF)	Install SARIF tools	2026-04-30T14:20:14.5196731Z ^[[1m^[[92m   Compiling^[[0m itoa v1.0.18
Rust Static Analysis (SARIF)	Install SARIF tools	2026-04-30T14:20:14.6224310Z ^[[1m^[[92m   Compiling^[[0m syn v1.0.109
Rust Static Analysis (SARIF)	Install SARIF tools	2026-04-30T14:20:16.3520616Z ^[[1m^[[92m   Compiling^[[0m regex v1.12.3
Rust Static Analysis (SARIF)	Install SARIF tools	2026-04-30T14:20:16.7222220Z ^[[1m^[[92m   Compiling^[[0m prettyplease v0.2.37
Rust Static Analysis (SARIF)	Install SARIF tools	2026-04-30T14:20:16.7951468Z ^[[1m^[[92m   Compiling^[[0m fnv v1.0.7
Rust Static Analysis (SARIF)	Install SARIF tools	2026-04-30T14:20:16.8265133Z ^[[1m^[[92m   Compiling^[[0m uriparse v0.6.4
Rust Static Analysis (SARIF)	Install SARIF tools	2026-04-30T14:20:17.0157210Z ^[[1m^[[92m   Compiling^[[0m Inflector v0.11.4
Rust Static Analysis (SARIF)	Install SARIF tools	2026-04-30T14:20:17.2768303Z ^[[1m^[[92m   Compiling^[[0m schemafy_core v0.6.0
Rust Static Analysis (SARIF)	Install SARIF tools	2026-04-30T14:20:17.9546998Z ^[[1m^[[92m   Compiling^[[0m thiserror v2.0.18
Rust Static Analysis (SARIF)	Install SARIF tools	2026-04-30T14:20:18.1276545Z ^[[1m^[[92m   Compiling^[[0m camino v1.2.2
Rust Static Analysis (SARIF)	Install SARIF tools	2026-04-30T14:20:18.2691679Z ^[[1m^[[92m   Compiling^[[0m heck v0.5.0
Rust Static Analysis (SARIF)	Install SARIF tools	2026-04-30T14:20:18.4026603Z ^[[1m^[[92m   Compiling^[[0m utf8parse v0.2.2
Rust Static Analysis (SARIF)	Install SARIF tools	2026-04-30T14:20:18.4437013Z ^[[1m^[[92m   Compiling^[[0m anstyle-parse v1.0.0
Rust Static Analysis (SARIF)	Install SARIF tools	2026-04-30T14:20:18.9447535Z ^[[1m^[[92m   Compiling^[[0m schemafy_lib v0.6.0
Rust Static Analysis (SARIF)	Install SARIF tools	2026-04-30T14:20:20.9138329Z ^[[1m^[[92m   Compiling^[[0m thiserror-impl v2.0.18
Rust Static Analysis (SARIF)	Install SARIF tools	2026-04-30T14:20:22.0290884Z ^[[1m^[[92m   Compiling^[[0m colorchoice v1.0.5
Rust Static Analysis (SARIF)	Install SARIF tools	2026-04-30T14:20:26.9896999Z ^[[1m^[[92m   Compiling^[[0m anstyle v1.0.14
Rust Static Analysis (SARIF)	Install SARIF tools	2026-04-30T14:20:27.1947309Z ^[[1m^[[92m   Compiling^[[0m is_terminal_polyfill v1.70.2
Rust Static Analysis (SARIF)	Install SARIF tools	2026-04-30T14:20:27.4327001Z ^[[1m^[[92m   Compiling^[[0m anstyle-query v1.1.5
Rust Static Analysis (SARIF)	Install SARIF tools	2026-04-30T14:20:27.4732445Z ^[[1m^[[92m   Compiling^[[0m anstream v1.0.0
Rust Static Analysis (SARIF)	Install SARIF tools	2026-04-30T14:20:31.0716650Z ^[[1m^[[92m   Compiling^[[0m serde-sarif v0.8.0
Rust Static Analysis (SARIF)	Install SARIF tools	2026-04-30T14:20:31.3666830Z ^[[1m^[[92m   Compiling^[[0m cargo-platform v0.1.9
Rust Static Analysis (SARIF)	Install SARIF tools	2026-04-30T14:20:32.4546822Z ^[[1m^[[92m   Compiling^[[0m semver v1.0.28
Rust Static Analysis (SARIF)	Install SARIF tools	2026-04-30T14:20:33.0956929Z ^[[1m^[[92m   Compiling^[[0m typed-builder-macro v0.21.2
Rust Static Analysis (SARIF)	Install SARIF tools	2026-04-30T14:20:34.3333642Z ^[[1m^[[92m   Compiling^[[0m clap_lex v1.1.0
Rust Static Analysis (SARIF)	Install SARIF tools	2026-04-30T14:20:34.6087145Z ^[[1m^[[92m   Compiling^[[0m strsim v0.11.1
Rust Static Analysis (SARIF)	Install SARIF tools	2026-04-30T14:20:35.4476724Z ^[[1m^[[92m   Compiling^[[0m clap_builder v4.6.0
Rust Static Analysis (SARIF)	Install SARIF tools	2026-04-30T14:20:44.0587064Z ^[[1m^[[92m   Compiling^[[0m typed-builder v0.21.2
Rust Static Analysis (SARIF)	Install SARIF tools	2026-04-30T14:20:45.6316982Z ^[[1m^[[92m   Compiling^[[0m cargo_metadata v0.19.2
Rust Static Analysis (SARIF)	Install SARIF tools	2026-04-30T14:20:49.1671777Z ^[[1m^[[92m   Compiling^[[0m strum_macros v0.27.2
Rust Static Analysis (SARIF)	Install SARIF tools	2026-04-30T14:20:51.0547431Z ^[[1m^[[92m   Compiling^[[0m clap_derive v4.6.1
Rust Static Analysis (SARIF)	Install SARIF tools	2026-04-30T14:20:51.8667467Z ^[[1m^[[92m   Compiling^[[0m strum v0.27.2
Rust Static Analysis (SARIF)	Install SARIF tools	2026-04-30T14:20:52.7727235Z ^[[1m^[[92m   Compiling^[[0m clap v4.6.1
Rust Static Analysis (SARIF)	Install SARIF tools	2026-04-30T14:20:55.6358605Z ^[[1m^[[92m   Compiling^[[0m clippy-sarif v0.8.0
Rust Static Analysis (SARIF)	Install SARIF tools	2026-04-30T14:21:01.3754874Z ^[[1m^[[92m    Finished^[[0m `release` profile [optimized] target(s) in 59.74s
Rust Static Analysis (SARIF)	Install SARIF tools	2026-04-30T14:21:01.3910433Z ^[[1m^[[92m  Installing^[[0m /home/runner/.cargo/bin/clippy-sarif
Rust Static Analysis (SARIF)	Install SARIF tools	2026-04-30T14:21:01.3912032Z ^[[1m^[[92m   Installed^[[0m package `clippy-sarif v0.8.0` (executable `clippy-sarif`)
Rust Static Analysis (SARIF)	Install SARIF tools	2026-04-30T14:21:01.4290643Z ^[[1m^[[92m  Installing^[[0m sarif-fmt v0.8.0
Rust Static Analysis (SARIF)	Install SARIF tools	2026-04-30T14:21:01.4466175Z ^[[1m^[[92m    Updating^[[0m crates.io index
Rust Static Analysis (SARIF)	Install SARIF tools	2026-04-30T14:21:01.6108224Z ^[[1m^[[92m     Locking^[[0m 52 packages to latest compatible versions
Rust Static Analysis (SARIF)	Install SARIF tools	2026-04-30T14:21:01.6306041Z ^[[1m^[[92m      Adding^[[0m codespan-reporting v0.12.0 ^[[1m^[[33m(available: v0.13.1)^[[0m
Rust Static Analysis (SARIF)	Install SARIF tools	2026-04-30T14:21:01.6554778Z ^[[1m^[[92m Downloading^[[0m crates ...
Rust Static Analysis (SARIF)	Install SARIF tools	2026-04-30T14:21:01.7643872Z ^[[1m^[[92m  Downloaded^[[0m codespan-reporting v0.12.0
Rust Static Analysis (SARIF)	Install SARIF tools	2026-04-30T14:21:01.7821155Z ^[[1m^[[92m  Downloaded^[[0m unicode-width v0.2.2
Rust Static Analysis (SARIF)	Install SARIF tools	2026-04-30T14:21:01.7879816Z ^[[1m^[[92m  Downloaded^[[0m termcolor v1.4.1
Rust Static Analysis (SARIF)	Install SARIF tools	2026-04-30T14:21:01.8062047Z ^[[1m^[[92m   Compiling^[[0m proc-macro2 v1.0.106
Rust Static Analysis (SARIF)	Install SARIF tools	2026-04-30T14:21:01.8072505Z ^[[1m^[[92m   Compiling^[[0m quote v1.0.45
Rust Static Analysis (SARIF)	Install SARIF tools	2026-04-30T14:21:01.9207165Z ^[[1m^[[92m   Compiling^[[0m unicode-ident v1.0.24
Rust Static Analysis (SARIF)	Install SARIF tools	2026-04-30T14:21:01.9797333Z ^[[1m^[[92m   Compiling^[[0m serde_core v1.0.228
Rust Static Analysis (SARIF)	Install SARIF tools	2026-04-30T14:21:02.1197364Z ^[[1m^[[92m   Compiling^[[0m zmij v1.0.21
Rust Static Analysis (SARIF)	Install SARIF tools	2026-04-30T14:21:02.2354023Z ^[[1m^[[92m   Compiling^[[0m memchr v2.8.0
Rust Static Analysis (SARIF)	Install SARIF tools	2026-04-30T14:21:02.7733335Z ^[[1m^[[92m   Compiling^[[0m syn v2.0.117
Rust Static Analysis (SARIF)	Install SARIF tools	2026-04-30T14:21:02.8066758Z ^[[1m^[[92m   Compiling^[[0m serde_json v1.0.149
Rust Static Analysis (SARIF)	Install SARIF tools	2026-04-30T14:21:02.8756756Z ^[[1m^[[92m   Compiling^[[0m serde v1.0.228
Rust Static Analysis (SARIF)	Install SARIF tools	2026-04-30T14:21:05.2720947Z ^[[1m^[[92m   Compiling^[[0m aho-corasick v1.1.4
Rust Static Analysis (SARIF)	Install SARIF tools	2026-04-30T14:21:06.9506536Z ^[[1m^[[92m   Compiling^[[0m anyhow v1.0.102
Rust Static Analysis (SARIF)	Install SARIF tools	2026-04-30T14:21:07.0968561Z ^[[1m^[[92m   Compiling^[[0m regex-syntax v0.8.10
Rust Static Analysis (SARIF)	Install SARIF tools	2026-04-30T14:21:07.2247596Z ^[[1m^[[92m   Compiling^[[0m serde_derive v1.0.228
Rust Static Analysis (SARIF)	Install SARIF tools	2026-04-30T14:21:09.4062602Z ^[[1m^[[92m   Compiling^[[0m regex-automata v0.4.14
Rust Static Analysis (SARIF)	Install SARIF tools	2026-04-30T14:21:10.4126784Z ^[[1m^[[92m   Compiling^[[0m itoa v1.0.18
Rust Static Analysis (SARIF)	Install SARIF tools	2026-04-30T14:21:10.5097170Z ^[[1m^[[92m   Compiling^[[0m lazy_static v1.5.0
Rust Static Analysis (SARIF)	Install SARIF tools	2026-04-30T14:21:10.5416930Z ^[[1m^[[92m   Compiling^[[0m syn v1.0.109
Rust Static Analysis (SARIF)	Install SARIF tools	2026-04-30T14:21:11.7116893Z ^[[1m^[[92m   Compiling^[[0m regex v1.12.3
Rust Static Analysis (SARIF)	Install SARIF tools	2026-04-30T14:21:12.4649493Z ^[[1m^[[92m   Compiling^[[0m fnv v1.0.7
Rust Static Analysis (SARIF)	Install SARIF tools	2026-04-30T14:21:12.4954679Z ^[[1m^[[92m   Compiling^[[0m prettyplease v0.2.37
Rust Static Analysis (SARIF)	Install SARIF tools	2026-04-30T14:21:12.5716950Z ^[[1m^[[92m   Compiling^[[0m schemafy_core v0.6.0
Rust Static Analysis (SARIF)	Install SARIF tools	2026-04-30T14:21:12.5916949Z ^[[1m^[[92m   Compiling^[[0m uriparse v0.6.4
Rust Static Analysis (SARIF)	Install SARIF tools	2026-04-30T14:21:12.6121433Z ^[[1m^[[92m   Compiling^[[0m Inflector v0.11.4
Rust Static Analysis (SARIF)	Install SARIF tools	2026-04-30T14:21:13.6862180Z ^[[1m^[[92m   Compiling^[[0m heck v0.5.0
Rust Static Analysis (SARIF)	Install SARIF tools	2026-04-30T14:21:13.8307078Z ^[[1m^[[92m   Compiling^[[0m utf8parse v0.2.2
Rust Static Analysis (SARIF)	Install SARIF tools	2026-04-30T14:21:13.8736996Z ^[[1m^[[92m   Compiling^[[0m anstyle-parse v1.0.0
Rust Static Analysis (SARIF)	Install SARIF tools	2026-04-30T14:21:15.0547747Z ^[[1m^[[92m   Compiling^[[0m schemafy_lib v0.6.0
Rust Static Analysis (SARIF)	Install SARIF tools	2026-04-30T14:21:16.6176665Z ^[[1m^[[92m   Compiling^[[0m is_terminal_polyfill v1.70.2
Rust Static Analysis (SARIF)	Install SARIF tools	2026-04-30T14:21:16.6472736Z ^[[1m^[[92m   Compiling^[[0m anstyle v1.0.14
Rust Static Analysis (SARIF)	Install SARIF tools	2026-04-30T14:21:16.8496747Z ^[[1m^[[92m   Compiling^[[0m thiserror v2.0.18
Rust Static Analysis (SARIF)	Install SARIF tools	2026-04-30T14:21:17.0236686Z ^[[1m^[[92m   Compiling^[[0m colorchoice v1.0.5
Rust Static Analysis (SARIF)	Install SARIF tools	2026-04-30T14:21:17.0387392Z ^[[1m^[[92m   Compiling^[[0m anstyle-query v1.1.5
Rust Static Analysis (SARIF)	Install SARIF tools	2026-04-30T14:21:17.0646795Z ^[[1m^[[92m   Compiling^[[0m serde-sarif v0.8.0
Rust Static Analysis (SARIF)	Install SARIF tools	2026-04-30T14:21:17.0796728Z ^[[1m^[[92m   Compiling^[[0m anstream v1.0.0
Rust Static Analysis (SARIF)	Install SARIF tools	2026-04-30T14:21:17.5667368Z ^[[1m^[[92m   Compiling^[[0m thiserror-impl v2.0.18
Rust Static Analysis (SARIF)	Install SARIF tools	2026-04-30T14:21:17.6967523Z ^[[1m^[[92m   Compiling^[[0m typed-builder-macro v0.21.2
Rust Static Analysis (SARIF)	Install SARIF tools	2026-04-30T14:21:19.0598373Z ^[[1m^[[92m   Compiling^[[0m strsim v0.11.1
Rust Static Analysis (SARIF)	Install SARIF tools	2026-04-30T14:21:19.9016987Z ^[[1m^[[92m   Compiling^[[0m clap_lex v1.1.0
Rust Static Analysis (SARIF)	Install SARIF tools	2026-04-30T14:21:20.1757270Z ^[[1m^[[92m   Compiling^[[0m clap_builder v4.6.0
Rust Static Analysis (SARIF)	Install SARIF tools	2026-04-30T14:21:22.9877173Z ^[[1m^[[92m   Compiling^[[0m typed-builder v0.21.2
Rust Static Analysis (SARIF)	Install SARIF tools	2026-04-30T14:21:23.8327263Z ^[[1m^[[92m   Compiling^[[0m clap_derive v4.6.1
Rust Static Analysis (SARIF)	Install SARIF tools	2026-04-30T14:21:25.6456829Z ^[[1m^[[92m   Compiling^[[0m strum_macros v0.27.2
Rust Static Analysis (SARIF)	Install SARIF tools	2026-04-30T14:21:27.6327219Z ^[[1m^[[92m   Compiling^[[0m termcolor v1.4.1
Rust Static Analysis (SARIF)	Install SARIF tools	2026-04-30T14:21:28.0776788Z ^[[1m^[[92m   Compiling^[[0m strum v0.27.2
Rust Static Analysis (SARIF)	Install SARIF tools	2026-04-30T14:21:28.1249950Z ^[[1m^[[92m   Compiling^[[0m unicode-width v0.2.2
Rust Static Analysis (SARIF)	Install SARIF tools	2026-04-30T14:21:28.3276906Z ^[[1m^[[92m   Compiling^[[0m codespan-reporting v0.12.0
Rust Static Analysis (SARIF)	Install SARIF tools	2026-04-30T14:21:33.5926660Z ^[[1m^[[92m   Compiling^[[0m clap v4.6.1
Rust Static Analysis (SARIF)	Install SARIF tools	2026-04-30T14:21:34.3120684Z ^[[1m^[[92m   Compiling^[[0m sarif-fmt v0.8.0
Rust Static Analysis (SARIF)	Install SARIF tools	2026-04-30T14:21:46.8753530Z ^[[1m^[[92m    Finished^[[0m `release` profile [optimized] target(s) in 1m 45s
Rust Static Analysis (SARIF)	Install SARIF tools	2026-04-30T14:21:46.8893351Z ^[[1m^[[92m  Installing^[[0m /home/runner/.cargo/bin/sarif-fmt
Rust Static Analysis (SARIF)	Install SARIF tools	2026-04-30T14:21:46.8894711Z ^[[1m^[[92m   Installed^[[0m package `sarif-fmt v0.8.0` (executable `sarif-fmt`)
Rust Static Analysis (SARIF)	Install SARIF tools	2026-04-30T14:21:46.9229149Z ^[[1m^[[92m     Summary^[[0m Successfully installed clippy-sarif, sarif-fmt!
Rust Static Analysis (SARIF)	Clippy SARIF	﻿2026-04-30T14:21:46.9312270Z ##[group]Run cargo clippy --all-targets --all-features --message-format=json | clippy-sarif | tee results.sarif | sarif-fmt
Rust Static Analysis (SARIF)	Clippy SARIF	2026-04-30T14:21:46.9313645Z ^[[36;1mcargo clippy --all-targets --all-features --message-format=json | clippy-sarif | tee results.sarif | sarif-fmt^[[0m
Rust Static Analysis (SARIF)	Clippy SARIF	2026-04-30T14:21:46.9343055Z shell: /usr/bin/bash -e {0}
Rust Static Analysis (SARIF)	Clippy SARIF	2026-04-30T14:21:46.9343296Z env:
Rust Static Analysis (SARIF)	Clippy SARIF	2026-04-30T14:21:46.9343469Z   CARGO_HOME: /home/runner/.cargo
Rust Static Analysis (SARIF)	Clippy SARIF	2026-04-30T14:21:46.9343707Z   CARGO_INCREMENTAL: 0
Rust Static Analysis (SARIF)	Clippy SARIF	2026-04-30T14:21:46.9343911Z   CARGO_TERM_COLOR: always
Rust Static Analysis (SARIF)	Clippy SARIF	2026-04-30T14:21:46.9344109Z ##[endgroup]
Rust Static Analysis (SARIF)	Clippy SARIF	2026-04-30T14:21:47.0010482Z ^[[1m^[[92m    Updating^[[0m crates.io index
Rust Static Analysis (SARIF)	Clippy SARIF	2026-04-30T14:21:47.6636643Z ^[[1m^[[92m     Locking^[[0m 138 packages to latest compatible versions
Rust Static Analysis (SARIF)	Clippy SARIF	2026-04-30T14:21:47.6796362Z ^[[1m^[[92m      Adding^[[0m prost v0.12.6 ^[[1m^[[33m(available: v0.14.3)^[[0m
Rust Static Analysis (SARIF)	Clippy SARIF	2026-04-30T14:21:47.6984276Z ^[[1m^[[92m      Adding^[[0m tonic v0.11.0 ^[[1m^[[33m(available: v0.14.5)^[[0m
Rust Static Analysis (SARIF)	Clippy SARIF	2026-04-30T14:21:47.6985698Z ^[[1m^[[92m      Adding^[[0m tonic-build v0.11.0 ^[[1m^[[33m(available: v0.14.5)^[[0m
Rust Static Analysis (SARIF)	Clippy SARIF	2026-04-30T14:21:47.7201198Z ^[[1m^[[92m Downloading^[[0m crates ...
Rust Static Analysis (SARIF)	Clippy SARIF	2026-04-30T14:21:47.7761891Z ^[[1m^[[92m  Downloaded^[[0m getrandom v0.2.17
Rust Static Analysis (SARIF)	Clippy SARIF	2026-04-30T14:21:47.7798284Z ^[[1m^[[92m  Downloaded^[[0m bitflags v1.3.2
Rust Static Analysis (SARIF)	Clippy SARIF	2026-04-30T14:21:47.7833639Z ^[[1m^[[92m  Downloaded^[[0m bitflags v2.11.1
Rust Static Analysis (SARIF)	Clippy SARIF	2026-04-30T14:21:47.7884752Z ^[[1m^[[92m  Downloaded^[[0m autocfg v1.5.0
Rust Static Analysis (SARIF)	Clippy SARIF	2026-04-30T14:21:47.7906507Z ^[[1m^[[92m  Downloaded^[[0m async-stream-impl v0.3.6
Rust Static Analysis (SARIF)	Clippy SARIF	2026-04-30T14:21:47.7932756Z ^[[1m^[[92m  Downloaded^[[0m futures-sink v0.3.32
Rust Static Analysis (SARIF)	Clippy SARIF	2026-04-30T14:21:47.7989876Z ^[[1m^[[92m  Downloaded^[[0m lock_api v0.4.14
Rust Static Analysis (SARIF)	Clippy SARIF	2026-04-30T14:21:47.8016118Z ^[[1m^[[92m  Downloaded^[[0m futures-channel v0.3.32
Rust Static Analysis (SARIF)	Clippy SARIF	2026-04-30T14:21:47.8056053Z ^[[1m^[[92m  Downloaded^[[0m percent-encoding v2.3.2
Rust Static Analysis (SARIF)	Clippy SARIF	2026-04-30T14:21:47.8096856Z ^[[1m^[[92m  Downloaded^[[0m tracing-core v0.1.36
Rust Static Analysis (SARIF)	Clippy SARIF	2026-04-30T14:21:47.8116035Z ^[[1m^[[92m  Downloaded^[[0m log v0.4.29
Rust Static Analysis (SARIF)	Clippy SARIF	2026-04-30T14:21:47.8144657Z ^[[1m^[[92m  Downloaded^[[0m tokio-io-timeout v1.2.1
Rust Static Analysis (SARIF)	Clippy SARIF	2026-04-30T14:21:47.8162362Z ^[[1m^[[92m  Downloaded^[[0m tower-layer v0.3.3
Rust Static Analysis (SARIF)	Clippy SARIF	2026-04-30T14:21:47.8173626Z ^[[1m^[[92m  Downloaded^[[0m equivalent v1.0.2
Rust Static Analysis (SARIF)	Clippy SARIF	2026-04-30T14:21:47.8185108Z ^[[1m^[[92m  Downloaded^[[0m futures-core v0.3.32
Rust Static Analysis (SARIF)	Clippy SARIF	2026-04-30T14:21:47.8200536Z ^[[1m^[[92m  Downloaded^[[0m fixedbitset v0.4.2
Rust Static Analysis (SARIF)	Clippy SARIF	2026-04-30T14:21:47.8219634Z ^[[1m^[[92m  Downloaded^[[0m tower-service v0.3.3
Rust Static Analysis (SARIF)	Clippy SARIF	2026-04-30T14:21:47.8229146Z ^[[1m^[[92m  Downloaded^[[0m fastrand v2.4.1
Rust Static Analysis (SARIF)	Clippy SARIF	2026-04-30T14:21:47.8248126Z ^[[1m^[[92m  Downloaded^[[0m sync_wrapper v0.1.2
Rust Static Analysis (SARIF)	Clippy SARIF	2026-04-30T14:21:47.8260004Z ^[[1m^[[92m  Downloaded^[[0m signal-hook-registry v1.4.8
Rust Static Analysis (SARIF)	Clippy SARIF	2026-04-30T14:21:47.8277271Z ^[[1m^[[92m  Downloaded^[[0m ppv-lite86 v0.2.21
Rust Static Analysis (SARIF)	Clippy SARIF	2026-04-30T14:21:47.8293794Z ^[[1m^[[92m  Downloaded^[[0m rand_chacha v0.3.1
Rust Static Analysis (SARIF)	Clippy SARIF	2026-04-30T14:21:47.8312099Z ^[[1m^[[92m  Downloaded^[[0m rustversion v1.0.22
Rust Static Analysis (SARIF)	Clippy SARIF	2026-04-30T14:21:47.8350169Z ^[[1m^[[92m  Downloaded^[[0m want v0.3.1
Rust Static Analysis (SARIF)	Clippy SARIF	2026-04-30T14:21:47.8363606Z ^[[1m^[[92m  Downloaded^[[0m tracing-attributes v0.1.31
Rust Static Analysis (SARIF)	Clippy SARIF	2026-04-30T14:21:47.8391209Z ^[[1m^[[92m  Downloaded^[[0m tokio-macros v2.7.0
Rust Static Analysis (SARIF)	Clippy SARIF	2026-04-30T14:21:47.8412480Z ^[[1m^[[92m  Downloaded^[[0m tokio-stream v0.1.18
Rust Static Analysis (SARIF)	Clippy SARIF	2026-04-30T14:21:47.8472561Z ^[[1m^[[92m  Downloaded^[[0m socket2 v0.5.10
Rust Static Analysis (SARIF)	Clippy SARIF	2026-04-30T14:21:47.8495041Z ^[[1m^[[92m  Downloaded^[[0m socket2 v0.6.3
Rust Static Analysis (SARIF)	Clippy SARIF	2026-04-30T14:21:47.8514244Z ^[[1m^[[92m  Downloaded^[[0m indexmap v2.14.0
Rust Static Analysis (SARIF)	Clippy SARIF	2026-04-30T14:21:47.8561627Z ^[[1m^[[92m  Downloaded^[[0m tonic v0.11.0
Rust Static Analysis (SARIF)	Clippy SARIF	2026-04-30T14:21:47.8628783Z ^[[1m^[[92m  Downloaded^[[0m tokio-util v0.7.18
Rust Static Analysis (SARIF)	Clippy SARIF	2026-04-30T14:21:47.8707535Z ^[[1m^[[92m  Downloaded^[[0m tower v0.4.13
Rust Static Analysis (SARIF)	Clippy SARIF	2026-04-30T14:21:47.8816315Z ^[[1m^[[92m  Downloaded^[[0m hashbrown v0.12.3
Rust Static Analysis (SARIF)	Clippy SARIF	2026-04-30T14:21:47.8857708Z ^[[1m^[[92m  Downloaded^[[0m itertools v0.12.1
Rust Static Analysis (SARIF)	Clippy SARIF	2026-04-30T14:21:47.8930129Z ^[[1m^[[92m  Downloaded^[[0m hashbrown v0.17.0
Rust Static Analysis (SARIF)	Clippy SARIF	2026-04-30T14:21:47.8984558Z ^[[1m^[[92m  Downloaded^[[0m futures-util v0.3.32
Rust Static Analysis (SARIF)	Clippy SARIF	2026-04-30T14:21:47.9125570Z ^[[1m^[[92m  Downloaded^[[0m hyper v0.14.32
Rust Static Analysis (SARIF)	Clippy SARIF	2026-04-30T14:21:47.9203077Z ^[[1m^[[92m  Downloaded^[[0m zerocopy v0.8.48
Rust Static Analysis (SARIF)	Clippy SARIF	2026-04-30T14:21:47.9428611Z ^[[1m^[[92m  Downloaded^[[0m mio v1.2.0
Rust Static Analysis (SARIF)	Clippy SARIF	2026-04-30T14:21:47.9491688Z ^[[1m^[[92m  Downloaded^[[0m h2 v0.3.27
Rust Static Analysis (SARIF)	Clippy SARIF	2026-04-30T14:21:47.9555645Z ^[[1m^[[92m  Downloaded^[[0m rand v0.8.6
Rust Static Analysis (SARIF)	Clippy SARIF	2026-04-30T14:21:47.9590890Z ^[[1m^[[92m  Downloaded^[[0m prost-build v0.12.6
Rust Static Analysis (SARIF)	Clippy SARIF	2026-04-30T14:21:47.9625479Z ^[[1m^[[92m  Downloaded^[[0m rustix v1.1.4
Rust Static Analysis (SARIF)	Clippy SARIF	2026-04-30T14:21:47.9917300Z ^[[1m^[[92m  Downloaded^[[0m smallvec v1.15.1
Rust Static Analysis (SARIF)	Clippy SARIF	2026-04-30T14:21:47.9943907Z ^[[1m^[[92m  Downloaded^[[0m tracing v0.1.44
Rust Static Analysis (SARIF)	Clippy SARIF	2026-04-30T14:21:48.0102931Z ^[[1m^[[92m  Downloaded^[[0m prost-types v0.12.6
Rust Static Analysis (SARIF)	Clippy SARIF	2026-04-30T14:21:48.0120011Z ^[[1m^[[92m  Downloaded^[[0m matchit v0.7.3
Rust Static Analysis (SARIF)	Clippy SARIF	2026-04-30T14:21:48.0140719Z ^[[1m^[[92m  Downloaded^[[0m indexmap v1.9.3
Rust Static Analysis (SARIF)	Clippy SARIF	2026-04-30T14:21:48.0174519Z ^[[1m^[[92m  Downloaded^[[0m httparse v1.10.1
Rust Static Analysis (SARIF)	Clippy SARIF	2026-04-30T14:21:48.0203090Z ^[[1m^[[92m  Downloaded^[[0m http v0.2.12
Rust Static Analysis (SARIF)	Clippy SARIF	2026-04-30T14:21:48.0239826Z ^[[1m^[[92m  Downloaded^[[0m bytes v1.11.1
Rust Static Analysis (SARIF)	Clippy SARIF	2026-04-30T14:21:48.0283234Z ^[[1m^[[92m  Downloaded^[[0m rand_core v0.6.4
Rust Static Analysis (SARIF)	Clippy SARIF	2026-04-30T14:21:48.0299977Z ^[[1m^[[92m  Downloaded^[[0m prost-derive v0.12.6
Rust Static Analysis (SARIF)	Clippy SARIF	2026-04-30T14:21:48.0315137Z ^[[1m^[[92m  Downloaded^[[0m tempfile v3.27.0
Rust Static Analysis (SARIF)	Clippy SARIF	2026-04-30T14:21:48.0347044Z ^[[1m^[[92m  Downloaded^[[0m scopeguard v1.2.0
Rust Static Analysis (SARIF)	Clippy SARIF	2026-04-30T14:21:48.0360671Z ^[[1m^[[92m  Downloaded^[[0m pin-project v1.1.11
Rust Static Analysis (SARIF)	Clippy SARIF	2026-04-30T14:21:48.0496434Z ^[[1m^[[92m  Downloaded^[[0m once_cell v1.21.4
Rust Static Analysis (SARIF)	Clippy SARIF	2026-04-30T14:21:48.0523163Z ^[[1m^[[92m  Downloaded^[[0m try-lock v0.2.5
Rust Static Analysis (SARIF)	Clippy SARIF	2026-04-30T14:21:48.0534103Z ^[[1m^[[92m  Downloaded^[[0m tonic-build v0.11.0
Rust Static Analysis (SARIF)	Clippy SARIF	2026-04-30T14:21:48.0548529Z ^[[1m^[[92m  Downloaded^[[0m slab v0.4.12
Rust Static Analysis (SARIF)	Clippy SARIF	2026-04-30T14:21:48.0563136Z ^[[1m^[[92m  Downloaded^[[0m tokio v1.52.1
Rust Static Analysis (SARIF)	Clippy SARIF	2026-04-30T14:21:48.1023495Z ^[[1m^[[92m  Downloaded^[[0m prost v0.12.6
Rust Static Analysis (SARIF)	Clippy SARIF	2026-04-30T14:21:48.1037825Z ^[[1m^[[92m  Downloaded^[[0m parking_lot_core v0.9.12
Rust Static Analysis (SARIF)	Clippy SARIF	2026-04-30T14:21:48.1059809Z ^[[1m^[[92m  Downloaded^[[0m parking_lot v0.12.5
Rust Static Analysis (SARIF)	Clippy SARIF	2026-04-30T14:21:48.1086576Z ^[[1m^[[92m  Downloaded^[[0m either v1.15.0
Rust Static Analysis (SARIF)	Clippy SARIF	2026-04-30T14:21:48.1101826Z ^[[1m^[[92m  Downloaded^[[0m mime v0.3.17
Rust Static Analysis (SARIF)	Clippy SARIF	2026-04-30T14:21:48.1115958Z ^[[1m^[[92m  Downloaded^[[0m http-body v0.4.6
Rust Static Analysis (SARIF)	Clippy SARIF	2026-04-30T14:21:48.1135727Z ^[[1m^[[92m  Downloaded^[[0m cfg-if v1.0.4
Rust Static Analysis (SARIF)	Clippy SARIF	2026-04-30T14:21:48.1150087Z ^[[1m^[[92m  Downloaded^[[0m pin-project-lite v0.2.17
Rust Static Analysis (SARIF)	Clippy SARIF	2026-04-30T14:21:48.1210768Z ^[[1m^[[92m  Downloaded^[[0m hyper-timeout v0.4.1
Rust Static Analysis (SARIF)	Clippy SARIF	2026-04-30T14:21:48.1224885Z ^[[1m^[[92m  Downloaded^[[0m futures-task v0.3.32
Rust Static Analysis (SARIF)	Clippy SARIF	2026-04-30T14:21:48.1238805Z ^[[1m^[[92m  Downloaded^[[0m pin-project-internal v1.1.11
Rust Static Analysis (SARIF)	Clippy SARIF	2026-04-30T14:21:48.1256239Z ^[[1m^[[92m  Downloaded^[[0m petgraph v0.6.5
Rust Static Analysis (SARIF)	Clippy SARIF	2026-04-30T14:21:48.1419632Z ^[[1m^[[92m  Downloaded^[[0m multimap v0.10.1
Rust Static Analysis (SARIF)	Clippy SARIF	2026-04-30T14:21:48.1432542Z ^[[1m^[[92m  Downloaded^[[0m httpdate v1.0.3
Rust Static Analysis (SARIF)	Clippy SARIF	2026-04-30T14:21:48.1445304Z ^[[1m^[[92m  Downloaded^[[0m getrandom v0.4.2
Rust Static Analysis (SARIF)	Clippy SARIF	2026-04-30T14:21:48.1484740Z ^[[1m^[[92m  Downloaded^[[0m errno v0.3.14
Rust Static Analysis (SARIF)	Clippy SARIF	2026-04-30T14:21:48.1501262Z ^[[1m^[[92m  Downloaded^[[0m async-stream v0.3.6
Rust Static Analysis (SARIF)	Clippy SARIF	2026-04-30T14:21:48.1523594Z ^[[1m^[[92m  Downloaded^[[0m base64 v0.21.7
Rust Static Analysis (SARIF)	Clippy SARIF	2026-04-30T14:21:48.1564570Z ^[[1m^[[92m  Downloaded^[[0m axum-core v0.3.4
Rust Static Analysis (SARIF)	Clippy SARIF	2026-04-30T14:21:48.1593985Z ^[[1m^[[92m  Downloaded^[[0m async-trait v0.1.89
Rust Static Analysis (SARIF)	Clippy SARIF	2026-04-30T14:21:48.1632415Z ^[[1m^[[92m  Downloaded^[[0m axum v0.6.20
Rust Static Analysis (SARIF)	Clippy SARIF	2026-04-30T14:21:48.1710264Z ^[[1m^[[92m  Downloaded^[[0m libc v0.2.186
Rust Static Analysis (SARIF)	Clippy SARIF	2026-04-30T14:21:48.2150368Z ^[[1m^[[92m  Downloaded^[[0m linux-raw-sys v0.12.1
Rust Static Analysis (SARIF)	Clippy SARIF	2026-04-30T14:21:48.3180555Z ^[[1m^[[92m   Compiling^[[0m proc-macro2 v1.0.106
Rust Static Analysis (SARIF)	Clippy SARIF	2026-04-30T14:21:48.3201265Z ^[[1m^[[92m   Compiling^[[0m unicode-ident v1.0.24
Rust Static Analysis (SARIF)	Clippy SARIF	2026-04-30T14:21:48.3726764Z ^[[1m^[[92m   Compiling^[[0m quote v1.0.45
Rust Static Analysis (SARIF)	Clippy SARIF	2026-04-30T14:21:48.5258179Z ^[[1m^[[92m   Compiling^[[0m libc v0.2.186
Rust Static Analysis (SARIF)	Clippy SARIF	2026-04-30T14:21:49.3357137Z ^[[1m^[[92m   Compiling^[[0m syn v2.0.117
Rust Static Analysis (SARIF)	Clippy SARIF	2026-04-30T14:21:49.6108374Z ^[[1m^[[92m    Checking^[[0m cfg-if v1.0.4
Rust Static Analysis (SARIF)	Clippy SARIF	2026-04-30T14:21:49.6317152Z ^[[1m^[[92m    Checking^[[0m pin-project-lite v0.2.17
Rust Static Analysis (SARIF)	Clippy SARIF	2026-04-30T14:21:49.6656881Z ^[[1m^[[92m    Checking^[[0m bytes v1.11.1
Rust Static Analysis (SARIF)	Clippy SARIF	2026-04-30T14:21:50.0647356Z ^[[1m^[[92m   Compiling^[[0m parking_lot_core v0.9.12
Rust Static Analysis (SARIF)	Clippy SARIF	2026-04-30T14:21:50.1917057Z ^[[1m^[[92m    Checking^[[0m scopeguard v1.2.0
Rust Static Analysis (SARIF)	Clippy SARIF	2026-04-30T14:21:50.2226574Z ^[[1m^[[92m   Compiling^[[0m anyhow v1.0.102
Rust Static Analysis (SARIF)	Clippy SARIF	2026-04-30T14:21:50.3936895Z ^[[1m^[[92m    Checking^[[0m futures-core v0.3.32
Rust Static Analysis (SARIF)	Clippy SARIF	2026-04-30T14:21:50.4499592Z ^[[1m^[[92m    Checking^[[0m smallvec v1.15.1
Rust Static Analysis (SARIF)	Clippy SARIF	2026-04-30T14:21:50.7517215Z ^[[1m^[[92m    Checking^[[0m lock_api v0.4.14
Rust Static Analysis (SARIF)	Clippy SARIF	2026-04-30T14:21:50.9067304Z ^[[1m^[[92m    Checking^[[0m errno v0.3.14
Rust Static Analysis (SARIF)	Clippy SARIF	2026-04-30T14:21:50.9617508Z ^[[1m^[[92m    Checking^[[0m signal-hook-registry v1.4.8
Rust Static Analysis (SARIF)	Clippy SARIF	2026-04-30T14:21:51.0596971Z ^[[1m^[[92m    Checking^[[0m parking_lot v0.12.5
Rust Static Analysis (SARIF)	Clippy SARIF	2026-04-30T14:21:51.1828911Z ^[[1m^[[92m    Checking^[[0m socket2 v0.6.3
Rust Static Analysis (SARIF)	Clippy SARIF	2026-04-30T14:21:51.4068363Z ^[[1m^[[92m    Checking^[[0m mio v1.2.0
Rust Static Analysis (SARIF)	Clippy SARIF	2026-04-30T14:21:51.6497365Z ^[[1m^[[92m   Compiling^[[0m either v1.15.0
Rust Static Analysis (SARIF)	Clippy SARIF	2026-04-30T14:21:51.7801931Z ^[[1m^[[92m   Compiling^[[0m itertools v0.12.1
Rust Static Analysis (SARIF)	Clippy SARIF	2026-04-30T14:21:53.2816912Z ^[[1m^[[92m    Checking^[[0m itoa v1.0.18
Rust Static Analysis (SARIF)	Clippy SARIF	2026-04-30T14:21:53.3656914Z ^[[1m^[[92m   Compiling^[[0m rustversion v1.0.22
Rust Static Analysis (SARIF)	Clippy SARIF	2026-04-30T14:21:53.5780751Z ^[[1m^[[92m   Compiling^[[0m zerocopy v0.8.48
Rust Static Analysis (SARIF)	Clippy SARIF	2026-04-30T14:21:53.8136536Z ^[[1m^[[92m    Checking^[[0m fnv v1.0.7
Rust Static Analysis (SARIF)	Clippy SARIF	2026-04-30T14:21:53.8444345Z ^[[1m^[[92m    Checking^[[0m slab v0.4.12
Rust Static Analysis (SARIF)	Clippy SARIF	2026-04-30T14:21:54.0284221Z ^[[1m^[[92m   Compiling^[[0m tokio-macros v2.7.0
Rust Static Analysis (SARIF)	Clippy SARIF	2026-04-30T14:21:54.1727424Z ^[[1m^[[92m   Compiling^[[0m prost-derive v0.12.6
Rust Static Analysis (SARIF)	Clippy SARIF	2026-04-30T14:21:54.5416521Z ^[[1m^[[92m    Checking^[[0m tokio v1.52.1
Rust Static Analysis (SARIF)	Clippy SARIF	2026-04-30T14:21:55.5576529Z ^[[1m^[[92m    Checking^[[0m once_cell v1.21.4
Rust Static Analysis (SARIF)	Clippy SARIF	2026-04-30T14:21:55.6657458Z ^[[1m^[[92m    Checking^[[0m futures-task v0.3.32
Rust Static Analysis (SARIF)	Clippy SARIF	2026-04-30T14:21:55.7326829Z ^[[1m^[[92m    Checking^[[0m futures-util v0.3.32
Rust Static Analysis (SARIF)	Clippy SARIF	2026-04-30T14:21:57.2303192Z ^[[1m^[[92m    Checking^[[0m tracing-core v0.1.36
Rust Static Analysis (SARIF)	Clippy SARIF	2026-04-30T14:21:57.5101039Z ^[[1m^[[92m   Compiling^[[0m tracing-attributes v0.1.31
Rust Static Analysis (SARIF)	Clippy SARIF	2026-04-30T14:21:58.0054717Z ^[[1m^[[92m    Checking^[[0m http v0.2.12
Rust Static Analysis (SARIF)	Clippy SARIF	2026-04-30T14:21:58.6186717Z ^[[1m^[[92m    Checking^[[0m futures-sink v0.3.32
Rust Static Analysis (SARIF)	Clippy SARIF	2026-04-30T14:21:58.6605969Z ^[[1m^[[92m   Compiling^[[0m getrandom v0.4.2
Rust Static Analysis (SARIF)	Clippy SARIF	2026-04-30T14:21:58.7736838Z ^[[1m^[[92m   Compiling^[[0m rustix v1.1.4
Rust Static Analysis (SARIF)	Clippy SARIF	2026-04-30T14:21:59.0156722Z ^[[1m^[[92m    Checking^[[0m tokio-util v0.7.18
Rust Static Analysis (SARIF)	Clippy SARIF	2026-04-30T14:21:59.0396664Z ^[[1m^[[92m    Checking^[[0m tracing v0.1.44
Rust Static Analysis (SARIF)	Clippy SARIF	2026-04-30T14:22:00.2587106Z ^[[1m^[[92m    Checking^[[0m getrandom v0.2.17
Rust Static Analysis (SARIF)	Clippy SARIF	2026-04-30T14:22:00.3667379Z ^[[1m^[[92m   Compiling^[[0m hashbrown v0.17.0
Rust Static Analysis (SARIF)	Clippy SARIF	2026-04-30T14:22:01.9039659Z ^[[1m^[[92m   Compiling^[[0m serde_core v1.0.228
Rust Static Analysis (SARIF)	Clippy SARIF	2026-04-30T14:22:02.0782214Z ^[[1m^[[92m   Compiling^[[0m equivalent v1.0.2
Rust Static Analysis (SARIF)	Clippy SARIF	2026-04-30T14:22:02.1070628Z ^[[1m^[[92m   Compiling^[[0m linux-raw-sys v0.12.1
Rust Static Analysis (SARIF)	Clippy SARIF	2026-04-30T14:22:02.4164106Z ^[[1m^[[92m    Checking^[[0m tower-service v0.3.3
Rust Static Analysis (SARIF)	Clippy SARIF	2026-04-30T14:22:02.4462573Z ^[[1m^[[92m   Compiling^[[0m httparse v1.10.1
Rust Static Analysis (SARIF)	Clippy SARIF	2026-04-30T14:22:02.6296608Z ^[[1m^[[92m   Compiling^[[0m prettyplease v0.2.37
Rust Static Analysis (SARIF)	Clippy SARIF	2026-04-30T14:22:02.6858418Z ^[[1m^[[92m   Compiling^[[0m bitflags v2.11.1
Rust Static Analysis (SARIF)	Clippy SARIF	2026-04-30T14:22:02.7176978Z ^[[1m^[[92m   Compiling^[[0m autocfg v1.5.0
Rust Static Analysis (SARIF)	Clippy SARIF	2026-04-30T14:22:02.8304232Z ^[[1m^[[92m   Compiling^[[0m regex-syntax v0.8.10
Rust Static Analysis (SARIF)	Clippy SARIF	2026-04-30T14:22:03.0226661Z ^[[1m^[[92m   Compiling^[[0m indexmap v1.9.3
Rust Static Analysis (SARIF)	Clippy SARIF	2026-04-30T14:22:04.8216712Z ^[[1m^[[92m   Compiling^[[0m regex-automata v0.4.14
Rust Static Analysis (SARIF)	Clippy SARIF	2026-04-30T14:22:04.8957101Z ^[[1m^[[92m    Checking^[[0m indexmap v2.14.0
Rust Static Analysis (SARIF)	Clippy SARIF	2026-04-30T14:22:05.4527012Z ^[[1m^[[92m    Checking^[[0m ppv-lite86 v0.2.21
Rust Static Analysis (SARIF)	Clippy SARIF	2026-04-30T14:22:06.4106902Z ^[[1m^[[92m   Compiling^[[0m prost v0.12.6
Rust Static Analysis (SARIF)	Clippy SARIF	2026-04-30T14:22:06.7873046Z ^[[1m^[[92m    Checking^[[0m rand_core v0.6.4
Rust Static Analysis (SARIF)	Clippy SARIF	2026-04-30T14:22:06.8879039Z ^[[1m^[[92m    Checking^[[0m http-body v0.4.6
Rust Static Analysis (SARIF)	Clippy SARIF	2026-04-30T14:22:07.0336769Z ^[[1m^[[92m   Compiling^[[0m fixedbitset v0.4.2
Rust Static Analysis (SARIF)	Clippy SARIF	2026-04-30T14:22:07.0746719Z ^[[1m^[[92m    Checking^[[0m try-lock v0.2.5
Rust Static Analysis (SARIF)	Clippy SARIF	2026-04-30T14:22:07.1107268Z ^[[1m^[[92m   Compiling^[[0m fastrand v2.4.1
Rust Static Analysis (SARIF)	Clippy SARIF	2026-04-30T14:22:07.1656971Z ^[[1m^[[92m   Compiling^[[0m petgraph v0.6.5
Rust Static Analysis (SARIF)	Clippy SARIF	2026-04-30T14:22:07.2556901Z ^[[1m^[[92m   Compiling^[[0m tempfile v3.27.0
Rust Static Analysis (SARIF)	Clippy SARIF	2026-04-30T14:22:07.5696831Z ^[[1m^[[92m    Checking^[[0m want v0.3.1
Rust Static Analysis (SARIF)	Clippy SARIF	2026-04-30T14:22:07.6246617Z ^[[1m^[[92m    Checking^[[0m rand_chacha v0.3.1
Rust Static Analysis (SARIF)	Clippy SARIF	2026-04-30T14:22:07.7597095Z ^[[1m^[[92m   Compiling^[[0m prost-types v0.12.6
Rust Static Analysis (SARIF)	Clippy SARIF	2026-04-30T14:22:08.9619670Z ^[[1m^[[92m   Compiling^[[0m regex v1.12.3
Rust Static Analysis (SARIF)	Clippy SARIF	2026-04-30T14:22:09.4979735Z ^[[1m^[[92m    Checking^[[0m h2 v0.3.27
Rust Static Analysis (SARIF)	Clippy SARIF	2026-04-30T14:22:11.0597038Z ^[[1m^[[92m   Compiling^[[0m axum-core v0.3.4
Rust Static Analysis (SARIF)	Clippy SARIF	2026-04-30T14:22:11.1417442Z ^[[1m^[[92m   Compiling^[[0m pin-project-internal v1.1.11
Rust Static Analysis (SARIF)	Clippy SARIF	2026-04-30T14:22:11.4907209Z ^[[1m^[[92m    Checking^[[0m futures-channel v0.3.32
Rust Static Analysis (SARIF)	Clippy SARIF	2026-04-30T14:22:11.6172003Z ^[[1m^[[92m    Checking^[[0m socket2 v0.5.10
Rust Static Analysis (SARIF)	Clippy SARIF	2026-04-30T14:22:11.8397186Z ^[[1m^[[92m    Checking^[[0m tower-layer v0.3.3
Rust Static Analysis (SARIF)	Clippy SARIF	2026-04-30T14:22:11.9441347Z ^[[1m^[[92m    Checking^[[0m hashbrown v0.12.3
Rust Static Analysis (SARIF)	Clippy SARIF	2026-04-30T14:22:12.0816627Z ^[[1m^[[92m   Compiling^[[0m heck v0.5.0
Rust Static Analysis (SARIF)	Clippy SARIF	2026-04-30T14:22:12.2347501Z ^[[1m^[[92m    Checking^[[0m httpdate v1.0.3
Rust Static Analysis (SARIF)	Clippy SARIF	2026-04-30T14:22:12.3147292Z ^[[1m^[[92m   Compiling^[[0m log v0.4.29
Rust Static Analysis (SARIF)	Clippy SARIF	2026-04-30T14:22:12.3316788Z ^[[1m^[[92m   Compiling^[[0m serde v1.0.228
Rust Static Analysis (SARIF)	Clippy SARIF	2026-04-30T14:22:12.4230848Z ^[[1m^[[92m   Compiling^[[0m multimap v0.10.1
Rust Static Analysis (SARIF)	Clippy SARIF	2026-04-30T14:22:12.5111925Z ^[[1m^[[92m   Compiling^[[0m prost-build v0.12.6
Rust Static Analysis (SARIF)	Clippy SARIF	2026-04-30T14:22:12.8046565Z ^[[1m^[[92m    Checking^[[0m hyper v0.14.32
Rust Static Analysis (SARIF)	Clippy SARIF	2026-04-30T14:22:13.5467411Z ^[[1m^[[92m    Checking^[[0m pin-project v1.1.11
Rust Static Analysis (SARIF)	Clippy SARIF	2026-04-30T14:22:13.5835946Z ^[[1m^[[92m    Checking^[[0m rand v0.8.6
Rust Static Analysis (SARIF)	Clippy SARIF	2026-04-30T14:22:14.1197300Z ^[[1m^[[92m   Compiling^[[0m axum v0.6.20
Rust Static Analysis (SARIF)	Clippy SARIF	2026-04-30T14:22:14.2036752Z ^[[1m^[[92m   Compiling^[[0m serde_derive v1.0.228
Rust Static Analysis (SARIF)	Clippy SARIF	2026-04-30T14:22:14.8976994Z ^[[1m^[[92m   Compiling^[[0m async-trait v0.1.89
Rust Static Analysis (SARIF)	Clippy SARIF	2026-04-30T14:22:15.6616098Z ^[[1m^[[92m    Checking^[[0m mime v0.3.17
Rust Static Analysis (SARIF)	Clippy SARIF	2026-04-30T14:22:15.7787177Z ^[[1m^[[92m   Compiling^[[0m zmij v1.0.21
Rust Static Analysis (SARIF)	Clippy SARIF	2026-04-30T14:22:15.9077211Z ^[[1m^[[92m    Checking^[[0m memchr v2.8.0
Rust Static Analysis (SARIF)	Clippy SARIF	2026-04-30T14:22:17.6916737Z ^[[1m^[[92m    Checking^[[0m tower v0.4.13
Rust Static Analysis (SARIF)	Clippy SARIF	2026-04-30T14:22:18.0736897Z ^[[1m^[[92m   Compiling^[[0m tonic-build v0.11.0
Rust Static Analysis (SARIF)	Clippy SARIF	2026-04-30T14:22:18.4346753Z ^[[1m^[[92m    Checking^[[0m tokio-io-timeout v1.2.1
Rust Static Analysis (SARIF)	Clippy SARIF	2026-04-30T14:22:18.5116780Z ^[[1m^[[92m   Compiling^[[0m async-stream-impl v0.3.6
Rust Static Analysis (SARIF)	Clippy SARIF	2026-04-30T14:22:18.8770800Z ^[[1m^[[92m    Checking^[[0m bitflags v1.3.2
Rust Static Analysis (SARIF)	Clippy SARIF	2026-04-30T14:22:18.9018569Z ^[[1m^[[92m    Checking^[[0m sync_wrapper v0.1.2
Rust Static Analysis (SARIF)	Clippy SARIF	2026-04-30T14:22:18.9357311Z ^[[1m^[[92m    Checking^[[0m matchit v0.7.3
Rust Static Analysis (SARIF)	Clippy SARIF	2026-04-30T14:22:19.0646580Z ^[[1m^[[92m   Compiling^[[0m serde_json v1.0.149
Rust Static Analysis (SARIF)	Clippy SARIF	2026-04-30T14:22:19.0681432Z ^[[1m^[[92m    Checking^[[0m percent-encoding v2.3.2
Rust Static Analysis (SARIF)	Clippy SARIF	2026-04-30T14:22:19.1600304Z ^[[1m^[[92m   Compiling^[[0m vtuber-image v0.1.0 (/home/runner/work/vtuber-image/vtuber-image)
Rust Static Analysis (SARIF)	Clippy SARIF	2026-04-30T14:22:19.6037176Z ^[[1m^[[92m    Checking^[[0m async-stream v0.3.6
Rust Static Analysis (SARIF)	Clippy SARIF	2026-04-30T14:22:19.6587245Z ^[[1m^[[92m    Checking^[[0m hyper-timeout v0.4.1
Rust Static Analysis (SARIF)	Clippy SARIF	2026-04-30T14:22:19.9427123Z ^[[1m^[[92m    Checking^[[0m tokio-stream v0.1.18
Rust Static Analysis (SARIF)	Clippy SARIF	2026-04-30T14:22:20.4951959Z ^[[1m^[[92m    Checking^[[0m base64 v0.21.7
Rust Static Analysis (SARIF)	Clippy SARIF	2026-04-30T14:22:21.3237345Z ^[[1m^[[91merror^[[0m: failed to run custom build command for `vtuber-image v0.1.0 (/home/runner/work/vtuber-image/vtuber-image)`
Rust Static Analysis (SARIF)	Clippy SARIF	2026-04-30T14:22:21.3238799Z 
Rust Static Analysis (SARIF)	Clippy SARIF	2026-04-30T14:22:21.3240387Z Caused by:
Rust Static Analysis (SARIF)	Clippy SARIF	2026-04-30T14:22:21.3241704Z   process didn't exit successfully: `/home/runner/work/vtuber-image/vtuber-image/target/debug/build/vtuber-image-66dccbc00ef983f2/build-script-build` (exit status: 1)
Rust Static Analysis (SARIF)	Clippy SARIF	2026-04-30T14:22:21.3243163Z   --- stdout
Rust Static Analysis (SARIF)	Clippy SARIF	2026-04-30T14:22:21.3243766Z   cargo:rerun-if-changed=proto/vtuber_image/v1/image.proto
Rust Static Analysis (SARIF)	Clippy SARIF	2026-04-30T14:22:21.3244526Z   cargo:rerun-if-changed=proto
Rust Static Analysis (SARIF)	Clippy SARIF	2026-04-30T14:22:21.3244957Z 
Rust Static Analysis (SARIF)	Clippy SARIF	2026-04-30T14:22:21.3245246Z   --- stderr
Rust Static Analysis (SARIF)	Clippy SARIF	2026-04-30T14:22:21.3248099Z   Error: Custom { kind: NotFound, error: "Could not find `protoc`. If `protoc` is installed, try setting the `PROTOC` environment variable to the path of the `protoc` binary. To install it on Debian, run `apt-get install protobuf-compiler`. It is also available at https://github.com/protocolbuffers/protobuf/releases  For more information: https://docs.rs/prost-build/#sourcing-protoc" }
Rust Static Analysis (SARIF)	Clippy SARIF	2026-04-30T14:22:21.3251211Z ^[[1m^[[33mwarning^[[0m: build failed, waiting for other jobs to finish...
Rust Static Analysis (SARIF)	Upload SARIF	﻿2026-04-30T14:22:21.9193134Z ##[group]Run github/codeql-action/upload-sarif@v3
Rust Static Analysis (SARIF)	Upload SARIF	2026-04-30T14:22:21.9193458Z with:
Rust Static Analysis (SARIF)	Upload SARIF	2026-04-30T14:22:21.9193646Z   sarif_file: results.sarif
Rust Static Analysis (SARIF)	Upload SARIF	2026-04-30T14:22:21.9193945Z   checkout_path: /home/runner/work/vtuber-image/vtuber-image
Rust Static Analysis (SARIF)	Upload SARIF	2026-04-30T14:22:21.9194391Z   token: ***
Rust Static Analysis (SARIF)	Upload SARIF	2026-04-30T14:22:21.9194570Z   matrix: null
Rust Static Analysis (SARIF)	Upload SARIF	2026-04-30T14:22:21.9194760Z   wait-for-processing: true
Rust Static Analysis (SARIF)	Upload SARIF	2026-04-30T14:22:21.9194975Z env:
Rust Static Analysis (SARIF)	Upload SARIF	2026-04-30T14:22:21.9195143Z   CARGO_HOME: /home/runner/.cargo
Rust Static Analysis (SARIF)	Upload SARIF	2026-04-30T14:22:21.9195682Z   CARGO_INCREMENTAL: 0
Rust Static Analysis (SARIF)	Upload SARIF	2026-04-30T14:22:21.9195916Z   CARGO_TERM_COLOR: always
Rust Static Analysis (SARIF)	Upload SARIF	2026-04-30T14:22:21.9196125Z ##[endgroup]
Rust Static Analysis (SARIF)	Upload SARIF	2026-04-30T14:22:22.1080464Z ##[warning]CodeQL Action v3 will be deprecated in December 2026. Please update all occurrences of the CodeQL Action in your workflow files to v4. For more information, see https://github.blog/changelog/2025-10-28-upcoming-deprecation-of-codeql-action-v3/
Rust Static Analysis (SARIF)	Upload SARIF	2026-04-30T14:22:36.7562266Z ##[warning]Failed to gather information for telemetry: Resource not accessible by integration - https://docs.github.com/rest/actions/workflow-runs#get-a-workflow-run. Will skip sending status report.
Rust Static Analysis (SARIF)	Upload SARIF	2026-04-30T14:22:36.7568218Z Post-processing sarif files: ["results.sarif"]
Rust Static Analysis (SARIF)	Upload SARIF	2026-04-30T14:22:36.7572142Z Validating results.sarif
Rust Static Analysis (SARIF)	Upload SARIF	2026-04-30T14:22:36.7690824Z Adding fingerprints to SARIF file. See https://docs.github.com/en/code-security/reference/code-scanning/sarif-support-for-code-scanning#data-for-preventing-duplicated-alerts for more information.
Rust Static Analysis (SARIF)	Upload SARIF	2026-04-30T14:22:51.3160875Z ##[error]Resource not accessible by integration - https://docs.github.com/rest/actions/workflow-runs#get-a-workflow-run
Rust Static Analysis (SARIF)	Upload SARIF	2026-04-30T14:23:05.8988934Z ##[warning]Failed to gather information for telemetry: Resource not accessible by integration - https://docs.github.com/rest/actions/workflow-runs#get-a-workflow-run. Will skip sending status report.
Rust Static Analysis (SARIF)	Post Upload SARIF	﻿2026-04-30T14:23:05.9117493Z Post job cleanup.
Rust Static Analysis (SARIF)	Post Upload SARIF	2026-04-30T14:23:06.1793649Z ##[group]Uploading combined SARIF debug artifact
Rust Static Analysis (SARIF)	Post Upload SARIF	2026-04-30T14:23:06.1796159Z ##[endgroup]
Rust Static Analysis (SARIF)	Post Run actions/checkout@v4	﻿2026-04-30T14:23:06.1968433Z Post job cleanup.
Rust Static Analysis (SARIF)	Post Run actions/checkout@v4	2026-04-30T14:23:06.3044242Z [command]/usr/bin/git version
Rust Static Analysis (SARIF)	Post Run actions/checkout@v4	2026-04-30T14:23:06.3115894Z git version 2.53.0
Rust Static Analysis (SARIF)	Post Run actions/checkout@v4	2026-04-30T14:23:06.3166894Z Temporarily overriding HOME='/home/runner/work/_temp/45eedc4d-3687-4e50-ad34-81fa493a401b' before making global git config changes
Rust Static Analysis (SARIF)	Post Run actions/checkout@v4	2026-04-30T14:23:06.3168480Z Adding repository directory to the temporary git global config as a safe directory
Rust Static Analysis (SARIF)	Post Run actions/checkout@v4	2026-04-30T14:23:06.3174959Z [command]/usr/bin/git config --global --add safe.directory /home/runner/work/vtuber-image/vtuber-image
Rust Static Analysis (SARIF)	Post Run actions/checkout@v4	2026-04-30T14:23:06.3217246Z [command]/usr/bin/git config --local --name-only --get-regexp core\.sshCommand
Rust Static Analysis (SARIF)	Post Run actions/checkout@v4	2026-04-30T14:23:06.3256332Z [command]/usr/bin/git submodule foreach --recursive sh -c "git config --local --name-only --get-regexp 'core\.sshCommand' && git config --local --unset-all 'core.sshCommand' || :"
Rust Static Analysis (SARIF)	Post Run actions/checkout@v4	2026-04-30T14:23:06.3579001Z [command]/usr/bin/git config --local --name-only --get-regexp http\.https\:\/\/github\.com\/\.extraheader
Rust Static Analysis (SARIF)	Post Run actions/checkout@v4	2026-04-30T14:23:06.3626300Z http.https://github.com/.extraheader
Rust Static Analysis (SARIF)	Post Run actions/checkout@v4	2026-04-30T14:23:06.3639575Z [command]/usr/bin/git config --local --unset-all http.https://github.com/.extraheader
Rust Static Analysis (SARIF)	Post Run actions/checkout@v4	2026-04-30T14:23:06.3688373Z [command]/usr/bin/git submodule foreach --recursive sh -c "git config --local --name-only --get-regexp 'http\.https\:\/\/github\.com\/\.extraheader' && git config --local --unset-all 'http.https://github.com/.extraheader' || :"
Rust Static Analysis (SARIF)	Post Run actions/checkout@v4	2026-04-30T14:23:06.4012007Z [command]/usr/bin/git config --local --name-only --get-regexp ^includeIf\.gitdir:
Rust Static Analysis (SARIF)	Post Run actions/checkout@v4	2026-04-30T14:23:06.4044514Z [command]/usr/bin/git submodule foreach --recursive git config --local --show-origin --name-only --get-regexp remote.origin.url
Rust Static Analysis (SARIF)	Complete job	﻿2026-04-30T14:23:06.4434365Z Cleaning up orphan processes
Rust Static Analysis (SARIF)	Complete job	2026-04-30T14:23:06.4692680Z ##[warning]Node.js 20 actions are deprecated. The following actions are running on Node.js 20 and may not work as expected: actions/checkout@v4, github/codeql-action/upload-sarif@v3. Actions will be forced to run with Node.js 24 by default starting June 2nd, 2026. Node.js 20 will be removed from the runner on September 16th, 2026. Please check if updated versions of these actions are available that support Node.js 24. To opt into Node.js 24 now, set the FORCE_JAVASCRIPT_ACTIONS_TO_NODE24=true environment variable on the runner or in your workflow file. Once Node.js 24 becomes the default, you can temporarily opt out by setting ACTIONS_ALLOW_USE_UNSECURE_NODE_VERSION=true. For more information see: https://github.blog/changelog/2025-09-19-deprecation-of-node-20-on-github-actions-runners/
Security baseline	Set up job	﻿2026-04-30T14:19:41.7290310Z Current runner version: '2.334.0'
Security baseline	Set up job	2026-04-30T14:19:41.7325857Z ##[group]Runner Image Provisioner
Security baseline	Set up job	2026-04-30T14:19:41.7327618Z Hosted Compute Agent
Security baseline	Set up job	2026-04-30T14:19:41.7328526Z Version: 20260213.493
Security baseline	Set up job	2026-04-30T14:19:41.7329417Z Commit: 5c115507f6dd24b8de37d8bbe0bb4509d0cc0fa3
Security baseline	Set up job	2026-04-30T14:19:41.7330620Z Build Date: 2026-02-13T00:28:41Z
Security baseline	Set up job	2026-04-30T14:19:41.7331703Z Worker ID: {418b6f86-90b5-4c11-8085-32cde74f80ee}
Security baseline	Set up job	2026-04-30T14:19:41.7332935Z Azure Region: westus
Security baseline	Set up job	2026-04-30T14:19:41.7333733Z ##[endgroup]
Security baseline	Set up job	2026-04-30T14:19:41.7336069Z ##[group]Operating System
Security baseline	Set up job	2026-04-30T14:19:41.7337322Z Ubuntu
Security baseline	Set up job	2026-04-30T14:19:41.7338010Z 24.04.4
Security baseline	Set up job	2026-04-30T14:19:41.7338861Z LTS
Security baseline	Set up job	2026-04-30T14:19:41.7339535Z ##[endgroup]
Security baseline	Set up job	2026-04-30T14:19:41.7340353Z ##[group]Runner Image
Security baseline	Set up job	2026-04-30T14:19:41.7341316Z Image: ubuntu-24.04
Security baseline	Set up job	2026-04-30T14:19:41.7342238Z Version: 20260413.86.1
Security baseline	Set up job	2026-04-30T14:19:41.7343973Z Included Software: https://github.com/actions/runner-images/blob/ubuntu24/20260413.86/images/ubuntu/Ubuntu2404-Readme.md
Security baseline	Set up job	2026-04-30T14:19:41.7347421Z Image Release: https://github.com/actions/runner-images/releases/tag/ubuntu24%2F20260413.86
Security baseline	Set up job	2026-04-30T14:19:41.7349060Z ##[endgroup]
Security baseline	Set up job	2026-04-30T14:19:41.7351202Z ##[group]GITHUB_TOKEN Permissions
Security baseline	Set up job	2026-04-30T14:19:41.7353828Z Contents: read
Security baseline	Set up job	2026-04-30T14:19:41.7354721Z Metadata: read
Security baseline	Set up job	2026-04-30T14:19:41.7355555Z Packages: read
Security baseline	Set up job	2026-04-30T14:19:41.7356400Z ##[endgroup]
Security baseline	Set up job	2026-04-30T14:19:41.7359955Z Secret source: Actions
Security baseline	Set up job	2026-04-30T14:19:41.7361241Z Prepare workflow directory
Security baseline	Set up job	2026-04-30T14:19:41.8039538Z Prepare all required actions
Security baseline	Set up job	2026-04-30T14:19:41.8097958Z Getting action download info
Security baseline	Set up job	2026-04-30T14:19:42.4030849Z Download action repository 'actions/checkout@v4' (SHA:34e114876b0b11c390a56381ad16ebd13914f8d5)
Security baseline	Set up job	2026-04-30T14:19:42.6269139Z Complete job name: Security baseline
Security baseline	Run actions/checkout@v4	﻿2026-04-30T14:19:42.7048293Z ##[group]Run actions/checkout@v4
Security baseline	Run actions/checkout@v4	2026-04-30T14:19:42.7049181Z with:
Security baseline	Run actions/checkout@v4	2026-04-30T14:19:42.7049606Z   repository: echo-layer/vtuber-image
Security baseline	Run actions/checkout@v4	2026-04-30T14:19:42.7050387Z   token: ***
Security baseline	Run actions/checkout@v4	2026-04-30T14:19:42.7050848Z   ssh-strict: true
Security baseline	Run actions/checkout@v4	2026-04-30T14:19:42.7051293Z   ssh-user: git
Security baseline	Run actions/checkout@v4	2026-04-30T14:19:42.7051738Z   persist-credentials: true
Security baseline	Run actions/checkout@v4	2026-04-30T14:19:42.7052525Z   clean: true
Security baseline	Run actions/checkout@v4	2026-04-30T14:19:42.7053062Z   sparse-checkout-cone-mode: true
Security baseline	Run actions/checkout@v4	2026-04-30T14:19:42.7053700Z   fetch-depth: 1
Security baseline	Run actions/checkout@v4	2026-04-30T14:19:42.7054140Z   fetch-tags: false
Security baseline	Run actions/checkout@v4	2026-04-30T14:19:42.7054577Z   show-progress: true
Security baseline	Run actions/checkout@v4	2026-04-30T14:19:42.7055025Z   lfs: false
Security baseline	Run actions/checkout@v4	2026-04-30T14:19:42.7055426Z   submodules: false
Security baseline	Run actions/checkout@v4	2026-04-30T14:19:42.7055871Z   set-safe-directory: true
Security baseline	Run actions/checkout@v4	2026-04-30T14:19:42.7056584Z ##[endgroup]
Security baseline	Run actions/checkout@v4	2026-04-30T14:19:42.8869390Z Syncing repository: echo-layer/vtuber-image
Security baseline	Run actions/checkout@v4	2026-04-30T14:19:42.8872337Z ##[group]Getting Git version info
Security baseline	Run actions/checkout@v4	2026-04-30T14:19:42.8873528Z Working directory is '/home/runner/work/vtuber-image/vtuber-image'
Security baseline	Run actions/checkout@v4	2026-04-30T14:19:42.8875275Z [command]/usr/bin/git version
Security baseline	Run actions/checkout@v4	2026-04-30T14:19:42.8876039Z git version 2.53.0
Security baseline	Run actions/checkout@v4	2026-04-30T14:19:42.8878558Z ##[endgroup]
Security baseline	Run actions/checkout@v4	2026-04-30T14:19:42.8884700Z Temporarily overriding HOME='/home/runner/work/_temp/b2cbd455-97a1-47ab-a867-bc3b98961fb0' before making global git config changes
Security baseline	Run actions/checkout@v4	2026-04-30T14:19:42.8887304Z Adding repository directory to the temporary git global config as a safe directory
Security baseline	Run actions/checkout@v4	2026-04-30T14:19:42.8889344Z [command]/usr/bin/git config --global --add safe.directory /home/runner/work/vtuber-image/vtuber-image
Security baseline	Run actions/checkout@v4	2026-04-30T14:19:42.8892132Z Deleting the contents of '/home/runner/work/vtuber-image/vtuber-image'
Security baseline	Run actions/checkout@v4	2026-04-30T14:19:42.8894463Z ##[group]Initializing the repository
Security baseline	Run actions/checkout@v4	2026-04-30T14:19:42.8895612Z [command]/usr/bin/git init /home/runner/work/vtuber-image/vtuber-image
Security baseline	Run actions/checkout@v4	2026-04-30T14:19:42.8907788Z hint: Using 'master' as the name for the initial branch. This default branch name
Security baseline	Run actions/checkout@v4	2026-04-30T14:19:42.8927363Z hint: will change to "main" in Git 3.0. To configure the initial branch name
Security baseline	Run actions/checkout@v4	2026-04-30T14:19:42.8928861Z hint: to use in all of your new repositories, which will suppress this warning,
Security baseline	Run actions/checkout@v4	2026-04-30T14:19:42.8932916Z hint: call:
Security baseline	Run actions/checkout@v4	2026-04-30T14:19:42.8935178Z hint:
Security baseline	Run actions/checkout@v4	2026-04-30T14:19:42.8943270Z hint: 	git config --global init.defaultBranch <name>
Security baseline	Run actions/checkout@v4	2026-04-30T14:19:42.8944254Z hint:
Security baseline	Run actions/checkout@v4	2026-04-30T14:19:42.8945334Z hint: Names commonly chosen instead of 'master' are 'main', 'trunk' and
Security baseline	Run actions/checkout@v4	2026-04-30T14:19:42.8946948Z hint: 'development'. The just-created branch can be renamed via this command:
Security baseline	Run actions/checkout@v4	2026-04-30T14:19:42.8948029Z hint:
Security baseline	Run actions/checkout@v4	2026-04-30T14:19:42.8948761Z hint: 	git branch -m <name>
Security baseline	Run actions/checkout@v4	2026-04-30T14:19:42.8949561Z hint:
Security baseline	Run actions/checkout@v4	2026-04-30T14:19:42.8950688Z hint: Disable this message with "git config set advice.defaultBranchName false"
Security baseline	Run actions/checkout@v4	2026-04-30T14:19:42.8952103Z Initialized empty Git repository in /home/runner/work/vtuber-image/vtuber-image/.git/
Security baseline	Run actions/checkout@v4	2026-04-30T14:19:42.8961808Z [command]/usr/bin/git remote add origin https://github.com/echo-layer/vtuber-image
Security baseline	Run actions/checkout@v4	2026-04-30T14:19:42.8964800Z ##[endgroup]
Security baseline	Run actions/checkout@v4	2026-04-30T14:19:42.8966315Z ##[group]Disabling automatic garbage collection
Security baseline	Run actions/checkout@v4	2026-04-30T14:19:42.8975718Z [command]/usr/bin/git config --local gc.auto 0
Security baseline	Run actions/checkout@v4	2026-04-30T14:19:42.8992340Z ##[endgroup]
Security baseline	Run actions/checkout@v4	2026-04-30T14:19:42.8994015Z ##[group]Setting up auth
Security baseline	Run actions/checkout@v4	2026-04-30T14:19:42.9000568Z [command]/usr/bin/git config --local --name-only --get-regexp core\.sshCommand
Security baseline	Run actions/checkout@v4	2026-04-30T14:19:42.9033740Z [command]/usr/bin/git submodule foreach --recursive sh -c "git config --local --name-only --get-regexp 'core\.sshCommand' && git config --local --unset-all 'core.sshCommand' || :"
Security baseline	Run actions/checkout@v4	2026-04-30T14:19:42.9349011Z [command]/usr/bin/git config --local --name-only --get-regexp http\.https\:\/\/github\.com\/\.extraheader
Security baseline	Run actions/checkout@v4	2026-04-30T14:19:42.9374395Z [command]/usr/bin/git submodule foreach --recursive sh -c "git config --local --name-only --get-regexp 'http\.https\:\/\/github\.com\/\.extraheader' && git config --local --unset-all 'http.https://github.com/.extraheader' || :"
Security baseline	Run actions/checkout@v4	2026-04-30T14:19:42.9753862Z [command]/usr/bin/git config --local --name-only --get-regexp ^includeIf\.gitdir:
Security baseline	Run actions/checkout@v4	2026-04-30T14:19:42.9777823Z [command]/usr/bin/git submodule foreach --recursive git config --local --show-origin --name-only --get-regexp remote.origin.url
Security baseline	Run actions/checkout@v4	2026-04-30T14:19:43.0083545Z [command]/usr/bin/git config --local http.https://github.com/.extraheader AUTHORIZATION: basic ***
Security baseline	Run actions/checkout@v4	2026-04-30T14:19:43.0098280Z ##[endgroup]
Security baseline	Run actions/checkout@v4	2026-04-30T14:19:43.0113175Z ##[group]Fetching the repository
Security baseline	Run actions/checkout@v4	2026-04-30T14:19:43.0129028Z [command]/usr/bin/git -c protocol.version=2 fetch --no-tags --prune --no-recurse-submodules --depth=1 origin +6ec10343f27d82b4244a6bdb4dafdbbfe078590e:refs/remotes/pull/1/merge
Security baseline	Run actions/checkout@v4	2026-04-30T14:19:43.4688356Z From https://github.com/echo-layer/vtuber-image
Security baseline	Run actions/checkout@v4	2026-04-30T14:19:43.4698954Z  * [new ref]         6ec10343f27d82b4244a6bdb4dafdbbfe078590e -> pull/1/merge
Security baseline	Run actions/checkout@v4	2026-04-30T14:19:43.4703320Z ##[endgroup]
Security baseline	Run actions/checkout@v4	2026-04-30T14:19:43.4705039Z ##[group]Determining the checkout info
Security baseline	Run actions/checkout@v4	2026-04-30T14:19:43.4707306Z ##[endgroup]
Security baseline	Run actions/checkout@v4	2026-04-30T14:19:43.4708667Z [command]/usr/bin/git sparse-checkout disable
Security baseline	Run actions/checkout@v4	2026-04-30T14:19:43.4773818Z [command]/usr/bin/git config --local --unset-all extensions.worktreeConfig
Security baseline	Run actions/checkout@v4	2026-04-30T14:19:43.4814639Z ##[group]Checking out the ref
Security baseline	Run actions/checkout@v4	2026-04-30T14:19:43.4816153Z [command]/usr/bin/git checkout --progress --force refs/remotes/pull/1/merge
Security baseline	Run actions/checkout@v4	2026-04-30T14:19:43.4901146Z Note: switching to 'refs/remotes/pull/1/merge'.
Security baseline	Run actions/checkout@v4	2026-04-30T14:19:43.4911994Z 
Security baseline	Run actions/checkout@v4	2026-04-30T14:19:43.4920976Z You are in 'detached HEAD' state. You can look around, make experimental
Security baseline	Run actions/checkout@v4	2026-04-30T14:19:43.4923060Z changes and commit them, and you can discard any commits you make in this
Security baseline	Run actions/checkout@v4	2026-04-30T14:19:43.4925197Z state without impacting any branches by switching back to a branch.
Security baseline	Run actions/checkout@v4	2026-04-30T14:19:43.4926560Z 
Security baseline	Run actions/checkout@v4	2026-04-30T14:19:43.4927806Z If you want to create a new branch to retain commits you create, you may
Security baseline	Run actions/checkout@v4	2026-04-30T14:19:43.4929801Z do so (now or later) by using -c with the switch command. Example:
Security baseline	Run actions/checkout@v4	2026-04-30T14:19:43.4931042Z 
Security baseline	Run actions/checkout@v4	2026-04-30T14:19:43.4931539Z   git switch -c <new-branch-name>
Security baseline	Run actions/checkout@v4	2026-04-30T14:19:43.4932391Z 
Security baseline	Run actions/checkout@v4	2026-04-30T14:19:43.4932873Z Or undo this operation with:
Security baseline	Run actions/checkout@v4	2026-04-30T14:19:43.4933629Z 
Security baseline	Run actions/checkout@v4	2026-04-30T14:19:43.4934055Z   git switch -
Security baseline	Run actions/checkout@v4	2026-04-30T14:19:43.4934854Z 
Security baseline	Run actions/checkout@v4	2026-04-30T14:19:43.4936159Z Turn off this advice by setting config variable advice.detachedHead to false
Security baseline	Run actions/checkout@v4	2026-04-30T14:19:43.4938006Z 
Security baseline	Run actions/checkout@v4	2026-04-30T14:19:43.4939583Z HEAD is now at 6ec1034 Merge dab39a5ac56bec32f9592e07879e589a80d5ab5e into cdf28f205ce0adfe00bd7355be100fbe8371f70b
Security baseline	Run actions/checkout@v4	2026-04-30T14:19:43.4948833Z ##[endgroup]
Security baseline	Run actions/checkout@v4	2026-04-30T14:19:43.4979116Z [command]/usr/bin/git log -1 --format=%H
Security baseline	Run actions/checkout@v4	2026-04-30T14:19:43.5008654Z 6ec10343f27d82b4244a6bdb4dafdbbfe078590e
Security baseline	Baseline check	﻿2026-04-30T14:19:43.5237408Z ##[group]Run echo "OK — security baseline passed. Language-specific audit jobs below run only when their manifest exists."
Security baseline	Baseline check	2026-04-30T14:19:43.5241173Z ^[[36;1mecho "OK — security baseline passed. Language-specific audit jobs below run only when their manifest exists."^[[0m
Security baseline	Baseline check	2026-04-30T14:19:43.5268309Z shell: /usr/bin/bash -e {0}
Security baseline	Baseline check	2026-04-30T14:19:43.5269093Z ##[endgroup]
Security baseline	Baseline check	2026-04-30T14:19:43.5342899Z OK — security baseline passed. Language-specific audit jobs below run only when their manifest exists.
Security baseline	Post Run actions/checkout@v4	﻿2026-04-30T14:19:43.5568266Z Post job cleanup.
Security baseline	Post Run actions/checkout@v4	2026-04-30T14:19:43.6632784Z [command]/usr/bin/git version
Security baseline	Post Run actions/checkout@v4	2026-04-30T14:19:43.6682799Z git version 2.53.0
Security baseline	Post Run actions/checkout@v4	2026-04-30T14:19:43.6730501Z Temporarily overriding HOME='/home/runner/work/_temp/7313cf87-e6bd-4e3d-9bf0-4829ae4a0532' before making global git config changes
Security baseline	Post Run actions/checkout@v4	2026-04-30T14:19:43.6735450Z Adding repository directory to the temporary git global config as a safe directory
Security baseline	Post Run actions/checkout@v4	2026-04-30T14:19:43.6739818Z [command]/usr/bin/git config --global --add safe.directory /home/runner/work/vtuber-image/vtuber-image
Security baseline	Post Run actions/checkout@v4	2026-04-30T14:19:43.6775642Z [command]/usr/bin/git config --local --name-only --get-regexp core\.sshCommand
Security baseline	Post Run actions/checkout@v4	2026-04-30T14:19:43.6815809Z [command]/usr/bin/git submodule foreach --recursive sh -c "git config --local --name-only --get-regexp 'core\.sshCommand' && git config --local --unset-all 'core.sshCommand' || :"
Security baseline	Post Run actions/checkout@v4	2026-04-30T14:19:43.7047712Z [command]/usr/bin/git config --local --name-only --get-regexp http\.https\:\/\/github\.com\/\.extraheader
Security baseline	Post Run actions/checkout@v4	2026-04-30T14:19:43.7074087Z http.https://github.com/.extraheader
Security baseline	Post Run actions/checkout@v4	2026-04-30T14:19:43.7087781Z [command]/usr/bin/git config --local --unset-all http.https://github.com/.extraheader
Security baseline	Post Run actions/checkout@v4	2026-04-30T14:19:43.7123861Z [command]/usr/bin/git submodule foreach --recursive sh -c "git config --local --name-only --get-regexp 'http\.https\:\/\/github\.com\/\.extraheader' && git config --local --unset-all 'http.https://github.com/.extraheader' || :"
Security baseline	Post Run actions/checkout@v4	2026-04-30T14:19:43.7374656Z [command]/usr/bin/git config --local --name-only --get-regexp ^includeIf\.gitdir:
Security baseline	Post Run actions/checkout@v4	2026-04-30T14:19:43.7409544Z [command]/usr/bin/git submodule foreach --recursive git config --local --show-origin --name-only --get-regexp remote.origin.url
Security baseline	Complete job	﻿2026-04-30T14:19:43.7757763Z Cleaning up orphan processes
Security baseline	Complete job	2026-04-30T14:19:43.8194653Z ##[warning]Node.js 20 actions are deprecated. The following actions are running on Node.js 20 and may not work as expected: actions/checkout@v4. Actions will be forced to run with Node.js 24 by default starting June 2nd, 2026. Node.js 20 will be removed from the runner on September 16th, 2026. Please check if updated versions of these actions are available that support Node.js 24. To opt into Node.js 24 now, set the FORCE_JAVASCRIPT_ACTIONS_TO_NODE24=true environment variable on the runner or in your workflow file. Once Node.js 24 becomes the default, you can temporarily opt out by setting ACTIONS_ALLOW_USE_UNSECURE_NODE_VERSION=true. For more information see: https://github.blog/changelog/2025-09-19-deprecation-of-node-20-on-github-actions-runners/
